[INFO:20] 2026-07-05 15:44:35,911 - preparing table raw.diagnosis.
F:\code\medical-data-quality-pipeline\src\load\load_to_raw.py - build - 38

[INFO:20] 2026-07-05 15:44:36,022 - creating table raw.diagnosis.
F:\code\medical-data-quality-pipeline\src\load\load_to_raw.py - build - 53

[INFO:20] 2026-07-05 15:44:36,133 - Table raw.diagnosis created
F:\code\medical-data-quality-pipeline\src\load\load_to_raw.py - build - 56

[INFO:20] 2026-07-05 15:44:36,133 - preparing data of raw.diagnosis table.
F:\code\medical-data-quality-pipeline\src\load\load_to_raw.py - build - 61

[INFO:20] 2026-07-05 15:44:36,133 - inserting data of raw.diagnosis table.
F:\code\medical-data-quality-pipeline\src\load\load_to_raw.py - build - 68

[INFO:20] 2026-07-05 15:44:36,180 - 	loaded 1/545 of the data.
F:\code\medical-data-quality-pipeline\src\load\load_to_raw.py - build - 73

[INFO:20] 2026-07-05 15:44:36,215 - 	loaded 2/545 of the data.
F:\code\medical-data-quality-pipeline\src\load\load_to_raw.py - build - 73

[INFO:20] 2026-07-05 15:44:36,251 - 	loaded 3/545 of the data.
F:\code\medical-data-quality-pipeline\src\load\load_to_raw.py - build - 73

[INFO:20] 2026-07-05 15:44:36,289 - 	loaded 4/545 of the data.
F:\code\medical-data-quality-pipeline\src\load\load_to_raw.py - build - 73

[INFO:20] 2026-07-05 15:44:36,328 - 	loaded 5/545 of the data.
F:\code\medical-data-quality-pipeline\src\load\load_to_raw.py - build - 73

[INFO:20] 2026-07-05 15:44:36,364 - 	loaded 6/545 of the data.
F:\code\medical-data-quality-pipeline\src\load\load_to_raw.py - build - 73

[INFO:20] 2026-07-05 15:44:36,400 - 	loaded 7/545 of the data.
F:\code\medical-data-quality-pipeline\src\load\load_to_raw.py - build - 73

[INFO:20] 2026-07-05 15:44:36,433 - 	loaded 8/545 of the data.
F:\code\medical-data-quality-pipeline\src\load\load_to_raw.py - build - 73

[INFO:20] 2026-07-05 15:44:36,470 - 	loaded 9/545 of the data.
F:\code\medical-data-quality-pipeline\src\load\load_to_raw.py - build - 73

[INFO:20] 2026-07-05 15:44:36,505 - 	loaded 10/545 of the data.
F:\code\medical-data-quality-pipeline\src\load\load_to_raw.py - build - 73

[INFO:20] 2026-07-05 15:44:36,540 - 	loaded 11/545 of the data.
F:\code\medical-data-quality-pipeline\src\load\load_to_raw.py - build - 73

[INFO:20] 2026-07-05 15:44:36,576 - 	loaded 12/545 of the data.
F:\code\medical-data-quality-pipeline\src\load\load_to_raw.py - build - 73

[INFO:20] 2026-07-05 15:44:36,611 - 	loaded 13/545 of the data.
F:\code\medical-data-quality-pipeline\src\load\load_to_raw.py - build - 73

[INFO:20] 2026-07-05 15:44:36,647 - 	loaded 14/545 of the data.
F:\code\medical-data-quality-pipeline\src\load\load_to_raw.py - build - 73

[INFO:20] 2026-07-05 15:44:36,812 - 	loaded 15/545 of the data.
F:\code\medical-data-quality-pipeline\src\load\load_to_raw.py - build - 73

[INFO:20] 2026-07-05 15:44:36,953 - 	loaded 16/545 of the data.
F:\code\medical-data-quality-pipeline\src\load\load_to_raw.py - build - 73

[INFO:20] 2026-07-05 15:44:36,987 - 	loaded 17/545 of the data.
F:\code\medical-data-quality-pipeline\src\load\load_to_raw.py - build - 73

[INFO:20] 2026-07-05 15:44:37,025 - 	loaded 18/545 of the data.
F:\code\medical-data-quality-pipeline\src\load\load_to_raw.py - build - 73

[INFO:20] 2026-07-05 15:44:37,061 - 	loaded 19/545 of the data.
F:\code\medical-data-quality-pipeline\src\load\load_to_raw.py - build - 73

[INFO:20] 2026-07-05 15:44:37,097 - 	loaded 20/545 of the data.
F:\code\medical-data-quality-pipeline\src\load\load_to_raw.py - build - 73

[INFO:20] 2026-07-05 15:44:37,129 - 	loaded 21/545 of the data.
F:\code\medical-data-quality-pipeline\src\load\load_to_raw.py - build - 73

[INFO:20] 2026-07-05 15:44:37,166 - 	loaded 22/545 of the data.
F:\code\medical-data-quality-pipeline\src\load\load_to_raw.py - build - 73

[INFO:20] 2026-07-05 15:44:37,202 - 	loaded 23/545 of the data.
F:\code\medical-data-quality-pipeline\src\load\load_to_raw.py - build - 73

[INFO:20] 2026-07-05 15:44:37,349 - 	loaded 24/545 of the data.
F:\code\medical-data-quality-pipeline\src\load\load_to_raw.py - build - 73

[INFO:20] 2026-07-05 15:44:37,493 - 	loaded 25/545 of the data.
F:\code\medical-data-quality-pipeline\src\load\load_to_raw.py - build - 73

[INFO:20] 2026-07-05 15:44:37,533 - 	loaded 26/545 of the data.
F:\code\medical-data-quality-pipeline\src\load\load_to_raw.py - build - 73

[INFO:20] 2026-07-05 15:44:37,571 - 	loaded 27/545 of the data.
F:\code\medical-data-quality-pipeline\src\load\load_to_raw.py - build - 73

[INFO:20] 2026-07-05 15:44:37,607 - 	loaded 28/545 of the data.
F:\code\medical-data-quality-pipeline\src\load\load_to_raw.py - build - 73

[INFO:20] 2026-07-05 15:44:37,641 - 	loaded 29/545 of the data.
F:\code\medical-data-quality-pipeline\src\load\load_to_raw.py - build - 73

[INFO:20] 2026-07-05 15:44:37,674 - 	loaded 30/545 of the data.
F:\code\medical-data-quality-pipeline\src\load\load_to_raw.py - build - 73

[INFO:20] 2026-07-05 15:44:37,708 - 	loaded 31/545 of the data.
F:\code\medical-data-quality-pipeline\src\load\load_to_raw.py - build - 73

[INFO:20] 2026-07-05 15:44:37,857 - 	loaded 32/545 of the data.
F:\code\medical-data-quality-pipeline\src\load\load_to_raw.py - build - 73

[INFO:20] 2026-07-05 15:44:37,890 - 	loaded 33/545 of the data.
F:\code\medical-data-quality-pipeline\src\load\load_to_raw.py - build - 73

[INFO:20] 2026-07-05 15:44:37,923 - 	loaded 34/545 of the data.
F:\code\medical-data-quality-pipeline\src\load\load_to_raw.py - build - 73

[INFO:20] 2026-07-05 15:44:37,956 - 	loaded 35/545 of the data.
F:\code\medical-data-quality-pipeline\src\load\load_to_raw.py - build - 73

[INFO:20] 2026-07-05 15:44:37,989 - 	loaded 36/545 of the data.
F:\code\medical-data-quality-pipeline\src\load\load_to_raw.py - build - 73

[INFO:20] 2026-07-05 15:44:38,023 - 	loaded 37/545 of the data.
F:\code\medical-data-quality-pipeline\src\load\load_to_raw.py - build - 73

[INFO:20] 2026-07-05 15:44:38,056 - 	loaded 38/545 of the data.
F:\code\medical-data-quality-pipeline\src\load\load_to_raw.py - build - 73

[INFO:20] 2026-07-05 15:44:38,100 - 	loaded 39/545 of the data.
F:\code\medical-data-quality-pipeline\src\load\load_to_raw.py - build - 73

[INFO:20] 2026-07-05 15:44:38,136 - 	loaded 40/545 of the data.
F:\code\medical-data-quality-pipeline\src\load\load_to_raw.py - build - 73

[INFO:20] 2026-07-05 15:44:38,289 - 	loaded 41/545 of the data.
F:\code\medical-data-quality-pipeline\src\load\load_to_raw.py - build - 73

[INFO:20] 2026-07-05 15:44:38,322 - 	loaded 42/545 of the data.
F:\code\medical-data-quality-pipeline\src\load\load_to_raw.py - build - 73

[INFO:20] 2026-07-05 15:44:38,354 - 	loaded 43/545 of the data.
F:\code\medical-data-quality-pipeline\src\load\load_to_raw.py - build - 73

[INFO:20] 2026-07-05 15:44:38,387 - 	loaded 44/545 of the data.
F:\code\medical-data-quality-pipeline\src\load\load_to_raw.py - build - 73

[INFO:20] 2026-07-05 15:44:38,422 - 	loaded 45/545 of the data.
F:\code\medical-data-quality-pipeline\src\load\load_to_raw.py - build - 73

[INFO:20] 2026-07-05 15:44:38,456 - 	loaded 46/545 of the data.
F:\code\medical-data-quality-pipeline\src\load\load_to_raw.py - build - 73

[INFO:20] 2026-07-05 15:44:38,490 - 	loaded 47/545 of the data.
F:\code\medical-data-quality-pipeline\src\load\load_to_raw.py - build - 73

[INFO:20] 2026-07-05 15:44:38,640 - 	loaded 48/545 of the data.
F:\code\medical-data-quality-pipeline\src\load\load_to_raw.py - build - 73

[INFO:20] 2026-07-05 15:44:38,679 - 	loaded 49/545 of the data.
F:\code\medical-data-quality-pipeline\src\load\load_to_raw.py - build - 73

[INFO:20] 2026-07-05 15:44:38,716 - 	loaded 50/545 of the data.
F:\code\medical-data-quality-pipeline\src\load\load_to_raw.py - build - 73

[INFO:20] 2026-07-05 15:44:38,747 - 	loaded 51/545 of the data.
F:\code\medical-data-quality-pipeline\src\load\load_to_raw.py - build - 73

[INFO:20] 2026-07-05 15:44:38,781 - 	loaded 52/545 of the data.
F:\code\medical-data-quality-pipeline\src\load\load_to_raw.py - build - 73

[INFO:20] 2026-07-05 15:44:38,813 - 	loaded 53/545 of the data.
F:\code\medical-data-quality-pipeline\src\load\load_to_raw.py - build - 73

[INFO:20] 2026-07-05 15:44:38,961 - 	loaded 54/545 of the data.
F:\code\medical-data-quality-pipeline\src\load\load_to_raw.py - build - 73

[INFO:20] 2026-07-05 15:44:38,994 - 	loaded 55/545 of the data.
F:\code\medical-data-quality-pipeline\src\load\load_to_raw.py - build - 73

[INFO:20] 2026-07-05 15:44:39,026 - 	loaded 56/545 of the data.
F:\code\medical-data-quality-pipeline\src\load\load_to_raw.py - build - 73

[INFO:20] 2026-07-05 15:44:39,059 - 	loaded 57/545 of the data.
F:\code\medical-data-quality-pipeline\src\load\load_to_raw.py - build - 73

[INFO:20] 2026-07-05 15:44:39,092 - 	loaded 58/545 of the data.
F:\code\medical-data-quality-pipeline\src\load\load_to_raw.py - build - 73

[INFO:20] 2026-07-05 15:44:39,235 - 	loaded 59/545 of the data.
F:\code\medical-data-quality-pipeline\src\load\load_to_raw.py - build - 73

[INFO:20] 2026-07-05 15:44:39,265 - 	loaded 60/545 of the data.
F:\code\medical-data-quality-pipeline\src\load\load_to_raw.py - build - 73

[INFO:20] 2026-07-05 15:44:39,296 - 	loaded 61/545 of the data.
F:\code\medical-data-quality-pipeline\src\load\load_to_raw.py - build - 73

[INFO:20] 2026-07-05 15:44:39,330 - 	loaded 62/545 of the data.
F:\code\medical-data-quality-pipeline\src\load\load_to_raw.py - build - 73

[INFO:20] 2026-07-05 15:44:39,364 - 	loaded 63/545 of the data.
F:\code\medical-data-quality-pipeline\src\load\load_to_raw.py - build - 73

[INFO:20] 2026-07-05 15:44:39,397 - 	loaded 64/545 of the data.
F:\code\medical-data-quality-pipeline\src\load\load_to_raw.py - build - 73

[INFO:20] 2026-07-05 15:44:39,431 - 	loaded 65/545 of the data.
F:\code\medical-data-quality-pipeline\src\load\load_to_raw.py - build - 73

[INFO:20] 2026-07-05 15:44:39,591 - 	loaded 66/545 of the data.
F:\code\medical-data-quality-pipeline\src\load\load_to_raw.py - build - 73

[INFO:20] 2026-07-05 15:44:39,627 - 	loaded 67/545 of the data.
F:\code\medical-data-quality-pipeline\src\load\load_to_raw.py - build - 73

[INFO:20] 2026-07-05 15:44:39,773 - 	loaded 68/545 of the data.
F:\code\medical-data-quality-pipeline\src\load\load_to_raw.py - build - 73

[INFO:20] 2026-07-05 15:44:39,812 - 	loaded 69/545 of the data.
F:\code\medical-data-quality-pipeline\src\load\load_to_raw.py - build - 73

[INFO:20] 2026-07-05 15:44:39,852 - 	loaded 70/545 of the data.
F:\code\medical-data-quality-pipeline\src\load\load_to_raw.py - build - 73

[INFO:20] 2026-07-05 15:44:39,886 - 	loaded 71/545 of the data.
F:\code\medical-data-quality-pipeline\src\load\load_to_raw.py - build - 73

[INFO:20] 2026-07-05 15:44:40,030 - 	loaded 72/545 of the data.
F:\code\medical-data-quality-pipeline\src\load\load_to_raw.py - build - 73

[INFO:20] 2026-07-05 15:44:40,086 - 	loaded 73/545 of the data.
F:\code\medical-data-quality-pipeline\src\load\load_to_raw.py - build - 73

[INFO:20] 2026-07-05 15:44:40,127 - 	loaded 74/545 of the data.
F:\code\medical-data-quality-pipeline\src\load\load_to_raw.py - build - 73

[INFO:20] 2026-07-05 15:44:40,161 - 	loaded 75/545 of the data.
F:\code\medical-data-quality-pipeline\src\load\load_to_raw.py - build - 73

[INFO:20] 2026-07-05 15:44:40,313 - 	loaded 76/545 of the data.
F:\code\medical-data-quality-pipeline\src\load\load_to_raw.py - build - 73

[INFO:20] 2026-07-05 15:44:40,349 - 	loaded 77/545 of the data.
F:\code\medical-data-quality-pipeline\src\load\load_to_raw.py - build - 73

[INFO:20] 2026-07-05 15:44:40,503 - 	loaded 78/545 of the data.
F:\code\medical-data-quality-pipeline\src\load\load_to_raw.py - build - 73

[INFO:20] 2026-07-05 15:44:40,550 - 	loaded 79/545 of the data.
F:\code\medical-data-quality-pipeline\src\load\load_to_raw.py - build - 73

[INFO:20] 2026-07-05 15:44:40,589 - 	loaded 80/545 of the data.
F:\code\medical-data-quality-pipeline\src\load\load_to_raw.py - build - 73

[INFO:20] 2026-07-05 15:44:40,629 - 	loaded 81/545 of the data.
F:\code\medical-data-quality-pipeline\src\load\load_to_raw.py - build - 73

[INFO:20] 2026-07-05 15:44:40,788 - 	loaded 82/545 of the data.
F:\code\medical-data-quality-pipeline\src\load\load_to_raw.py - build - 73

[INFO:20] 2026-07-05 15:44:40,831 - 	loaded 83/545 of the data.
F:\code\medical-data-quality-pipeline\src\load\load_to_raw.py - build - 73

[INFO:20] 2026-07-05 15:44:40,878 - 	loaded 84/545 of the data.
F:\code\medical-data-quality-pipeline\src\load\load_to_raw.py - build - 73

[INFO:20] 2026-07-05 15:44:40,919 - 	loaded 85/545 of the data.
F:\code\medical-data-quality-pipeline\src\load\load_to_raw.py - build - 73

[INFO:20] 2026-07-05 15:44:41,076 - 	loaded 86/545 of the data.
F:\code\medical-data-quality-pipeline\src\load\load_to_raw.py - build - 73

[INFO:20] 2026-07-05 15:44:41,111 - 	loaded 87/545 of the data.
F:\code\medical-data-quality-pipeline\src\load\load_to_raw.py - build - 73

[INFO:20] 2026-07-05 15:44:41,143 - 	loaded 88/545 of the data.
F:\code\medical-data-quality-pipeline\src\load\load_to_raw.py - build - 73

[INFO:20] 2026-07-05 15:44:41,176 - 	loaded 89/545 of the data.
F:\code\medical-data-quality-pipeline\src\load\load_to_raw.py - build - 73

[INFO:20] 2026-07-05 15:44:41,210 - 	loaded 90/545 of the data.
F:\code\medical-data-quality-pipeline\src\load\load_to_raw.py - build - 73

[INFO:20] 2026-07-05 15:44:41,242 - 	loaded 91/545 of the data.
F:\code\medical-data-quality-pipeline\src\load\load_to_raw.py - build - 73

[INFO:20] 2026-07-05 15:44:41,275 - 	loaded 92/545 of the data.
F:\code\medical-data-quality-pipeline\src\load\load_to_raw.py - build - 73

[INFO:20] 2026-07-05 15:44:41,315 - 	loaded 93/545 of the data.
F:\code\medical-data-quality-pipeline\src\load\load_to_raw.py - build - 73

[INFO:20] 2026-07-05 15:44:41,357 - 	loaded 94/545 of the data.
F:\code\medical-data-quality-pipeline\src\load\load_to_raw.py - build - 73

[INFO:20] 2026-07-05 15:44:41,392 - 	loaded 95/545 of the data.
F:\code\medical-data-quality-pipeline\src\load\load_to_raw.py - build - 73

[INFO:20] 2026-07-05 15:44:41,425 - 	loaded 96/545 of the data.
F:\code\medical-data-quality-pipeline\src\load\load_to_raw.py - build - 73

[INFO:20] 2026-07-05 15:44:41,459 - 	loaded 97/545 of the data.
F:\code\medical-data-quality-pipeline\src\load\load_to_raw.py - build - 73

[INFO:20] 2026-07-05 15:44:41,494 - 	loaded 98/545 of the data.
F:\code\medical-data-quality-pipeline\src\load\load_to_raw.py - build - 73

[INFO:20] 2026-07-05 15:44:41,530 - 	loaded 99/545 of the data.
F:\code\medical-data-quality-pipeline\src\load\load_to_raw.py - build - 73

[INFO:20] 2026-07-05 15:44:41,690 - 	loaded 100/545 of the data.
F:\code\medical-data-quality-pipeline\src\load\load_to_raw.py - build - 73

[INFO:20] 2026-07-05 15:44:41,729 - 	loaded 101/545 of the data.
F:\code\medical-data-quality-pipeline\src\load\load_to_raw.py - build - 73

[INFO:20] 2026-07-05 15:44:41,767 - 	loaded 102/545 of the data.
F:\code\medical-data-quality-pipeline\src\load\load_to_raw.py - build - 73

[INFO:20] 2026-07-05 15:44:41,802 - 	loaded 103/545 of the data.
F:\code\medical-data-quality-pipeline\src\load\load_to_raw.py - build - 73

[INFO:20] 2026-07-05 15:44:41,837 - 	loaded 104/545 of the data.
F:\code\medical-data-quality-pipeline\src\load\load_to_raw.py - build - 73

[INFO:20] 2026-07-05 15:44:41,876 - 	loaded 105/545 of the data.
F:\code\medical-data-quality-pipeline\src\load\load_to_raw.py - build - 73

[INFO:20] 2026-07-05 15:44:41,911 - 	loaded 106/545 of the data.
F:\code\medical-data-quality-pipeline\src\load\load_to_raw.py - build - 73

[INFO:20] 2026-07-05 15:44:41,947 - 	loaded 107/545 of the data.
F:\code\medical-data-quality-pipeline\src\load\load_to_raw.py - build - 73

[INFO:20] 2026-07-05 15:44:41,996 - 	loaded 108/545 of the data.
F:\code\medical-data-quality-pipeline\src\load\load_to_raw.py - build - 73

[INFO:20] 2026-07-05 15:44:42,032 - 	loaded 109/545 of the data.
F:\code\medical-data-quality-pipeline\src\load\load_to_raw.py - build - 73

[INFO:20] 2026-07-05 15:44:42,068 - 	loaded 110/545 of the data.
F:\code\medical-data-quality-pipeline\src\load\load_to_raw.py - build - 73

[INFO:20] 2026-07-05 15:44:42,103 - 	loaded 111/545 of the data.
F:\code\medical-data-quality-pipeline\src\load\load_to_raw.py - build - 73

[INFO:20] 2026-07-05 15:44:42,142 - 	loaded 112/545 of the data.
F:\code\medical-data-quality-pipeline\src\load\load_to_raw.py - build - 73

[INFO:20] 2026-07-05 15:44:42,186 - 	loaded 113/545 of the data.
F:\code\medical-data-quality-pipeline\src\load\load_to_raw.py - build - 73

[INFO:20] 2026-07-05 15:44:42,226 - 	loaded 114/545 of the data.
F:\code\medical-data-quality-pipeline\src\load\load_to_raw.py - build - 73

[INFO:20] 2026-07-05 15:44:42,262 - 	loaded 115/545 of the data.
F:\code\medical-data-quality-pipeline\src\load\load_to_raw.py - build - 73

[INFO:20] 2026-07-05 15:44:42,298 - 	loaded 116/545 of the data.
F:\code\medical-data-quality-pipeline\src\load\load_to_raw.py - build - 73

[INFO:20] 2026-07-05 15:44:42,335 - 	loaded 117/545 of the data.
F:\code\medical-data-quality-pipeline\src\load\load_to_raw.py - build - 73

[INFO:20] 2026-07-05 15:44:42,371 - 	loaded 118/545 of the data.
F:\code\medical-data-quality-pipeline\src\load\load_to_raw.py - build - 73

[INFO:20] 2026-07-05 15:44:42,410 - 	loaded 119/545 of the data.
F:\code\medical-data-quality-pipeline\src\load\load_to_raw.py - build - 73

[INFO:20] 2026-07-05 15:44:42,452 - 	loaded 120/545 of the data.
F:\code\medical-data-quality-pipeline\src\load\load_to_raw.py - build - 73

[INFO:20] 2026-07-05 15:44:42,488 - 	loaded 121/545 of the data.
F:\code\medical-data-quality-pipeline\src\load\load_to_raw.py - build - 73

[INFO:20] 2026-07-05 15:44:42,526 - 	loaded 122/545 of the data.
F:\code\medical-data-quality-pipeline\src\load\load_to_raw.py - build - 73

[INFO:20] 2026-07-05 15:44:42,562 - 	loaded 123/545 of the data.
F:\code\medical-data-quality-pipeline\src\load\load_to_raw.py - build - 73

[INFO:20] 2026-07-05 15:44:42,711 - 	loaded 124/545 of the data.
F:\code\medical-data-quality-pipeline\src\load\load_to_raw.py - build - 73

[INFO:20] 2026-07-05 15:44:42,886 - 	loaded 125/545 of the data.
F:\code\medical-data-quality-pipeline\src\load\load_to_raw.py - build - 73

[INFO:20] 2026-07-05 15:44:42,934 - 	loaded 126/545 of the data.
F:\code\medical-data-quality-pipeline\src\load\load_to_raw.py - build - 73

[INFO:20] 2026-07-05 15:44:42,967 - 	loaded 127/545 of the data.
F:\code\medical-data-quality-pipeline\src\load\load_to_raw.py - build - 73

[INFO:20] 2026-07-05 15:44:43,001 - 	loaded 128/545 of the data.
F:\code\medical-data-quality-pipeline\src\load\load_to_raw.py - build - 73

[INFO:20] 2026-07-05 15:44:43,034 - 	loaded 129/545 of the data.
F:\code\medical-data-quality-pipeline\src\load\load_to_raw.py - build - 73

[INFO:20] 2026-07-05 15:44:43,191 - 	loaded 130/545 of the data.
F:\code\medical-data-quality-pipeline\src\load\load_to_raw.py - build - 73

[INFO:20] 2026-07-05 15:44:43,227 - 	loaded 131/545 of the data.
F:\code\medical-data-quality-pipeline\src\load\load_to_raw.py - build - 73

[INFO:20] 2026-07-05 15:44:43,260 - 	loaded 132/545 of the data.
F:\code\medical-data-quality-pipeline\src\load\load_to_raw.py - build - 73

[INFO:20] 2026-07-05 15:44:43,293 - 	loaded 133/545 of the data.
F:\code\medical-data-quality-pipeline\src\load\load_to_raw.py - build - 73

[INFO:20] 2026-07-05 15:44:43,328 - 	loaded 134/545 of the data.
F:\code\medical-data-quality-pipeline\src\load\load_to_raw.py - build - 73

[INFO:20] 2026-07-05 15:44:43,477 - 	loaded 135/545 of the data.
F:\code\medical-data-quality-pipeline\src\load\load_to_raw.py - build - 73

[INFO:20] 2026-07-05 15:44:43,512 - 	loaded 136/545 of the data.
F:\code\medical-data-quality-pipeline\src\load\load_to_raw.py - build - 73

[INFO:20] 2026-07-05 15:44:43,546 - 	loaded 137/545 of the data.
F:\code\medical-data-quality-pipeline\src\load\load_to_raw.py - build - 73

[INFO:20] 2026-07-05 15:44:43,580 - 	loaded 138/545 of the data.
F:\code\medical-data-quality-pipeline\src\load\load_to_raw.py - build - 73

[INFO:20] 2026-07-05 15:44:43,614 - 	loaded 139/545 of the data.
F:\code\medical-data-quality-pipeline\src\load\load_to_raw.py - build - 73

[INFO:20] 2026-07-05 15:44:43,649 - 	loaded 140/545 of the data.
F:\code\medical-data-quality-pipeline\src\load\load_to_raw.py - build - 73

[INFO:20] 2026-07-05 15:44:43,684 - 	loaded 141/545 of the data.
F:\code\medical-data-quality-pipeline\src\load\load_to_raw.py - build - 73

[INFO:20] 2026-07-05 15:44:43,836 - 	loaded 142/545 of the data.
F:\code\medical-data-quality-pipeline\src\load\load_to_raw.py - build - 73

[INFO:20] 2026-07-05 15:44:43,876 - 	loaded 143/545 of the data.
F:\code\medical-data-quality-pipeline\src\load\load_to_raw.py - build - 73

[INFO:20] 2026-07-05 15:44:43,911 - 	loaded 144/545 of the data.
F:\code\medical-data-quality-pipeline\src\load\load_to_raw.py - build - 73

[INFO:20] 2026-07-05 15:44:44,043 - 	loaded 145/545 of the data.
F:\code\medical-data-quality-pipeline\src\load\load_to_raw.py - build - 73

[INFO:20] 2026-07-05 15:44:44,207 - 	loaded 146/545 of the data.
F:\code\medical-data-quality-pipeline\src\load\load_to_raw.py - build - 73

[INFO:20] 2026-07-05 15:44:44,254 - 	loaded 147/545 of the data.
F:\code\medical-data-quality-pipeline\src\load\load_to_raw.py - build - 73

[INFO:20] 2026-07-05 15:44:44,285 - 	loaded 148/545 of the data.
F:\code\medical-data-quality-pipeline\src\load\load_to_raw.py - build - 73

[INFO:20] 2026-07-05 15:44:44,316 - 	loaded 149/545 of the data.
F:\code\medical-data-quality-pipeline\src\load\load_to_raw.py - build - 73

[INFO:20] 2026-07-05 15:44:44,349 - 	loaded 150/545 of the data.
F:\code\medical-data-quality-pipeline\src\load\load_to_raw.py - build - 73

[INFO:20] 2026-07-05 15:44:44,381 - 	loaded 151/545 of the data.
F:\code\medical-data-quality-pipeline\src\load\load_to_raw.py - build - 73

[INFO:20] 2026-07-05 15:44:44,416 - 	loaded 152/545 of the data.
F:\code\medical-data-quality-pipeline\src\load\load_to_raw.py - build - 73

[INFO:20] 2026-07-05 15:44:44,454 - 	loaded 153/545 of the data.
F:\code\medical-data-quality-pipeline\src\load\load_to_raw.py - build - 73

[INFO:20] 2026-07-05 15:44:44,490 - 	loaded 154/545 of the data.
F:\code\medical-data-quality-pipeline\src\load\load_to_raw.py - build - 73

[INFO:20] 2026-07-05 15:44:44,526 - 	loaded 155/545 of the data.
F:\code\medical-data-quality-pipeline\src\load\load_to_raw.py - build - 73

[INFO:20] 2026-07-05 15:44:44,679 - 	loaded 156/545 of the data.
F:\code\medical-data-quality-pipeline\src\load\load_to_raw.py - build - 73

[INFO:20] 2026-07-05 15:44:44,711 - 	loaded 157/545 of the data.
F:\code\medical-data-quality-pipeline\src\load\load_to_raw.py - build - 73

[INFO:20] 2026-07-05 15:44:44,743 - 	loaded 158/545 of the data.
F:\code\medical-data-quality-pipeline\src\load\load_to_raw.py - build - 73

[INFO:20] 2026-07-05 15:44:44,775 - 	loaded 159/545 of the data.
F:\code\medical-data-quality-pipeline\src\load\load_to_raw.py - build - 73

[INFO:20] 2026-07-05 15:44:44,808 - 	loaded 160/545 of the data.
F:\code\medical-data-quality-pipeline\src\load\load_to_raw.py - build - 73

[INFO:20] 2026-07-05 15:44:44,947 - 	loaded 161/545 of the data.
F:\code\medical-data-quality-pipeline\src\load\load_to_raw.py - build - 73

[INFO:20] 2026-07-05 15:44:44,982 - 	loaded 162/545 of the data.
F:\code\medical-data-quality-pipeline\src\load\load_to_raw.py - build - 73

[INFO:20] 2026-07-05 15:44:45,015 - 	loaded 163/545 of the data.
F:\code\medical-data-quality-pipeline\src\load\load_to_raw.py - build - 73

[INFO:20] 2026-07-05 15:44:45,047 - 	loaded 164/545 of the data.
F:\code\medical-data-quality-pipeline\src\load\load_to_raw.py - build - 73

[INFO:20] 2026-07-05 15:44:45,079 - 	loaded 165/545 of the data.
F:\code\medical-data-quality-pipeline\src\load\load_to_raw.py - build - 73

[INFO:20] 2026-07-05 15:44:45,112 - 	loaded 166/545 of the data.
F:\code\medical-data-quality-pipeline\src\load\load_to_raw.py - build - 73

[INFO:20] 2026-07-05 15:44:45,148 - 	loaded 167/545 of the data.
F:\code\medical-data-quality-pipeline\src\load\load_to_raw.py - build - 73

[INFO:20] 2026-07-05 15:44:45,193 - 	loaded 168/545 of the data.
F:\code\medical-data-quality-pipeline\src\load\load_to_raw.py - build - 73

[INFO:20] 2026-07-05 15:44:45,231 - 	loaded 169/545 of the data.
F:\code\medical-data-quality-pipeline\src\load\load_to_raw.py - build - 73

[INFO:20] 2026-07-05 15:44:45,263 - 	loaded 170/545 of the data.
F:\code\medical-data-quality-pipeline\src\load\load_to_raw.py - build - 73

[INFO:20] 2026-07-05 15:44:45,300 - 	loaded 171/545 of the data.
F:\code\medical-data-quality-pipeline\src\load\load_to_raw.py - build - 73

[INFO:20] 2026-07-05 15:44:45,334 - 	loaded 172/545 of the data.
F:\code\medical-data-quality-pipeline\src\load\load_to_raw.py - build - 73

[INFO:20] 2026-07-05 15:44:45,369 - 	loaded 173/545 of the data.
F:\code\medical-data-quality-pipeline\src\load\load_to_raw.py - build - 73

[INFO:20] 2026-07-05 15:44:45,407 - 	loaded 174/545 of the data.
F:\code\medical-data-quality-pipeline\src\load\load_to_raw.py - build - 73

[INFO:20] 2026-07-05 15:44:45,443 - 	loaded 175/545 of the data.
F:\code\medical-data-quality-pipeline\src\load\load_to_raw.py - build - 73

[INFO:20] 2026-07-05 15:44:45,603 - 	loaded 176/545 of the data.
F:\code\medical-data-quality-pipeline\src\load\load_to_raw.py - build - 73

[INFO:20] 2026-07-05 15:44:45,639 - 	loaded 177/545 of the data.
F:\code\medical-data-quality-pipeline\src\load\load_to_raw.py - build - 73

[INFO:20] 2026-07-05 15:44:45,675 - 	loaded 178/545 of the data.
F:\code\medical-data-quality-pipeline\src\load\load_to_raw.py - build - 73

[INFO:20] 2026-07-05 15:44:45,713 - 	loaded 179/545 of the data.
F:\code\medical-data-quality-pipeline\src\load\load_to_raw.py - build - 73

[INFO:20] 2026-07-05 15:44:45,750 - 	loaded 180/545 of the data.
F:\code\medical-data-quality-pipeline\src\load\load_to_raw.py - build - 73

[INFO:20] 2026-07-05 15:44:45,786 - 	loaded 181/545 of the data.
F:\code\medical-data-quality-pipeline\src\load\load_to_raw.py - build - 73

[INFO:20] 2026-07-05 15:44:45,828 - 	loaded 182/545 of the data.
F:\code\medical-data-quality-pipeline\src\load\load_to_raw.py - build - 73

[INFO:20] 2026-07-05 15:44:45,870 - 	loaded 183/545 of the data.
F:\code\medical-data-quality-pipeline\src\load\load_to_raw.py - build - 73

[INFO:20] 2026-07-05 15:44:46,020 - 	loaded 184/545 of the data.
F:\code\medical-data-quality-pipeline\src\load\load_to_raw.py - build - 73

[INFO:20] 2026-07-05 15:44:46,065 - 	loaded 185/545 of the data.
F:\code\medical-data-quality-pipeline\src\load\load_to_raw.py - build - 73

[INFO:20] 2026-07-05 15:44:46,099 - 	loaded 186/545 of the data.
F:\code\medical-data-quality-pipeline\src\load\load_to_raw.py - build - 73

[INFO:20] 2026-07-05 15:44:46,133 - 	loaded 187/545 of the data.
F:\code\medical-data-quality-pipeline\src\load\load_to_raw.py - build - 73

[INFO:20] 2026-07-05 15:44:46,166 - 	loaded 188/545 of the data.
F:\code\medical-data-quality-pipeline\src\load\load_to_raw.py - build - 73

[INFO:20] 2026-07-05 15:44:46,203 - 	loaded 189/545 of the data.
F:\code\medical-data-quality-pipeline\src\load\load_to_raw.py - build - 73

[INFO:20] 2026-07-05 15:44:46,240 - 	loaded 190/545 of the data.
F:\code\medical-data-quality-pipeline\src\load\load_to_raw.py - build - 73

[INFO:20] 2026-07-05 15:44:46,280 - 	loaded 191/545 of the data.
F:\code\medical-data-quality-pipeline\src\load\load_to_raw.py - build - 73

[INFO:20] 2026-07-05 15:44:46,320 - 	loaded 192/545 of the data.
F:\code\medical-data-quality-pipeline\src\load\load_to_raw.py - build - 73

[INFO:20] 2026-07-05 15:44:46,354 - 	loaded 193/545 of the data.
F:\code\medical-data-quality-pipeline\src\load\load_to_raw.py - build - 73

[INFO:20] 2026-07-05 15:44:46,390 - 	loaded 194/545 of the data.
F:\code\medical-data-quality-pipeline\src\load\load_to_raw.py - build - 73

[INFO:20] 2026-07-05 15:44:46,426 - 	loaded 195/545 of the data.
F:\code\medical-data-quality-pipeline\src\load\load_to_raw.py - build - 73

[INFO:20] 2026-07-05 15:44:46,466 - 	loaded 196/545 of the data.
F:\code\medical-data-quality-pipeline\src\load\load_to_raw.py - build - 73

[INFO:20] 2026-07-05 15:44:46,504 - 	loaded 197/545 of the data.
F:\code\medical-data-quality-pipeline\src\load\load_to_raw.py - build - 73

[INFO:20] 2026-07-05 15:44:46,547 - 	loaded 198/545 of the data.
F:\code\medical-data-quality-pipeline\src\load\load_to_raw.py - build - 73

[INFO:20] 2026-07-05 15:44:46,581 - 	loaded 199/545 of the data.
F:\code\medical-data-quality-pipeline\src\load\load_to_raw.py - build - 73

[INFO:20] 2026-07-05 15:44:46,613 - 	loaded 200/545 of the data.
F:\code\medical-data-quality-pipeline\src\load\load_to_raw.py - build - 73

[INFO:20] 2026-07-05 15:44:46,645 - 	loaded 201/545 of the data.
F:\code\medical-data-quality-pipeline\src\load\load_to_raw.py - build - 73

[INFO:20] 2026-07-05 15:44:46,679 - 	loaded 202/545 of the data.
F:\code\medical-data-quality-pipeline\src\load\load_to_raw.py - build - 73

[INFO:20] 2026-07-05 15:44:46,713 - 	loaded 203/545 of the data.
F:\code\medical-data-quality-pipeline\src\load\load_to_raw.py - build - 73

[INFO:20] 2026-07-05 15:44:46,753 - 	loaded 204/545 of the data.
F:\code\medical-data-quality-pipeline\src\load\load_to_raw.py - build - 73

[INFO:20] 2026-07-05 15:44:46,789 - 	loaded 205/545 of the data.
F:\code\medical-data-quality-pipeline\src\load\load_to_raw.py - build - 73

[INFO:20] 2026-07-05 15:44:46,953 - 	loaded 206/545 of the data.
F:\code\medical-data-quality-pipeline\src\load\load_to_raw.py - build - 73

[INFO:20] 2026-07-05 15:44:46,992 - 	loaded 207/545 of the data.
F:\code\medical-data-quality-pipeline\src\load\load_to_raw.py - build - 73

[INFO:20] 2026-07-05 15:44:47,148 - 	loaded 208/545 of the data.
F:\code\medical-data-quality-pipeline\src\load\load_to_raw.py - build - 73

[INFO:20] 2026-07-05 15:44:47,186 - 	loaded 209/545 of the data.
F:\code\medical-data-quality-pipeline\src\load\load_to_raw.py - build - 73

[INFO:20] 2026-07-05 15:44:47,220 - 	loaded 210/545 of the data.
F:\code\medical-data-quality-pipeline\src\load\load_to_raw.py - build - 73

[INFO:20] 2026-07-05 15:44:47,259 - 	loaded 211/545 of the data.
F:\code\medical-data-quality-pipeline\src\load\load_to_raw.py - build - 73

[INFO:20] 2026-07-05 15:44:47,398 - 	loaded 212/545 of the data.
F:\code\medical-data-quality-pipeline\src\load\load_to_raw.py - build - 73

[INFO:20] 2026-07-05 15:44:47,435 - 	loaded 213/545 of the data.
F:\code\medical-data-quality-pipeline\src\load\load_to_raw.py - build - 73

[INFO:20] 2026-07-05 15:44:47,469 - 	loaded 214/545 of the data.
F:\code\medical-data-quality-pipeline\src\load\load_to_raw.py - build - 73

[INFO:20] 2026-07-05 15:44:47,503 - 	loaded 215/545 of the data.
F:\code\medical-data-quality-pipeline\src\load\load_to_raw.py - build - 73

[INFO:20] 2026-07-05 15:44:47,536 - 	loaded 216/545 of the data.
F:\code\medical-data-quality-pipeline\src\load\load_to_raw.py - build - 73

[INFO:20] 2026-07-05 15:44:47,569 - 	loaded 217/545 of the data.
F:\code\medical-data-quality-pipeline\src\load\load_to_raw.py - build - 73

[INFO:20] 2026-07-05 15:44:47,602 - 	loaded 218/545 of the data.
F:\code\medical-data-quality-pipeline\src\load\load_to_raw.py - build - 73

[INFO:20] 2026-07-05 15:44:47,642 - 	loaded 219/545 of the data.
F:\code\medical-data-quality-pipeline\src\load\load_to_raw.py - build - 73

[INFO:20] 2026-07-05 15:44:47,681 - 	loaded 220/545 of the data.
F:\code\medical-data-quality-pipeline\src\load\load_to_raw.py - build - 73

[INFO:20] 2026-07-05 15:44:47,715 - 	loaded 221/545 of the data.
F:\code\medical-data-quality-pipeline\src\load\load_to_raw.py - build - 73

[INFO:20] 2026-07-05 15:44:47,749 - 	loaded 222/545 of the data.
F:\code\medical-data-quality-pipeline\src\load\load_to_raw.py - build - 73

[INFO:20] 2026-07-05 15:44:47,783 - 	loaded 223/545 of the data.
F:\code\medical-data-quality-pipeline\src\load\load_to_raw.py - build - 73

[INFO:20] 2026-07-05 15:44:47,933 - 	loaded 224/545 of the data.
F:\code\medical-data-quality-pipeline\src\load\load_to_raw.py - build - 73

[INFO:20] 2026-07-05 15:44:47,969 - 	loaded 225/545 of the data.
F:\code\medical-data-quality-pipeline\src\load\load_to_raw.py - build - 73

[INFO:20] 2026-07-05 15:44:48,001 - 	loaded 226/545 of the data.
F:\code\medical-data-quality-pipeline\src\load\load_to_raw.py - build - 73

[INFO:20] 2026-07-05 15:44:48,033 - 	loaded 227/545 of the data.
F:\code\medical-data-quality-pipeline\src\load\load_to_raw.py - build - 73

[INFO:20] 2026-07-05 15:44:48,066 - 	loaded 228/545 of the data.
F:\code\medical-data-quality-pipeline\src\load\load_to_raw.py - build - 73

[INFO:20] 2026-07-05 15:44:48,098 - 	loaded 229/545 of the data.
F:\code\medical-data-quality-pipeline\src\load\load_to_raw.py - build - 73

[INFO:20] 2026-07-05 15:44:48,133 - 	loaded 230/545 of the data.
F:\code\medical-data-quality-pipeline\src\load\load_to_raw.py - build - 73

[INFO:20] 2026-07-05 15:44:48,172 - 	loaded 231/545 of the data.
F:\code\medical-data-quality-pipeline\src\load\load_to_raw.py - build - 73

[INFO:20] 2026-07-05 15:44:48,212 - 	loaded 232/545 of the data.
F:\code\medical-data-quality-pipeline\src\load\load_to_raw.py - build - 73

[INFO:20] 2026-07-05 15:44:48,244 - 	loaded 233/545 of the data.
F:\code\medical-data-quality-pipeline\src\load\load_to_raw.py - build - 73

[INFO:20] 2026-07-05 15:44:48,278 - 	loaded 234/545 of the data.
F:\code\medical-data-quality-pipeline\src\load\load_to_raw.py - build - 73

[INFO:20] 2026-07-05 15:44:48,312 - 	loaded 235/545 of the data.
F:\code\medical-data-quality-pipeline\src\load\load_to_raw.py - build - 73

[INFO:20] 2026-07-05 15:44:48,344 - 	loaded 236/545 of the data.
F:\code\medical-data-quality-pipeline\src\load\load_to_raw.py - build - 73

[INFO:20] 2026-07-05 15:44:48,378 - 	loaded 237/545 of the data.
F:\code\medical-data-quality-pipeline\src\load\load_to_raw.py - build - 73

[INFO:20] 2026-07-05 15:44:48,417 - 	loaded 238/545 of the data.
F:\code\medical-data-quality-pipeline\src\load\load_to_raw.py - build - 73

[INFO:20] 2026-07-05 15:44:48,454 - 	loaded 239/545 of the data.
F:\code\medical-data-quality-pipeline\src\load\load_to_raw.py - build - 73

[INFO:20] 2026-07-05 15:44:48,489 - 	loaded 240/545 of the data.
F:\code\medical-data-quality-pipeline\src\load\load_to_raw.py - build - 73

[INFO:20] 2026-07-05 15:44:48,522 - 	loaded 241/545 of the data.
F:\code\medical-data-quality-pipeline\src\load\load_to_raw.py - build - 73

[INFO:20] 2026-07-05 15:44:48,555 - 	loaded 242/545 of the data.
F:\code\medical-data-quality-pipeline\src\load\load_to_raw.py - build - 73

[INFO:20] 2026-07-05 15:44:48,591 - 	loaded 243/545 of the data.
F:\code\medical-data-quality-pipeline\src\load\load_to_raw.py - build - 73

[INFO:20] 2026-07-05 15:44:48,634 - 	loaded 244/545 of the data.
F:\code\medical-data-quality-pipeline\src\load\load_to_raw.py - build - 73

[INFO:20] 2026-07-05 15:44:48,671 - 	loaded 245/545 of the data.
F:\code\medical-data-quality-pipeline\src\load\load_to_raw.py - build - 73

[INFO:20] 2026-07-05 15:44:48,806 - 	loaded 246/545 of the data.
F:\code\medical-data-quality-pipeline\src\load\load_to_raw.py - build - 73

[INFO:20] 2026-07-05 15:44:48,843 - 	loaded 247/545 of the data.
F:\code\medical-data-quality-pipeline\src\load\load_to_raw.py - build - 73

[INFO:20] 2026-07-05 15:44:48,878 - 	loaded 248/545 of the data.
F:\code\medical-data-quality-pipeline\src\load\load_to_raw.py - build - 73

[INFO:20] 2026-07-05 15:44:49,032 - 	loaded 249/545 of the data.
F:\code\medical-data-quality-pipeline\src\load\load_to_raw.py - build - 73

[INFO:20] 2026-07-05 15:44:49,064 - 	loaded 250/545 of the data.
F:\code\medical-data-quality-pipeline\src\load\load_to_raw.py - build - 73

[INFO:20] 2026-07-05 15:44:49,096 - 	loaded 251/545 of the data.
F:\code\medical-data-quality-pipeline\src\load\load_to_raw.py - build - 73

[INFO:20] 2026-07-05 15:44:49,129 - 	loaded 252/545 of the data.
F:\code\medical-data-quality-pipeline\src\load\load_to_raw.py - build - 73

[INFO:20] 2026-07-05 15:44:49,163 - 	loaded 253/545 of the data.
F:\code\medical-data-quality-pipeline\src\load\load_to_raw.py - build - 73

[INFO:20] 2026-07-05 15:44:49,306 - 	loaded 254/545 of the data.
F:\code\medical-data-quality-pipeline\src\load\load_to_raw.py - build - 73

[INFO:20] 2026-07-05 15:44:49,338 - 	loaded 255/545 of the data.
F:\code\medical-data-quality-pipeline\src\load\load_to_raw.py - build - 73

[INFO:20] 2026-07-05 15:44:49,371 - 	loaded 256/545 of the data.
F:\code\medical-data-quality-pipeline\src\load\load_to_raw.py - build - 73

[INFO:20] 2026-07-05 15:44:49,404 - 	loaded 257/545 of the data.
F:\code\medical-data-quality-pipeline\src\load\load_to_raw.py - build - 73

[INFO:20] 2026-07-05 15:44:49,437 - 	loaded 258/545 of the data.
F:\code\medical-data-quality-pipeline\src\load\load_to_raw.py - build - 73

[INFO:20] 2026-07-05 15:44:49,470 - 	loaded 259/545 of the data.
F:\code\medical-data-quality-pipeline\src\load\load_to_raw.py - build - 73

[INFO:20] 2026-07-05 15:44:49,503 - 	loaded 260/545 of the data.
F:\code\medical-data-quality-pipeline\src\load\load_to_raw.py - build - 73

[INFO:20] 2026-07-05 15:44:49,542 - 	loaded 261/545 of the data.
F:\code\medical-data-quality-pipeline\src\load\load_to_raw.py - build - 73

[INFO:20] 2026-07-05 15:44:49,581 - 	loaded 262/545 of the data.
F:\code\medical-data-quality-pipeline\src\load\load_to_raw.py - build - 73

[INFO:20] 2026-07-05 15:44:49,615 - 	loaded 263/545 of the data.
F:\code\medical-data-quality-pipeline\src\load\load_to_raw.py - build - 73

[INFO:20] 2026-07-05 15:44:49,649 - 	loaded 264/545 of the data.
F:\code\medical-data-quality-pipeline\src\load\load_to_raw.py - build - 73

[INFO:20] 2026-07-05 15:44:49,684 - 	loaded 265/545 of the data.
F:\code\medical-data-quality-pipeline\src\load\load_to_raw.py - build - 73

[INFO:20] 2026-07-05 15:44:49,829 - 	loaded 266/545 of the data.
F:\code\medical-data-quality-pipeline\src\load\load_to_raw.py - build - 73

[INFO:20] 2026-07-05 15:44:49,864 - 	loaded 267/545 of the data.
F:\code\medical-data-quality-pipeline\src\load\load_to_raw.py - build - 73

[INFO:20] 2026-07-05 15:44:49,899 - 	loaded 268/545 of the data.
F:\code\medical-data-quality-pipeline\src\load\load_to_raw.py - build - 73

[INFO:20] 2026-07-05 15:44:50,042 - 	loaded 269/545 of the data.
F:\code\medical-data-quality-pipeline\src\load\load_to_raw.py - build - 73

[INFO:20] 2026-07-05 15:44:50,082 - 	loaded 270/545 of the data.
F:\code\medical-data-quality-pipeline\src\load\load_to_raw.py - build - 73

[INFO:20] 2026-07-05 15:44:50,119 - 	loaded 271/545 of the data.
F:\code\medical-data-quality-pipeline\src\load\load_to_raw.py - build - 73

[INFO:20] 2026-07-05 15:44:50,149 - 	loaded 272/545 of the data.
F:\code\medical-data-quality-pipeline\src\load\load_to_raw.py - build - 73

[INFO:20] 2026-07-05 15:44:50,303 - 	loaded 273/545 of the data.
F:\code\medical-data-quality-pipeline\src\load\load_to_raw.py - build - 73

[INFO:20] 2026-07-05 15:44:50,342 - 	loaded 274/545 of the data.
F:\code\medical-data-quality-pipeline\src\load\load_to_raw.py - build - 73

[INFO:20] 2026-07-05 15:44:50,381 - 	loaded 275/545 of the data.
F:\code\medical-data-quality-pipeline\src\load\load_to_raw.py - build - 73

[INFO:20] 2026-07-05 15:44:50,539 - 	loaded 276/545 of the data.
F:\code\medical-data-quality-pipeline\src\load\load_to_raw.py - build - 73

[INFO:20] 2026-07-05 15:44:50,578 - 	loaded 277/545 of the data.
F:\code\medical-data-quality-pipeline\src\load\load_to_raw.py - build - 73

[INFO:20] 2026-07-05 15:44:50,728 - 	loaded 278/545 of the data.
F:\code\medical-data-quality-pipeline\src\load\load_to_raw.py - build - 73

[INFO:20] 2026-07-05 15:44:50,767 - 	loaded 279/545 of the data.
F:\code\medical-data-quality-pipeline\src\load\load_to_raw.py - build - 73

[INFO:20] 2026-07-05 15:44:50,804 - 	loaded 280/545 of the data.
F:\code\medical-data-quality-pipeline\src\load\load_to_raw.py - build - 73

[INFO:20] 2026-07-05 15:44:50,843 - 	loaded 281/545 of the data.
F:\code\medical-data-quality-pipeline\src\load\load_to_raw.py - build - 73

[INFO:20] 2026-07-05 15:44:51,004 - 	loaded 282/545 of the data.
F:\code\medical-data-quality-pipeline\src\load\load_to_raw.py - build - 73

[INFO:20] 2026-07-05 15:44:51,049 - 	loaded 283/545 of the data.
F:\code\medical-data-quality-pipeline\src\load\load_to_raw.py - build - 73

[INFO:20] 2026-07-05 15:44:51,081 - 	loaded 284/545 of the data.
F:\code\medical-data-quality-pipeline\src\load\load_to_raw.py - build - 73

[INFO:20] 2026-07-05 15:44:51,240 - 	loaded 285/545 of the data.
F:\code\medical-data-quality-pipeline\src\load\load_to_raw.py - build - 73

[INFO:20] 2026-07-05 15:44:51,279 - 	loaded 286/545 of the data.
F:\code\medical-data-quality-pipeline\src\load\load_to_raw.py - build - 73

[INFO:20] 2026-07-05 15:44:51,311 - 	loaded 287/545 of the data.
F:\code\medical-data-quality-pipeline\src\load\load_to_raw.py - build - 73

[INFO:20] 2026-07-05 15:44:51,343 - 	loaded 288/545 of the data.
F:\code\medical-data-quality-pipeline\src\load\load_to_raw.py - build - 73

[INFO:20] 2026-07-05 15:44:51,508 - 	loaded 289/545 of the data.
F:\code\medical-data-quality-pipeline\src\load\load_to_raw.py - build - 73

[INFO:20] 2026-07-05 15:44:51,546 - 	loaded 290/545 of the data.
F:\code\medical-data-quality-pipeline\src\load\load_to_raw.py - build - 73

[INFO:20] 2026-07-05 15:44:51,586 - 	loaded 291/545 of the data.
F:\code\medical-data-quality-pipeline\src\load\load_to_raw.py - build - 73

[INFO:20] 2026-07-05 15:44:51,744 - 	loaded 292/545 of the data.
F:\code\medical-data-quality-pipeline\src\load\load_to_raw.py - build - 73

[INFO:20] 2026-07-05 15:44:51,906 - 	loaded 293/545 of the data.
F:\code\medical-data-quality-pipeline\src\load\load_to_raw.py - build - 73

[INFO:20] 2026-07-05 15:44:51,941 - 	loaded 294/545 of the data.
F:\code\medical-data-quality-pipeline\src\load\load_to_raw.py - build - 73

[INFO:20] 2026-07-05 15:44:51,979 - 	loaded 295/545 of the data.
F:\code\medical-data-quality-pipeline\src\load\load_to_raw.py - build - 73

[INFO:20] 2026-07-05 15:44:52,012 - 	loaded 296/545 of the data.
F:\code\medical-data-quality-pipeline\src\load\load_to_raw.py - build - 73

[INFO:20] 2026-07-05 15:44:52,160 - 	loaded 297/545 of the data.
F:\code\medical-data-quality-pipeline\src\load\load_to_raw.py - build - 73

[INFO:20] 2026-07-05 15:44:52,191 - 	loaded 298/545 of the data.
F:\code\medical-data-quality-pipeline\src\load\load_to_raw.py - build - 73

[INFO:20] 2026-07-05 15:44:52,226 - 	loaded 299/545 of the data.
F:\code\medical-data-quality-pipeline\src\load\load_to_raw.py - build - 73

[INFO:20] 2026-07-05 15:44:52,259 - 	loaded 300/545 of the data.
F:\code\medical-data-quality-pipeline\src\load\load_to_raw.py - build - 73

[INFO:20] 2026-07-05 15:44:52,290 - 	loaded 301/545 of the data.
F:\code\medical-data-quality-pipeline\src\load\load_to_raw.py - build - 73

[INFO:20] 2026-07-05 15:44:52,321 - 	loaded 302/545 of the data.
F:\code\medical-data-quality-pipeline\src\load\load_to_raw.py - build - 73

[INFO:20] 2026-07-05 15:44:52,353 - 	loaded 303/545 of the data.
F:\code\medical-data-quality-pipeline\src\load\load_to_raw.py - build - 73

[INFO:20] 2026-07-05 15:44:52,385 - 	loaded 304/545 of the data.
F:\code\medical-data-quality-pipeline\src\load\load_to_raw.py - build - 73

[INFO:20] 2026-07-05 15:44:52,419 - 	loaded 305/545 of the data.
F:\code\medical-data-quality-pipeline\src\load\load_to_raw.py - build - 73

[INFO:20] 2026-07-05 15:44:52,460 - 	loaded 306/545 of the data.
F:\code\medical-data-quality-pipeline\src\load\load_to_raw.py - build - 73

[INFO:20] 2026-07-05 15:44:52,492 - 	loaded 307/545 of the data.
F:\code\medical-data-quality-pipeline\src\load\load_to_raw.py - build - 73

[INFO:20] 2026-07-05 15:44:52,525 - 	loaded 308/545 of the data.
F:\code\medical-data-quality-pipeline\src\load\load_to_raw.py - build - 73

[INFO:20] 2026-07-05 15:44:52,560 - 	loaded 309/545 of the data.
F:\code\medical-data-quality-pipeline\src\load\load_to_raw.py - build - 73

[INFO:20] 2026-07-05 15:44:52,592 - 	loaded 310/545 of the data.
F:\code\medical-data-quality-pipeline\src\load\load_to_raw.py - build - 73

[INFO:20] 2026-07-05 15:44:52,626 - 	loaded 311/545 of the data.
F:\code\medical-data-quality-pipeline\src\load\load_to_raw.py - build - 73

[INFO:20] 2026-07-05 15:44:52,664 - 	loaded 312/545 of the data.
F:\code\medical-data-quality-pipeline\src\load\load_to_raw.py - build - 73

[INFO:20] 2026-07-05 15:44:52,703 - 	loaded 313/545 of the data.
F:\code\medical-data-quality-pipeline\src\load\load_to_raw.py - build - 73

[INFO:20] 2026-07-05 15:44:52,735 - 	loaded 314/545 of the data.
F:\code\medical-data-quality-pipeline\src\load\load_to_raw.py - build - 73

[INFO:20] 2026-07-05 15:44:52,769 - 	loaded 315/545 of the data.
F:\code\medical-data-quality-pipeline\src\load\load_to_raw.py - build - 73

[INFO:20] 2026-07-05 15:44:52,802 - 	loaded 316/545 of the data.
F:\code\medical-data-quality-pipeline\src\load\load_to_raw.py - build - 73

[INFO:20] 2026-07-05 15:44:52,958 - 	loaded 317/545 of the data.
F:\code\medical-data-quality-pipeline\src\load\load_to_raw.py - build - 73

[INFO:20] 2026-07-05 15:44:52,997 - 	loaded 318/545 of the data.
F:\code\medical-data-quality-pipeline\src\load\load_to_raw.py - build - 73

[INFO:20] 2026-07-05 15:44:53,035 - 	loaded 319/545 of the data.
F:\code\medical-data-quality-pipeline\src\load\load_to_raw.py - build - 73

[INFO:20] 2026-07-05 15:44:53,069 - 	loaded 320/545 of the data.
F:\code\medical-data-quality-pipeline\src\load\load_to_raw.py - build - 73

[INFO:20] 2026-07-05 15:44:53,105 - 	loaded 321/545 of the data.
F:\code\medical-data-quality-pipeline\src\load\load_to_raw.py - build - 73

[INFO:20] 2026-07-05 15:44:53,137 - 	loaded 322/545 of the data.
F:\code\medical-data-quality-pipeline\src\load\load_to_raw.py - build - 73

[INFO:20] 2026-07-05 15:44:53,172 - 	loaded 323/545 of the data.
F:\code\medical-data-quality-pipeline\src\load\load_to_raw.py - build - 73

[INFO:20] 2026-07-05 15:44:53,211 - 	loaded 324/545 of the data.
F:\code\medical-data-quality-pipeline\src\load\load_to_raw.py - build - 73

[INFO:20] 2026-07-05 15:44:53,247 - 	loaded 325/545 of the data.
F:\code\medical-data-quality-pipeline\src\load\load_to_raw.py - build - 73

[INFO:20] 2026-07-05 15:44:53,281 - 	loaded 326/545 of the data.
F:\code\medical-data-quality-pipeline\src\load\load_to_raw.py - build - 73

[INFO:20] 2026-07-05 15:44:53,314 - 	loaded 327/545 of the data.
F:\code\medical-data-quality-pipeline\src\load\load_to_raw.py - build - 73

[INFO:20] 2026-07-05 15:44:53,347 - 	loaded 328/545 of the data.
F:\code\medical-data-quality-pipeline\src\load\load_to_raw.py - build - 73

[INFO:20] 2026-07-05 15:44:53,380 - 	loaded 329/545 of the data.
F:\code\medical-data-quality-pipeline\src\load\load_to_raw.py - build - 73

[INFO:20] 2026-07-05 15:44:53,421 - 	loaded 330/545 of the data.
F:\code\medical-data-quality-pipeline\src\load\load_to_raw.py - build - 73

[INFO:20] 2026-07-05 15:44:53,457 - 	loaded 331/545 of the data.
F:\code\medical-data-quality-pipeline\src\load\load_to_raw.py - build - 73

[INFO:20] 2026-07-05 15:44:53,493 - 	loaded 332/545 of the data.
F:\code\medical-data-quality-pipeline\src\load\load_to_raw.py - build - 73

[INFO:20] 2026-07-05 15:44:53,528 - 	loaded 333/545 of the data.
F:\code\medical-data-quality-pipeline\src\load\load_to_raw.py - build - 73

[INFO:20] 2026-07-05 15:44:53,562 - 	loaded 334/545 of the data.
F:\code\medical-data-quality-pipeline\src\load\load_to_raw.py - build - 73

[INFO:20] 2026-07-05 15:44:53,597 - 	loaded 335/545 of the data.
F:\code\medical-data-quality-pipeline\src\load\load_to_raw.py - build - 73

[INFO:20] 2026-07-05 15:44:53,636 - 	loaded 336/545 of the data.
F:\code\medical-data-quality-pipeline\src\load\load_to_raw.py - build - 73

[INFO:20] 2026-07-05 15:44:53,673 - 	loaded 337/545 of the data.
F:\code\medical-data-quality-pipeline\src\load\load_to_raw.py - build - 73

[INFO:20] 2026-07-05 15:44:53,833 - 	loaded 338/545 of the data.
F:\code\medical-data-quality-pipeline\src\load\load_to_raw.py - build - 73

[INFO:20] 2026-07-05 15:44:53,865 - 	loaded 339/545 of the data.
F:\code\medical-data-quality-pipeline\src\load\load_to_raw.py - build - 73

[INFO:20] 2026-07-05 15:44:53,899 - 	loaded 340/545 of the data.
F:\code\medical-data-quality-pipeline\src\load\load_to_raw.py - build - 73

[INFO:20] 2026-07-05 15:44:53,934 - 	loaded 341/545 of the data.
F:\code\medical-data-quality-pipeline\src\load\load_to_raw.py - build - 73

[INFO:20] 2026-07-05 15:44:53,966 - 	loaded 342/545 of the data.
F:\code\medical-data-quality-pipeline\src\load\load_to_raw.py - build - 73

[INFO:20] 2026-07-05 15:44:53,997 - 	loaded 343/545 of the data.
F:\code\medical-data-quality-pipeline\src\load\load_to_raw.py - build - 73

[INFO:20] 2026-07-05 15:44:54,032 - 	loaded 344/545 of the data.
F:\code\medical-data-quality-pipeline\src\load\load_to_raw.py - build - 73

[INFO:20] 2026-07-05 15:44:54,070 - 	loaded 345/545 of the data.
F:\code\medical-data-quality-pipeline\src\load\load_to_raw.py - build - 73

[INFO:20] 2026-07-05 15:44:54,108 - 	loaded 346/545 of the data.
F:\code\medical-data-quality-pipeline\src\load\load_to_raw.py - build - 73

[INFO:20] 2026-07-05 15:44:54,142 - 	loaded 347/545 of the data.
F:\code\medical-data-quality-pipeline\src\load\load_to_raw.py - build - 73

[INFO:20] 2026-07-05 15:44:54,173 - 	loaded 348/545 of the data.
F:\code\medical-data-quality-pipeline\src\load\load_to_raw.py - build - 73

[INFO:20] 2026-07-05 15:44:54,207 - 	loaded 349/545 of the data.
F:\code\medical-data-quality-pipeline\src\load\load_to_raw.py - build - 73

[INFO:20] 2026-07-05 15:44:54,239 - 	loaded 350/545 of the data.
F:\code\medical-data-quality-pipeline\src\load\load_to_raw.py - build - 73

[INFO:20] 2026-07-05 15:44:54,270 - 	loaded 351/545 of the data.
F:\code\medical-data-quality-pipeline\src\load\load_to_raw.py - build - 73

[INFO:20] 2026-07-05 15:44:54,307 - 	loaded 352/545 of the data.
F:\code\medical-data-quality-pipeline\src\load\load_to_raw.py - build - 73

[INFO:20] 2026-07-05 15:44:54,345 - 	loaded 353/545 of the data.
F:\code\medical-data-quality-pipeline\src\load\load_to_raw.py - build - 73

[INFO:20] 2026-07-05 15:44:54,378 - 	loaded 354/545 of the data.
F:\code\medical-data-quality-pipeline\src\load\load_to_raw.py - build - 73

[INFO:20] 2026-07-05 15:44:54,410 - 	loaded 355/545 of the data.
F:\code\medical-data-quality-pipeline\src\load\load_to_raw.py - build - 73

[INFO:20] 2026-07-05 15:44:54,445 - 	loaded 356/545 of the data.
F:\code\medical-data-quality-pipeline\src\load\load_to_raw.py - build - 73

[INFO:20] 2026-07-05 15:44:54,478 - 	loaded 357/545 of the data.
F:\code\medical-data-quality-pipeline\src\load\load_to_raw.py - build - 73

[INFO:20] 2026-07-05 15:44:54,609 - 	loaded 358/545 of the data.
F:\code\medical-data-quality-pipeline\src\load\load_to_raw.py - build - 73

[INFO:20] 2026-07-05 15:44:54,642 - 	loaded 359/545 of the data.
F:\code\medical-data-quality-pipeline\src\load\load_to_raw.py - build - 73

[INFO:20] 2026-07-05 15:44:54,675 - 	loaded 360/545 of the data.
F:\code\medical-data-quality-pipeline\src\load\load_to_raw.py - build - 73

[INFO:20] 2026-07-05 15:44:54,708 - 	loaded 361/545 of the data.
F:\code\medical-data-quality-pipeline\src\load\load_to_raw.py - build - 73

[INFO:20] 2026-07-05 15:44:54,858 - 	loaded 362/545 of the data.
F:\code\medical-data-quality-pipeline\src\load\load_to_raw.py - build - 73

[INFO:20] 2026-07-05 15:44:54,892 - 	loaded 363/545 of the data.
F:\code\medical-data-quality-pipeline\src\load\load_to_raw.py - build - 73

[INFO:20] 2026-07-05 15:44:54,924 - 	loaded 364/545 of the data.
F:\code\medical-data-quality-pipeline\src\load\load_to_raw.py - build - 73

[INFO:20] 2026-07-05 15:44:54,957 - 	loaded 365/545 of the data.
F:\code\medical-data-quality-pipeline\src\load\load_to_raw.py - build - 73

[INFO:20] 2026-07-05 15:44:55,104 - 	loaded 366/545 of the data.
F:\code\medical-data-quality-pipeline\src\load\load_to_raw.py - build - 73

[INFO:20] 2026-07-05 15:44:55,135 - 	loaded 367/545 of the data.
F:\code\medical-data-quality-pipeline\src\load\load_to_raw.py - build - 73

[INFO:20] 2026-07-05 15:44:55,167 - 	loaded 368/545 of the data.
F:\code\medical-data-quality-pipeline\src\load\load_to_raw.py - build - 73

[INFO:20] 2026-07-05 15:44:55,197 - 	loaded 369/545 of the data.
F:\code\medical-data-quality-pipeline\src\load\load_to_raw.py - build - 73

[INFO:20] 2026-07-05 15:44:55,228 - 	loaded 370/545 of the data.
F:\code\medical-data-quality-pipeline\src\load\load_to_raw.py - build - 73

[INFO:20] 2026-07-05 15:44:55,260 - 	loaded 371/545 of the data.
F:\code\medical-data-quality-pipeline\src\load\load_to_raw.py - build - 73

[INFO:20] 2026-07-05 15:44:55,293 - 	loaded 372/545 of the data.
F:\code\medical-data-quality-pipeline\src\load\load_to_raw.py - build - 73

[INFO:20] 2026-07-05 15:44:55,443 - 	loaded 373/545 of the data.
F:\code\medical-data-quality-pipeline\src\load\load_to_raw.py - build - 73

[INFO:20] 2026-07-05 15:44:55,476 - 	loaded 374/545 of the data.
F:\code\medical-data-quality-pipeline\src\load\load_to_raw.py - build - 73

[INFO:20] 2026-07-05 15:44:55,509 - 	loaded 375/545 of the data.
F:\code\medical-data-quality-pipeline\src\load\load_to_raw.py - build - 73

[INFO:20] 2026-07-05 15:44:55,542 - 	loaded 376/545 of the data.
F:\code\medical-data-quality-pipeline\src\load\load_to_raw.py - build - 73

[INFO:20] 2026-07-05 15:44:55,575 - 	loaded 377/545 of the data.
F:\code\medical-data-quality-pipeline\src\load\load_to_raw.py - build - 73

[INFO:20] 2026-07-05 15:44:55,609 - 	loaded 378/545 of the data.
F:\code\medical-data-quality-pipeline\src\load\load_to_raw.py - build - 73

[INFO:20] 2026-07-05 15:44:55,641 - 	loaded 379/545 of the data.
F:\code\medical-data-quality-pipeline\src\load\load_to_raw.py - build - 73

[INFO:20] 2026-07-05 15:44:55,678 - 	loaded 380/545 of the data.
F:\code\medical-data-quality-pipeline\src\load\load_to_raw.py - build - 73

[INFO:20] 2026-07-05 15:44:55,716 - 	loaded 381/545 of the data.
F:\code\medical-data-quality-pipeline\src\load\load_to_raw.py - build - 73

[INFO:20] 2026-07-05 15:44:55,747 - 	loaded 382/545 of the data.
F:\code\medical-data-quality-pipeline\src\load\load_to_raw.py - build - 73

[INFO:20] 2026-07-05 15:44:55,781 - 	loaded 383/545 of the data.
F:\code\medical-data-quality-pipeline\src\load\load_to_raw.py - build - 73

[INFO:20] 2026-07-05 15:44:55,919 - 	loaded 384/545 of the data.
F:\code\medical-data-quality-pipeline\src\load\load_to_raw.py - build - 73

[INFO:20] 2026-07-05 15:44:56,095 - 	loaded 385/545 of the data.
F:\code\medical-data-quality-pipeline\src\load\load_to_raw.py - build - 73

[INFO:20] 2026-07-05 15:44:56,140 - 	loaded 386/545 of the data.
F:\code\medical-data-quality-pipeline\src\load\load_to_raw.py - build - 73

[INFO:20] 2026-07-05 15:44:56,172 - 	loaded 387/545 of the data.
F:\code\medical-data-quality-pipeline\src\load\load_to_raw.py - build - 73

[INFO:20] 2026-07-05 15:44:56,203 - 	loaded 388/545 of the data.
F:\code\medical-data-quality-pipeline\src\load\load_to_raw.py - build - 73

[INFO:20] 2026-07-05 15:44:56,234 - 	loaded 389/545 of the data.
F:\code\medical-data-quality-pipeline\src\load\load_to_raw.py - build - 73

[INFO:20] 2026-07-05 15:44:56,266 - 	loaded 390/545 of the data.
F:\code\medical-data-quality-pipeline\src\load\load_to_raw.py - build - 73

[INFO:20] 2026-07-05 15:44:56,298 - 	loaded 391/545 of the data.
F:\code\medical-data-quality-pipeline\src\load\load_to_raw.py - build - 73

[INFO:20] 2026-07-05 15:44:56,331 - 	loaded 392/545 of the data.
F:\code\medical-data-quality-pipeline\src\load\load_to_raw.py - build - 73

[INFO:20] 2026-07-05 15:44:56,366 - 	loaded 393/545 of the data.
F:\code\medical-data-quality-pipeline\src\load\load_to_raw.py - build - 73

[INFO:20] 2026-07-05 15:44:56,404 - 	loaded 394/545 of the data.
F:\code\medical-data-quality-pipeline\src\load\load_to_raw.py - build - 73

[INFO:20] 2026-07-05 15:44:56,437 - 	loaded 395/545 of the data.
F:\code\medical-data-quality-pipeline\src\load\load_to_raw.py - build - 73

[INFO:20] 2026-07-05 15:44:56,472 - 	loaded 396/545 of the data.
F:\code\medical-data-quality-pipeline\src\load\load_to_raw.py - build - 73

[INFO:20] 2026-07-05 15:44:56,618 - 	loaded 397/545 of the data.
F:\code\medical-data-quality-pipeline\src\load\load_to_raw.py - build - 73

[INFO:20] 2026-07-05 15:44:56,652 - 	loaded 398/545 of the data.
F:\code\medical-data-quality-pipeline\src\load\load_to_raw.py - build - 73

[INFO:20] 2026-07-05 15:44:56,683 - 	loaded 399/545 of the data.
F:\code\medical-data-quality-pipeline\src\load\load_to_raw.py - build - 73

[INFO:20] 2026-07-05 15:44:56,715 - 	loaded 400/545 of the data.
F:\code\medical-data-quality-pipeline\src\load\load_to_raw.py - build - 73

[INFO:20] 2026-07-05 15:44:56,747 - 	loaded 401/545 of the data.
F:\code\medical-data-quality-pipeline\src\load\load_to_raw.py - build - 73

[INFO:20] 2026-07-05 15:44:56,780 - 	loaded 402/545 of the data.
F:\code\medical-data-quality-pipeline\src\load\load_to_raw.py - build - 73

[INFO:20] 2026-07-05 15:44:56,812 - 	loaded 403/545 of the data.
F:\code\medical-data-quality-pipeline\src\load\load_to_raw.py - build - 73

[INFO:20] 2026-07-05 15:44:56,951 - 	loaded 404/545 of the data.
F:\code\medical-data-quality-pipeline\src\load\load_to_raw.py - build - 73

[INFO:20] 2026-07-05 15:44:56,982 - 	loaded 405/545 of the data.
F:\code\medical-data-quality-pipeline\src\load\load_to_raw.py - build - 73

[INFO:20] 2026-07-05 15:44:57,014 - 	loaded 406/545 of the data.
F:\code\medical-data-quality-pipeline\src\load\load_to_raw.py - build - 73

[INFO:20] 2026-07-05 15:44:57,049 - 	loaded 407/545 of the data.
F:\code\medical-data-quality-pipeline\src\load\load_to_raw.py - build - 73

[INFO:20] 2026-07-05 15:44:57,081 - 	loaded 408/545 of the data.
F:\code\medical-data-quality-pipeline\src\load\load_to_raw.py - build - 73

[INFO:20] 2026-07-05 15:44:57,216 - 	loaded 409/545 of the data.
F:\code\medical-data-quality-pipeline\src\load\load_to_raw.py - build - 73

[INFO:20] 2026-07-05 15:44:57,364 - 	loaded 410/545 of the data.
F:\code\medical-data-quality-pipeline\src\load\load_to_raw.py - build - 73

[INFO:20] 2026-07-05 15:44:57,434 - 	loaded 411/545 of the data.
F:\code\medical-data-quality-pipeline\src\load\load_to_raw.py - build - 73

[INFO:20] 2026-07-05 15:44:57,471 - 	loaded 412/545 of the data.
F:\code\medical-data-quality-pipeline\src\load\load_to_raw.py - build - 73

[INFO:20] 2026-07-05 15:44:57,501 - 	loaded 413/545 of the data.
F:\code\medical-data-quality-pipeline\src\load\load_to_raw.py - build - 73

[INFO:20] 2026-07-05 15:44:57,537 - 	loaded 414/545 of the data.
F:\code\medical-data-quality-pipeline\src\load\load_to_raw.py - build - 73

[INFO:20] 2026-07-05 15:44:57,566 - 	loaded 415/545 of the data.
F:\code\medical-data-quality-pipeline\src\load\load_to_raw.py - build - 73

[INFO:20] 2026-07-05 15:44:57,600 - 	loaded 416/545 of the data.
F:\code\medical-data-quality-pipeline\src\load\load_to_raw.py - build - 73

[INFO:20] 2026-07-05 15:44:57,632 - 	loaded 417/545 of the data.
F:\code\medical-data-quality-pipeline\src\load\load_to_raw.py - build - 73

[INFO:20] 2026-07-05 15:44:57,668 - 	loaded 418/545 of the data.
F:\code\medical-data-quality-pipeline\src\load\load_to_raw.py - build - 73

[INFO:20] 2026-07-05 15:44:57,706 - 	loaded 419/545 of the data.
F:\code\medical-data-quality-pipeline\src\load\load_to_raw.py - build - 73

[INFO:20] 2026-07-05 15:44:57,741 - 	loaded 420/545 of the data.
F:\code\medical-data-quality-pipeline\src\load\load_to_raw.py - build - 73

[INFO:20] 2026-07-05 15:44:57,882 - 	loaded 421/545 of the data.
F:\code\medical-data-quality-pipeline\src\load\load_to_raw.py - build - 73

[INFO:20] 2026-07-05 15:44:57,917 - 	loaded 422/545 of the data.
F:\code\medical-data-quality-pipeline\src\load\load_to_raw.py - build - 73

[INFO:20] 2026-07-05 15:44:57,948 - 	loaded 423/545 of the data.
F:\code\medical-data-quality-pipeline\src\load\load_to_raw.py - build - 73

[INFO:20] 2026-07-05 15:44:57,978 - 	loaded 424/545 of the data.
F:\code\medical-data-quality-pipeline\src\load\load_to_raw.py - build - 73

[INFO:20] 2026-07-05 15:44:58,012 - 	loaded 425/545 of the data.
F:\code\medical-data-quality-pipeline\src\load\load_to_raw.py - build - 73

[INFO:20] 2026-07-05 15:44:58,044 - 	loaded 426/545 of the data.
F:\code\medical-data-quality-pipeline\src\load\load_to_raw.py - build - 73

[INFO:20] 2026-07-05 15:44:58,077 - 	loaded 427/545 of the data.
F:\code\medical-data-quality-pipeline\src\load\load_to_raw.py - build - 73

[INFO:20] 2026-07-05 15:44:58,114 - 	loaded 428/545 of the data.
F:\code\medical-data-quality-pipeline\src\load\load_to_raw.py - build - 73

[INFO:20] 2026-07-05 15:44:58,273 - 	loaded 429/545 of the data.
F:\code\medical-data-quality-pipeline\src\load\load_to_raw.py - build - 73

[INFO:20] 2026-07-05 15:44:58,306 - 	loaded 430/545 of the data.
F:\code\medical-data-quality-pipeline\src\load\load_to_raw.py - build - 73

[INFO:20] 2026-07-05 15:44:58,341 - 	loaded 431/545 of the data.
F:\code\medical-data-quality-pipeline\src\load\load_to_raw.py - build - 73

[INFO:20] 2026-07-05 15:44:58,484 - 	loaded 432/545 of the data.
F:\code\medical-data-quality-pipeline\src\load\load_to_raw.py - build - 73

[INFO:20] 2026-07-05 15:44:58,524 - 	loaded 433/545 of the data.
F:\code\medical-data-quality-pipeline\src\load\load_to_raw.py - build - 73

[INFO:20] 2026-07-05 15:44:58,558 - 	loaded 434/545 of the data.
F:\code\medical-data-quality-pipeline\src\load\load_to_raw.py - build - 73

[INFO:20] 2026-07-05 15:44:58,594 - 	loaded 435/545 of the data.
F:\code\medical-data-quality-pipeline\src\load\load_to_raw.py - build - 73

[INFO:20] 2026-07-05 15:44:58,626 - 	loaded 436/545 of the data.
F:\code\medical-data-quality-pipeline\src\load\load_to_raw.py - build - 73

[INFO:20] 2026-07-05 15:44:58,660 - 	loaded 437/545 of the data.
F:\code\medical-data-quality-pipeline\src\load\load_to_raw.py - build - 73

[INFO:20] 2026-07-05 15:44:58,693 - 	loaded 438/545 of the data.
F:\code\medical-data-quality-pipeline\src\load\load_to_raw.py - build - 73

[INFO:20] 2026-07-05 15:44:58,726 - 	loaded 439/545 of the data.
F:\code\medical-data-quality-pipeline\src\load\load_to_raw.py - build - 73

[INFO:20] 2026-07-05 15:44:58,758 - 	loaded 440/545 of the data.
F:\code\medical-data-quality-pipeline\src\load\load_to_raw.py - build - 73

[INFO:20] 2026-07-05 15:44:58,796 - 	loaded 441/545 of the data.
F:\code\medical-data-quality-pipeline\src\load\load_to_raw.py - build - 73

[INFO:20] 2026-07-05 15:44:58,835 - 	loaded 442/545 of the data.
F:\code\medical-data-quality-pipeline\src\load\load_to_raw.py - build - 73

[INFO:20] 2026-07-05 15:44:58,868 - 	loaded 443/545 of the data.
F:\code\medical-data-quality-pipeline\src\load\load_to_raw.py - build - 73

[INFO:20] 2026-07-05 15:44:58,900 - 	loaded 444/545 of the data.
F:\code\medical-data-quality-pipeline\src\load\load_to_raw.py - build - 73

[INFO:20] 2026-07-05 15:44:58,935 - 	loaded 445/545 of the data.
F:\code\medical-data-quality-pipeline\src\load\load_to_raw.py - build - 73

[INFO:20] 2026-07-05 15:44:58,969 - 	loaded 446/545 of the data.
F:\code\medical-data-quality-pipeline\src\load\load_to_raw.py - build - 73

[INFO:20] 2026-07-05 15:44:59,116 - 	loaded 447/545 of the data.
F:\code\medical-data-quality-pipeline\src\load\load_to_raw.py - build - 73

[INFO:20] 2026-07-05 15:44:59,149 - 	loaded 448/545 of the data.
F:\code\medical-data-quality-pipeline\src\load\load_to_raw.py - build - 73

[INFO:20] 2026-07-05 15:44:59,181 - 	loaded 449/545 of the data.
F:\code\medical-data-quality-pipeline\src\load\load_to_raw.py - build - 73

[INFO:20] 2026-07-05 15:44:59,349 - 	loaded 450/545 of the data.
F:\code\medical-data-quality-pipeline\src\load\load_to_raw.py - build - 73

[INFO:20] 2026-07-05 15:44:59,387 - 	loaded 451/545 of the data.
F:\code\medical-data-quality-pipeline\src\load\load_to_raw.py - build - 73

[INFO:20] 2026-07-05 15:44:59,419 - 	loaded 452/545 of the data.
F:\code\medical-data-quality-pipeline\src\load\load_to_raw.py - build - 73

[INFO:20] 2026-07-05 15:44:59,450 - 	loaded 453/545 of the data.
F:\code\medical-data-quality-pipeline\src\load\load_to_raw.py - build - 73

[INFO:20] 2026-07-05 15:44:59,481 - 	loaded 454/545 of the data.
F:\code\medical-data-quality-pipeline\src\load\load_to_raw.py - build - 73

[INFO:20] 2026-07-05 15:44:59,512 - 	loaded 455/545 of the data.
F:\code\medical-data-quality-pipeline\src\load\load_to_raw.py - build - 73

[INFO:20] 2026-07-05 15:44:59,544 - 	loaded 456/545 of the data.
F:\code\medical-data-quality-pipeline\src\load\load_to_raw.py - build - 73

[INFO:20] 2026-07-05 15:44:59,580 - 	loaded 457/545 of the data.
F:\code\medical-data-quality-pipeline\src\load\load_to_raw.py - build - 73

[INFO:20] 2026-07-05 15:44:59,619 - 	loaded 458/545 of the data.
F:\code\medical-data-quality-pipeline\src\load\load_to_raw.py - build - 73

[INFO:20] 2026-07-05 15:44:59,651 - 	loaded 459/545 of the data.
F:\code\medical-data-quality-pipeline\src\load\load_to_raw.py - build - 73

[INFO:20] 2026-07-05 15:44:59,685 - 	loaded 460/545 of the data.
F:\code\medical-data-quality-pipeline\src\load\load_to_raw.py - build - 73

[INFO:20] 2026-07-05 15:44:59,721 - 	loaded 461/545 of the data.
F:\code\medical-data-quality-pipeline\src\load\load_to_raw.py - build - 73

[INFO:20] 2026-07-05 15:44:59,755 - 	loaded 462/545 of the data.
F:\code\medical-data-quality-pipeline\src\load\load_to_raw.py - build - 73

[INFO:20] 2026-07-05 15:44:59,788 - 	loaded 463/545 of the data.
F:\code\medical-data-quality-pipeline\src\load\load_to_raw.py - build - 73

[INFO:20] 2026-07-05 15:44:59,847 - 	loaded 464/545 of the data.
F:\code\medical-data-quality-pipeline\src\load\load_to_raw.py - build - 73

[INFO:20] 2026-07-05 15:44:59,893 - 	loaded 465/545 of the data.
F:\code\medical-data-quality-pipeline\src\load\load_to_raw.py - build - 73

[INFO:20] 2026-07-05 15:44:59,938 - 	loaded 466/545 of the data.
F:\code\medical-data-quality-pipeline\src\load\load_to_raw.py - build - 73

[INFO:20] 2026-07-05 15:45:00,097 - 	loaded 467/545 of the data.
F:\code\medical-data-quality-pipeline\src\load\load_to_raw.py - build - 73

[INFO:20] 2026-07-05 15:45:00,147 - 	loaded 468/545 of the data.
F:\code\medical-data-quality-pipeline\src\load\load_to_raw.py - build - 73

[INFO:20] 2026-07-05 15:45:00,193 - 	loaded 469/545 of the data.
F:\code\medical-data-quality-pipeline\src\load\load_to_raw.py - build - 73

[INFO:20] 2026-07-05 15:45:00,228 - 	loaded 470/545 of the data.
F:\code\medical-data-quality-pipeline\src\load\load_to_raw.py - build - 73

[INFO:20] 2026-07-05 15:45:00,262 - 	loaded 471/545 of the data.
F:\code\medical-data-quality-pipeline\src\load\load_to_raw.py - build - 73

[INFO:20] 2026-07-05 15:45:00,295 - 	loaded 472/545 of the data.
F:\code\medical-data-quality-pipeline\src\load\load_to_raw.py - build - 73

[INFO:20] 2026-07-05 15:45:00,330 - 	loaded 473/545 of the data.
F:\code\medical-data-quality-pipeline\src\load\load_to_raw.py - build - 73

[INFO:20] 2026-07-05 15:45:00,369 - 	loaded 474/545 of the data.
F:\code\medical-data-quality-pipeline\src\load\load_to_raw.py - build - 73

[INFO:20] 2026-07-05 15:45:00,402 - 	loaded 475/545 of the data.
F:\code\medical-data-quality-pipeline\src\load\load_to_raw.py - build - 73

[INFO:20] 2026-07-05 15:45:00,435 - 	loaded 476/545 of the data.
F:\code\medical-data-quality-pipeline\src\load\load_to_raw.py - build - 73

[INFO:20] 2026-07-05 15:45:00,468 - 	loaded 477/545 of the data.
F:\code\medical-data-quality-pipeline\src\load\load_to_raw.py - build - 73

[INFO:20] 2026-07-05 15:45:00,500 - 	loaded 478/545 of the data.
F:\code\medical-data-quality-pipeline\src\load\load_to_raw.py - build - 73

[INFO:20] 2026-07-05 15:45:00,534 - 	loaded 479/545 of the data.
F:\code\medical-data-quality-pipeline\src\load\load_to_raw.py - build - 73

[INFO:20] 2026-07-05 15:45:00,575 - 	loaded 480/545 of the data.
F:\code\medical-data-quality-pipeline\src\load\load_to_raw.py - build - 73

[INFO:20] 2026-07-05 15:45:00,612 - 	loaded 481/545 of the data.
F:\code\medical-data-quality-pipeline\src\load\load_to_raw.py - build - 73

[INFO:20] 2026-07-05 15:45:00,758 - 	loaded 482/545 of the data.
F:\code\medical-data-quality-pipeline\src\load\load_to_raw.py - build - 73

[INFO:20] 2026-07-05 15:45:00,896 - 	loaded 483/545 of the data.
F:\code\medical-data-quality-pipeline\src\load\load_to_raw.py - build - 73

[INFO:20] 2026-07-05 15:45:00,928 - 	loaded 484/545 of the data.
F:\code\medical-data-quality-pipeline\src\load\load_to_raw.py - build - 73

[INFO:20] 2026-07-05 15:45:00,961 - 	loaded 485/545 of the data.
F:\code\medical-data-quality-pipeline\src\load\load_to_raw.py - build - 73

[INFO:20] 2026-07-05 15:45:01,099 - 	loaded 486/545 of the data.
F:\code\medical-data-quality-pipeline\src\load\load_to_raw.py - build - 73

[INFO:20] 2026-07-05 15:45:01,134 - 	loaded 487/545 of the data.
F:\code\medical-data-quality-pipeline\src\load\load_to_raw.py - build - 73

[INFO:20] 2026-07-05 15:45:01,167 - 	loaded 488/545 of the data.
F:\code\medical-data-quality-pipeline\src\load\load_to_raw.py - build - 73

[INFO:20] 2026-07-05 15:45:01,202 - 	loaded 489/545 of the data.
F:\code\medical-data-quality-pipeline\src\load\load_to_raw.py - build - 73

[INFO:20] 2026-07-05 15:45:01,235 - 	loaded 490/545 of the data.
F:\code\medical-data-quality-pipeline\src\load\load_to_raw.py - build - 73

[INFO:20] 2026-07-05 15:45:01,267 - 	loaded 491/545 of the data.
F:\code\medical-data-quality-pipeline\src\load\load_to_raw.py - build - 73

[INFO:20] 2026-07-05 15:45:01,299 - 	loaded 492/545 of the data.
F:\code\medical-data-quality-pipeline\src\load\load_to_raw.py - build - 73

[INFO:20] 2026-07-05 15:45:01,330 - 	loaded 493/545 of the data.
F:\code\medical-data-quality-pipeline\src\load\load_to_raw.py - build - 73

[INFO:20] 2026-07-05 15:45:01,363 - 	loaded 494/545 of the data.
F:\code\medical-data-quality-pipeline\src\load\load_to_raw.py - build - 73

[INFO:20] 2026-07-05 15:45:01,399 - 	loaded 495/545 of the data.
F:\code\medical-data-quality-pipeline\src\load\load_to_raw.py - build - 73

[INFO:20] 2026-07-05 15:45:01,438 - 	loaded 496/545 of the data.
F:\code\medical-data-quality-pipeline\src\load\load_to_raw.py - build - 73

[INFO:20] 2026-07-05 15:45:01,471 - 	loaded 497/545 of the data.
F:\code\medical-data-quality-pipeline\src\load\load_to_raw.py - build - 73

[INFO:20] 2026-07-05 15:45:01,506 - 	loaded 498/545 of the data.
F:\code\medical-data-quality-pipeline\src\load\load_to_raw.py - build - 73

[INFO:20] 2026-07-05 15:45:01,541 - 	loaded 499/545 of the data.
F:\code\medical-data-quality-pipeline\src\load\load_to_raw.py - build - 73

[INFO:20] 2026-07-05 15:45:01,574 - 	loaded 500/545 of the data.
F:\code\medical-data-quality-pipeline\src\load\load_to_raw.py - build - 73

[INFO:20] 2026-07-05 15:45:01,608 - 	loaded 501/545 of the data.
F:\code\medical-data-quality-pipeline\src\load\load_to_raw.py - build - 73

[INFO:20] 2026-07-05 15:45:01,647 - 	loaded 502/545 of the data.
F:\code\medical-data-quality-pipeline\src\load\load_to_raw.py - build - 73

[INFO:20] 2026-07-05 15:45:01,682 - 	loaded 503/545 of the data.
F:\code\medical-data-quality-pipeline\src\load\load_to_raw.py - build - 73

[INFO:20] 2026-07-05 15:45:01,715 - 	loaded 504/545 of the data.
F:\code\medical-data-quality-pipeline\src\load\load_to_raw.py - build - 73

[INFO:20] 2026-07-05 15:45:01,750 - 	loaded 505/545 of the data.
F:\code\medical-data-quality-pipeline\src\load\load_to_raw.py - build - 73

[INFO:20] 2026-07-05 15:45:01,784 - 	loaded 506/545 of the data.
F:\code\medical-data-quality-pipeline\src\load\load_to_raw.py - build - 73

[INFO:20] 2026-07-05 15:45:01,818 - 	loaded 507/545 of the data.
F:\code\medical-data-quality-pipeline\src\load\load_to_raw.py - build - 73

[INFO:20] 2026-07-05 15:45:01,857 - 	loaded 508/545 of the data.
F:\code\medical-data-quality-pipeline\src\load\load_to_raw.py - build - 73

[INFO:20] 2026-07-05 15:45:01,896 - 	loaded 509/545 of the data.
F:\code\medical-data-quality-pipeline\src\load\load_to_raw.py - build - 73

[INFO:20] 2026-07-05 15:45:01,930 - 	loaded 510/545 of the data.
F:\code\medical-data-quality-pipeline\src\load\load_to_raw.py - build - 73

[INFO:20] 2026-07-05 15:45:01,963 - 	loaded 511/545 of the data.
F:\code\medical-data-quality-pipeline\src\load\load_to_raw.py - build - 73

[INFO:20] 2026-07-05 15:45:01,997 - 	loaded 512/545 of the data.
F:\code\medical-data-quality-pipeline\src\load\load_to_raw.py - build - 73

[INFO:20] 2026-07-05 15:45:02,031 - 	loaded 513/545 of the data.
F:\code\medical-data-quality-pipeline\src\load\load_to_raw.py - build - 73

[INFO:20] 2026-07-05 15:45:02,071 - 	loaded 514/545 of the data.
F:\code\medical-data-quality-pipeline\src\load\load_to_raw.py - build - 73

[INFO:20] 2026-07-05 15:45:02,106 - 	loaded 515/545 of the data.
F:\code\medical-data-quality-pipeline\src\load\load_to_raw.py - build - 73

[INFO:20] 2026-07-05 15:45:02,140 - 	loaded 516/545 of the data.
F:\code\medical-data-quality-pipeline\src\load\load_to_raw.py - build - 73

[INFO:20] 2026-07-05 15:45:02,173 - 	loaded 517/545 of the data.
F:\code\medical-data-quality-pipeline\src\load\load_to_raw.py - build - 73

[INFO:20] 2026-07-05 15:45:02,313 - 	loaded 518/545 of the data.
F:\code\medical-data-quality-pipeline\src\load\load_to_raw.py - build - 73

[INFO:20] 2026-07-05 15:45:02,352 - 	loaded 519/545 of the data.
F:\code\medical-data-quality-pipeline\src\load\load_to_raw.py - build - 73

[INFO:20] 2026-07-05 15:45:02,383 - 	loaded 520/545 of the data.
F:\code\medical-data-quality-pipeline\src\load\load_to_raw.py - build - 73

[INFO:20] 2026-07-05 15:45:02,415 - 	loaded 521/545 of the data.
F:\code\medical-data-quality-pipeline\src\load\load_to_raw.py - build - 73

[INFO:20] 2026-07-05 15:45:02,448 - 	loaded 522/545 of the data.
F:\code\medical-data-quality-pipeline\src\load\load_to_raw.py - build - 73

[INFO:20] 2026-07-05 15:45:02,480 - 	loaded 523/545 of the data.
F:\code\medical-data-quality-pipeline\src\load\load_to_raw.py - build - 73

[INFO:20] 2026-07-05 15:45:02,628 - 	loaded 524/545 of the data.
F:\code\medical-data-quality-pipeline\src\load\load_to_raw.py - build - 73

[INFO:20] 2026-07-05 15:45:02,671 - 	loaded 525/545 of the data.
F:\code\medical-data-quality-pipeline\src\load\load_to_raw.py - build - 73

[INFO:20] 2026-07-05 15:45:02,713 - 	loaded 526/545 of the data.
F:\code\medical-data-quality-pipeline\src\load\load_to_raw.py - build - 73

[INFO:20] 2026-07-05 15:45:02,748 - 	loaded 527/545 of the data.
F:\code\medical-data-quality-pipeline\src\load\load_to_raw.py - build - 73

[INFO:20] 2026-07-05 15:45:02,782 - 	loaded 528/545 of the data.
F:\code\medical-data-quality-pipeline\src\load\load_to_raw.py - build - 73

[INFO:20] 2026-07-05 15:45:02,813 - 	loaded 529/545 of the data.
F:\code\medical-data-quality-pipeline\src\load\load_to_raw.py - build - 73

[INFO:20] 2026-07-05 15:45:02,847 - 	loaded 530/545 of the data.
F:\code\medical-data-quality-pipeline\src\load\load_to_raw.py - build - 73

[INFO:20] 2026-07-05 15:45:02,886 - 	loaded 531/545 of the data.
F:\code\medical-data-quality-pipeline\src\load\load_to_raw.py - build - 73

[INFO:20] 2026-07-05 15:45:02,920 - 	loaded 532/545 of the data.
F:\code\medical-data-quality-pipeline\src\load\load_to_raw.py - build - 73

[INFO:20] 2026-07-05 15:45:02,955 - 	loaded 533/545 of the data.
F:\code\medical-data-quality-pipeline\src\load\load_to_raw.py - build - 73

[INFO:20] 2026-07-05 15:45:02,989 - 	loaded 534/545 of the data.
F:\code\medical-data-quality-pipeline\src\load\load_to_raw.py - build - 73

[INFO:20] 2026-07-05 15:45:03,129 - 	loaded 535/545 of the data.
F:\code\medical-data-quality-pipeline\src\load\load_to_raw.py - build - 73

[INFO:20] 2026-07-05 15:45:03,164 - 	loaded 536/545 of the data.
F:\code\medical-data-quality-pipeline\src\load\load_to_raw.py - build - 73

[INFO:20] 2026-07-05 15:45:03,197 - 	loaded 537/545 of the data.
F:\code\medical-data-quality-pipeline\src\load\load_to_raw.py - build - 73

[INFO:20] 2026-07-05 15:45:03,268 - 	loaded 538/545 of the data.
F:\code\medical-data-quality-pipeline\src\load\load_to_raw.py - build - 73

[INFO:20] 2026-07-05 15:45:03,306 - 	loaded 539/545 of the data.
F:\code\medical-data-quality-pipeline\src\load\load_to_raw.py - build - 73

[INFO:20] 2026-07-05 15:45:03,448 - 	loaded 540/545 of the data.
F:\code\medical-data-quality-pipeline\src\load\load_to_raw.py - build - 73

[INFO:20] 2026-07-05 15:45:03,479 - 	loaded 541/545 of the data.
F:\code\medical-data-quality-pipeline\src\load\load_to_raw.py - build - 73

[INFO:20] 2026-07-05 15:45:03,512 - 	loaded 542/545 of the data.
F:\code\medical-data-quality-pipeline\src\load\load_to_raw.py - build - 73

[INFO:20] 2026-07-05 15:45:03,544 - 	loaded 543/545 of the data.
F:\code\medical-data-quality-pipeline\src\load\load_to_raw.py - build - 73

[INFO:20] 2026-07-05 15:45:03,576 - 	loaded 544/545 of the data.
F:\code\medical-data-quality-pipeline\src\load\load_to_raw.py - build - 73

[INFO:20] 2026-07-05 15:45:03,611 - 	loaded 545/545 of the data.
F:\code\medical-data-quality-pipeline\src\load\load_to_raw.py - build - 73

[INFO:20] 2026-07-05 15:45:03,611 - data of raw.diagnosis table inserted.
F:\code\medical-data-quality-pipeline\src\load\load_to_raw.py - build - 77

[INFO:20] 2026-07-05 15:45:03,611 - preparing table raw.edstays.
F:\code\medical-data-quality-pipeline\src\load\load_to_raw.py - build - 38

[INFO:20] 2026-07-05 15:45:03,661 - creating table raw.edstays.
F:\code\medical-data-quality-pipeline\src\load\load_to_raw.py - build - 53

[INFO:20] 2026-07-05 15:45:03,712 - Table raw.edstays created
F:\code\medical-data-quality-pipeline\src\load\load_to_raw.py - build - 56

[INFO:20] 2026-07-05 15:45:03,712 - preparing data of raw.edstays table.
F:\code\medical-data-quality-pipeline\src\load\load_to_raw.py - build - 61

[INFO:20] 2026-07-05 15:45:03,712 - inserting data of raw.edstays table.
F:\code\medical-data-quality-pipeline\src\load\load_to_raw.py - build - 68

[INFO:20] 2026-07-05 15:45:03,871 - 	loaded 1/222 of the data.
F:\code\medical-data-quality-pipeline\src\load\load_to_raw.py - build - 73

[INFO:20] 2026-07-05 15:45:03,913 - 	loaded 2/222 of the data.
F:\code\medical-data-quality-pipeline\src\load\load_to_raw.py - build - 73

[INFO:20] 2026-07-05 15:45:03,945 - 	loaded 3/222 of the data.
F:\code\medical-data-quality-pipeline\src\load\load_to_raw.py - build - 73

[INFO:20] 2026-07-05 15:45:03,980 - 	loaded 4/222 of the data.
F:\code\medical-data-quality-pipeline\src\load\load_to_raw.py - build - 73

[INFO:20] 2026-07-05 15:45:04,014 - 	loaded 5/222 of the data.
F:\code\medical-data-quality-pipeline\src\load\load_to_raw.py - build - 73

[INFO:20] 2026-07-05 15:45:04,047 - 	loaded 6/222 of the data.
F:\code\medical-data-quality-pipeline\src\load\load_to_raw.py - build - 73

[INFO:20] 2026-07-05 15:45:04,080 - 	loaded 7/222 of the data.
F:\code\medical-data-quality-pipeline\src\load\load_to_raw.py - build - 73

[INFO:20] 2026-07-05 15:45:04,122 - 	loaded 8/222 of the data.
F:\code\medical-data-quality-pipeline\src\load\load_to_raw.py - build - 73

[INFO:20] 2026-07-05 15:45:04,159 - 	loaded 9/222 of the data.
F:\code\medical-data-quality-pipeline\src\load\load_to_raw.py - build - 73

[INFO:20] 2026-07-05 15:45:04,193 - 	loaded 10/222 of the data.
F:\code\medical-data-quality-pipeline\src\load\load_to_raw.py - build - 73

[INFO:20] 2026-07-05 15:45:04,227 - 	loaded 11/222 of the data.
F:\code\medical-data-quality-pipeline\src\load\load_to_raw.py - build - 73

[INFO:20] 2026-07-05 15:45:04,260 - 	loaded 12/222 of the data.
F:\code\medical-data-quality-pipeline\src\load\load_to_raw.py - build - 73

[INFO:20] 2026-07-05 15:45:04,303 - 	loaded 13/222 of the data.
F:\code\medical-data-quality-pipeline\src\load\load_to_raw.py - build - 73

[INFO:20] 2026-07-05 15:45:04,343 - 	loaded 14/222 of the data.
F:\code\medical-data-quality-pipeline\src\load\load_to_raw.py - build - 73

[INFO:20] 2026-07-05 15:45:04,492 - 	loaded 15/222 of the data.
F:\code\medical-data-quality-pipeline\src\load\load_to_raw.py - build - 73

[INFO:20] 2026-07-05 15:45:04,530 - 	loaded 16/222 of the data.
F:\code\medical-data-quality-pipeline\src\load\load_to_raw.py - build - 73

[INFO:20] 2026-07-05 15:45:04,564 - 	loaded 17/222 of the data.
F:\code\medical-data-quality-pipeline\src\load\load_to_raw.py - build - 73

[INFO:20] 2026-07-05 15:45:04,597 - 	loaded 18/222 of the data.
F:\code\medical-data-quality-pipeline\src\load\load_to_raw.py - build - 73

[INFO:20] 2026-07-05 15:45:04,628 - 	loaded 19/222 of the data.
F:\code\medical-data-quality-pipeline\src\load\load_to_raw.py - build - 73

[INFO:20] 2026-07-05 15:45:04,660 - 	loaded 20/222 of the data.
F:\code\medical-data-quality-pipeline\src\load\load_to_raw.py - build - 73

[INFO:20] 2026-07-05 15:45:04,693 - 	loaded 21/222 of the data.
F:\code\medical-data-quality-pipeline\src\load\load_to_raw.py - build - 73

[INFO:20] 2026-07-05 15:45:04,726 - 	loaded 22/222 of the data.
F:\code\medical-data-quality-pipeline\src\load\load_to_raw.py - build - 73

[INFO:20] 2026-07-05 15:45:04,877 - 	loaded 23/222 of the data.
F:\code\medical-data-quality-pipeline\src\load\load_to_raw.py - build - 73

[INFO:20] 2026-07-05 15:45:04,910 - 	loaded 24/222 of the data.
F:\code\medical-data-quality-pipeline\src\load\load_to_raw.py - build - 73

[INFO:20] 2026-07-05 15:45:04,941 - 	loaded 25/222 of the data.
F:\code\medical-data-quality-pipeline\src\load\load_to_raw.py - build - 73

[INFO:20] 2026-07-05 15:45:04,973 - 	loaded 26/222 of the data.
F:\code\medical-data-quality-pipeline\src\load\load_to_raw.py - build - 73

[INFO:20] 2026-07-05 15:45:05,004 - 	loaded 27/222 of the data.
F:\code\medical-data-quality-pipeline\src\load\load_to_raw.py - build - 73

[INFO:20] 2026-07-05 15:45:05,037 - 	loaded 28/222 of the data.
F:\code\medical-data-quality-pipeline\src\load\load_to_raw.py - build - 73

[INFO:20] 2026-07-05 15:45:05,183 - 	loaded 29/222 of the data.
F:\code\medical-data-quality-pipeline\src\load\load_to_raw.py - build - 73

[INFO:20] 2026-07-05 15:45:05,213 - 	loaded 30/222 of the data.
F:\code\medical-data-quality-pipeline\src\load\load_to_raw.py - build - 73

[INFO:20] 2026-07-05 15:45:05,245 - 	loaded 31/222 of the data.
F:\code\medical-data-quality-pipeline\src\load\load_to_raw.py - build - 73

[INFO:20] 2026-07-05 15:45:05,280 - 	loaded 32/222 of the data.
F:\code\medical-data-quality-pipeline\src\load\load_to_raw.py - build - 73

[INFO:20] 2026-07-05 15:45:05,314 - 	loaded 33/222 of the data.
F:\code\medical-data-quality-pipeline\src\load\load_to_raw.py - build - 73

[INFO:20] 2026-07-05 15:45:05,345 - 	loaded 34/222 of the data.
F:\code\medical-data-quality-pipeline\src\load\load_to_raw.py - build - 73

[INFO:20] 2026-07-05 15:45:05,378 - 	loaded 35/222 of the data.
F:\code\medical-data-quality-pipeline\src\load\load_to_raw.py - build - 73

[INFO:20] 2026-07-05 15:45:05,416 - 	loaded 36/222 of the data.
F:\code\medical-data-quality-pipeline\src\load\load_to_raw.py - build - 73

[INFO:20] 2026-07-05 15:45:05,455 - 	loaded 37/222 of the data.
F:\code\medical-data-quality-pipeline\src\load\load_to_raw.py - build - 73

[INFO:20] 2026-07-05 15:45:05,600 - 	loaded 38/222 of the data.
F:\code\medical-data-quality-pipeline\src\load\load_to_raw.py - build - 73

[INFO:20] 2026-07-05 15:45:05,640 - 	loaded 39/222 of the data.
F:\code\medical-data-quality-pipeline\src\load\load_to_raw.py - build - 73

[INFO:20] 2026-07-05 15:45:05,677 - 	loaded 40/222 of the data.
F:\code\medical-data-quality-pipeline\src\load\load_to_raw.py - build - 73

[INFO:20] 2026-07-05 15:45:05,708 - 	loaded 41/222 of the data.
F:\code\medical-data-quality-pipeline\src\load\load_to_raw.py - build - 73

[INFO:20] 2026-07-05 15:45:05,744 - 	loaded 42/222 of the data.
F:\code\medical-data-quality-pipeline\src\load\load_to_raw.py - build - 73

[INFO:20] 2026-07-05 15:45:05,775 - 	loaded 43/222 of the data.
F:\code\medical-data-quality-pipeline\src\load\load_to_raw.py - build - 73

[INFO:20] 2026-07-05 15:45:05,808 - 	loaded 44/222 of the data.
F:\code\medical-data-quality-pipeline\src\load\load_to_raw.py - build - 73

[INFO:20] 2026-07-05 15:45:05,841 - 	loaded 45/222 of the data.
F:\code\medical-data-quality-pipeline\src\load\load_to_raw.py - build - 73

[INFO:20] 2026-07-05 15:45:05,879 - 	loaded 46/222 of the data.
F:\code\medical-data-quality-pipeline\src\load\load_to_raw.py - build - 73

[INFO:20] 2026-07-05 15:45:05,919 - 	loaded 47/222 of the data.
F:\code\medical-data-quality-pipeline\src\load\load_to_raw.py - build - 73

[INFO:20] 2026-07-05 15:45:05,952 - 	loaded 48/222 of the data.
F:\code\medical-data-quality-pipeline\src\load\load_to_raw.py - build - 73

[INFO:20] 2026-07-05 15:45:05,984 - 	loaded 49/222 of the data.
F:\code\medical-data-quality-pipeline\src\load\load_to_raw.py - build - 73

[INFO:20] 2026-07-05 15:45:06,017 - 	loaded 50/222 of the data.
F:\code\medical-data-quality-pipeline\src\load\load_to_raw.py - build - 73

[INFO:20] 2026-07-05 15:45:06,049 - 	loaded 51/222 of the data.
F:\code\medical-data-quality-pipeline\src\load\load_to_raw.py - build - 73

[INFO:20] 2026-07-05 15:45:06,083 - 	loaded 52/222 of the data.
F:\code\medical-data-quality-pipeline\src\load\load_to_raw.py - build - 73

[INFO:20] 2026-07-05 15:45:06,122 - 	loaded 53/222 of the data.
F:\code\medical-data-quality-pipeline\src\load\load_to_raw.py - build - 73

[INFO:20] 2026-07-05 15:45:06,160 - 	loaded 54/222 of the data.
F:\code\medical-data-quality-pipeline\src\load\load_to_raw.py - build - 73

[INFO:20] 2026-07-05 15:45:06,192 - 	loaded 55/222 of the data.
F:\code\medical-data-quality-pipeline\src\load\load_to_raw.py - build - 73

[INFO:20] 2026-07-05 15:45:06,223 - 	loaded 56/222 of the data.
F:\code\medical-data-quality-pipeline\src\load\load_to_raw.py - build - 73

[INFO:20] 2026-07-05 15:45:06,255 - 	loaded 57/222 of the data.
F:\code\medical-data-quality-pipeline\src\load\load_to_raw.py - build - 73

[INFO:20] 2026-07-05 15:45:06,291 - 	loaded 58/222 of the data.
F:\code\medical-data-quality-pipeline\src\load\load_to_raw.py - build - 73

[INFO:20] 2026-07-05 15:45:06,329 - 	loaded 59/222 of the data.
F:\code\medical-data-quality-pipeline\src\load\load_to_raw.py - build - 73

[INFO:20] 2026-07-05 15:45:06,366 - 	loaded 60/222 of the data.
F:\code\medical-data-quality-pipeline\src\load\load_to_raw.py - build - 73

[INFO:20] 2026-07-05 15:45:06,399 - 	loaded 61/222 of the data.
F:\code\medical-data-quality-pipeline\src\load\load_to_raw.py - build - 73

[INFO:20] 2026-07-05 15:45:06,434 - 	loaded 62/222 of the data.
F:\code\medical-data-quality-pipeline\src\load\load_to_raw.py - build - 73

[INFO:20] 2026-07-05 15:45:06,467 - 	loaded 63/222 of the data.
F:\code\medical-data-quality-pipeline\src\load\load_to_raw.py - build - 73

[INFO:20] 2026-07-05 15:45:06,615 - 	loaded 64/222 of the data.
F:\code\medical-data-quality-pipeline\src\load\load_to_raw.py - build - 73

[INFO:20] 2026-07-05 15:45:06,650 - 	loaded 65/222 of the data.
F:\code\medical-data-quality-pipeline\src\load\load_to_raw.py - build - 73

[INFO:20] 2026-07-05 15:45:06,682 - 	loaded 66/222 of the data.
F:\code\medical-data-quality-pipeline\src\load\load_to_raw.py - build - 73

[INFO:20] 2026-07-05 15:45:06,716 - 	loaded 67/222 of the data.
F:\code\medical-data-quality-pipeline\src\load\load_to_raw.py - build - 73

[INFO:20] 2026-07-05 15:45:06,859 - 	loaded 68/222 of the data.
F:\code\medical-data-quality-pipeline\src\load\load_to_raw.py - build - 73

[INFO:20] 2026-07-05 15:45:06,894 - 	loaded 69/222 of the data.
F:\code\medical-data-quality-pipeline\src\load\load_to_raw.py - build - 73

[INFO:20] 2026-07-05 15:45:06,925 - 	loaded 70/222 of the data.
F:\code\medical-data-quality-pipeline\src\load\load_to_raw.py - build - 73

[INFO:20] 2026-07-05 15:45:06,958 - 	loaded 71/222 of the data.
F:\code\medical-data-quality-pipeline\src\load\load_to_raw.py - build - 73

[INFO:20] 2026-07-05 15:45:06,991 - 	loaded 72/222 of the data.
F:\code\medical-data-quality-pipeline\src\load\load_to_raw.py - build - 73

[INFO:20] 2026-07-05 15:45:07,026 - 	loaded 73/222 of the data.
F:\code\medical-data-quality-pipeline\src\load\load_to_raw.py - build - 73

[INFO:20] 2026-07-05 15:45:07,059 - 	loaded 74/222 of the data.
F:\code\medical-data-quality-pipeline\src\load\load_to_raw.py - build - 73

[INFO:20] 2026-07-05 15:45:07,099 - 	loaded 75/222 of the data.
F:\code\medical-data-quality-pipeline\src\load\load_to_raw.py - build - 73

[INFO:20] 2026-07-05 15:45:07,136 - 	loaded 76/222 of the data.
F:\code\medical-data-quality-pipeline\src\load\load_to_raw.py - build - 73

[INFO:20] 2026-07-05 15:45:07,170 - 	loaded 77/222 of the data.
F:\code\medical-data-quality-pipeline\src\load\load_to_raw.py - build - 73

[INFO:20] 2026-07-05 15:45:07,203 - 	loaded 78/222 of the data.
F:\code\medical-data-quality-pipeline\src\load\load_to_raw.py - build - 73

[INFO:20] 2026-07-05 15:45:07,237 - 	loaded 79/222 of the data.
F:\code\medical-data-quality-pipeline\src\load\load_to_raw.py - build - 73

[INFO:20] 2026-07-05 15:45:07,269 - 	loaded 80/222 of the data.
F:\code\medical-data-quality-pipeline\src\load\load_to_raw.py - build - 73

[INFO:20] 2026-07-05 15:45:07,311 - 	loaded 81/222 of the data.
F:\code\medical-data-quality-pipeline\src\load\load_to_raw.py - build - 73

[INFO:20] 2026-07-05 15:45:07,352 - 	loaded 82/222 of the data.
F:\code\medical-data-quality-pipeline\src\load\load_to_raw.py - build - 73

[INFO:20] 2026-07-05 15:45:07,385 - 	loaded 83/222 of the data.
F:\code\medical-data-quality-pipeline\src\load\load_to_raw.py - build - 73

[INFO:20] 2026-07-05 15:45:07,418 - 	loaded 84/222 of the data.
F:\code\medical-data-quality-pipeline\src\load\load_to_raw.py - build - 73

[INFO:20] 2026-07-05 15:45:07,451 - 	loaded 85/222 of the data.
F:\code\medical-data-quality-pipeline\src\load\load_to_raw.py - build - 73

[INFO:20] 2026-07-05 15:45:07,591 - 	loaded 86/222 of the data.
F:\code\medical-data-quality-pipeline\src\load\load_to_raw.py - build - 73

[INFO:20] 2026-07-05 15:45:07,626 - 	loaded 87/222 of the data.
F:\code\medical-data-quality-pipeline\src\load\load_to_raw.py - build - 73

[INFO:20] 2026-07-05 15:45:07,679 - 	loaded 88/222 of the data.
F:\code\medical-data-quality-pipeline\src\load\load_to_raw.py - build - 73

[INFO:20] 2026-07-05 15:45:07,715 - 	loaded 89/222 of the data.
F:\code\medical-data-quality-pipeline\src\load\load_to_raw.py - build - 73

[INFO:20] 2026-07-05 15:45:07,748 - 	loaded 90/222 of the data.
F:\code\medical-data-quality-pipeline\src\load\load_to_raw.py - build - 73

[INFO:20] 2026-07-05 15:45:07,782 - 	loaded 91/222 of the data.
F:\code\medical-data-quality-pipeline\src\load\load_to_raw.py - build - 73

[INFO:20] 2026-07-05 15:45:07,817 - 	loaded 92/222 of the data.
F:\code\medical-data-quality-pipeline\src\load\load_to_raw.py - build - 73

[INFO:20] 2026-07-05 15:45:07,955 - 	loaded 93/222 of the data.
F:\code\medical-data-quality-pipeline\src\load\load_to_raw.py - build - 73

[INFO:20] 2026-07-05 15:45:07,987 - 	loaded 94/222 of the data.
F:\code\medical-data-quality-pipeline\src\load\load_to_raw.py - build - 73

[INFO:20] 2026-07-05 15:45:08,019 - 	loaded 95/222 of the data.
F:\code\medical-data-quality-pipeline\src\load\load_to_raw.py - build - 73

[INFO:20] 2026-07-05 15:45:08,059 - 	loaded 96/222 of the data.
F:\code\medical-data-quality-pipeline\src\load\load_to_raw.py - build - 73

[INFO:20] 2026-07-05 15:45:08,091 - 	loaded 97/222 of the data.
F:\code\medical-data-quality-pipeline\src\load\load_to_raw.py - build - 73

[INFO:20] 2026-07-05 15:45:08,241 - 	loaded 98/222 of the data.
F:\code\medical-data-quality-pipeline\src\load\load_to_raw.py - build - 73

[INFO:20] 2026-07-05 15:45:08,273 - 	loaded 99/222 of the data.
F:\code\medical-data-quality-pipeline\src\load\load_to_raw.py - build - 73

[INFO:20] 2026-07-05 15:45:08,304 - 	loaded 100/222 of the data.
F:\code\medical-data-quality-pipeline\src\load\load_to_raw.py - build - 73

[INFO:20] 2026-07-05 15:45:08,335 - 	loaded 101/222 of the data.
F:\code\medical-data-quality-pipeline\src\load\load_to_raw.py - build - 73

[INFO:20] 2026-07-05 15:45:08,367 - 	loaded 102/222 of the data.
F:\code\medical-data-quality-pipeline\src\load\load_to_raw.py - build - 73

[INFO:20] 2026-07-05 15:45:08,397 - 	loaded 103/222 of the data.
F:\code\medical-data-quality-pipeline\src\load\load_to_raw.py - build - 73

[INFO:20] 2026-07-05 15:45:08,548 - 	loaded 104/222 of the data.
F:\code\medical-data-quality-pipeline\src\load\load_to_raw.py - build - 73

[INFO:20] 2026-07-05 15:45:08,584 - 	loaded 105/222 of the data.
F:\code\medical-data-quality-pipeline\src\load\load_to_raw.py - build - 73

[INFO:20] 2026-07-05 15:45:08,614 - 	loaded 106/222 of the data.
F:\code\medical-data-quality-pipeline\src\load\load_to_raw.py - build - 73

[INFO:20] 2026-07-05 15:45:08,648 - 	loaded 107/222 of the data.
F:\code\medical-data-quality-pipeline\src\load\load_to_raw.py - build - 73

[INFO:20] 2026-07-05 15:45:08,688 - 	loaded 108/222 of the data.
F:\code\medical-data-quality-pipeline\src\load\load_to_raw.py - build - 73

[INFO:20] 2026-07-05 15:45:08,829 - 	loaded 109/222 of the data.
F:\code\medical-data-quality-pipeline\src\load\load_to_raw.py - build - 73

[INFO:20] 2026-07-05 15:45:08,861 - 	loaded 110/222 of the data.
F:\code\medical-data-quality-pipeline\src\load\load_to_raw.py - build - 73

[INFO:20] 2026-07-05 15:45:08,893 - 	loaded 111/222 of the data.
F:\code\medical-data-quality-pipeline\src\load\load_to_raw.py - build - 73

[INFO:20] 2026-07-05 15:45:08,924 - 	loaded 112/222 of the data.
F:\code\medical-data-quality-pipeline\src\load\load_to_raw.py - build - 73

[INFO:20] 2026-07-05 15:45:08,958 - 	loaded 113/222 of the data.
F:\code\medical-data-quality-pipeline\src\load\load_to_raw.py - build - 73

[INFO:20] 2026-07-05 15:45:08,990 - 	loaded 114/222 of the data.
F:\code\medical-data-quality-pipeline\src\load\load_to_raw.py - build - 73

[INFO:20] 2026-07-05 15:45:09,024 - 	loaded 115/222 of the data.
F:\code\medical-data-quality-pipeline\src\load\load_to_raw.py - build - 73

[INFO:20] 2026-07-05 15:45:09,063 - 	loaded 116/222 of the data.
F:\code\medical-data-quality-pipeline\src\load\load_to_raw.py - build - 73

[INFO:20] 2026-07-05 15:45:09,105 - 	loaded 117/222 of the data.
F:\code\medical-data-quality-pipeline\src\load\load_to_raw.py - build - 73

[INFO:20] 2026-07-05 15:45:09,139 - 	loaded 118/222 of the data.
F:\code\medical-data-quality-pipeline\src\load\load_to_raw.py - build - 73

[INFO:20] 2026-07-05 15:45:09,172 - 	loaded 119/222 of the data.
F:\code\medical-data-quality-pipeline\src\load\load_to_raw.py - build - 73

[INFO:20] 2026-07-05 15:45:09,207 - 	loaded 120/222 of the data.
F:\code\medical-data-quality-pipeline\src\load\load_to_raw.py - build - 73

[INFO:20] 2026-07-05 15:45:09,240 - 	loaded 121/222 of the data.
F:\code\medical-data-quality-pipeline\src\load\load_to_raw.py - build - 73

[INFO:20] 2026-07-05 15:45:09,271 - 	loaded 122/222 of the data.
F:\code\medical-data-quality-pipeline\src\load\load_to_raw.py - build - 73

[INFO:20] 2026-07-05 15:45:09,433 - 	loaded 123/222 of the data.
F:\code\medical-data-quality-pipeline\src\load\load_to_raw.py - build - 73

[INFO:20] 2026-07-05 15:45:09,467 - 	loaded 124/222 of the data.
F:\code\medical-data-quality-pipeline\src\load\load_to_raw.py - build - 73

[INFO:20] 2026-07-05 15:45:09,499 - 	loaded 125/222 of the data.
F:\code\medical-data-quality-pipeline\src\load\load_to_raw.py - build - 73

[INFO:20] 2026-07-05 15:45:09,532 - 	loaded 126/222 of the data.
F:\code\medical-data-quality-pipeline\src\load\load_to_raw.py - build - 73

[INFO:20] 2026-07-05 15:45:09,679 - 	loaded 127/222 of the data.
F:\code\medical-data-quality-pipeline\src\load\load_to_raw.py - build - 73

[INFO:20] 2026-07-05 15:45:09,724 - 	loaded 128/222 of the data.
F:\code\medical-data-quality-pipeline\src\load\load_to_raw.py - build - 73

[INFO:20] 2026-07-05 15:45:09,760 - 	loaded 129/222 of the data.
F:\code\medical-data-quality-pipeline\src\load\load_to_raw.py - build - 73

[INFO:20] 2026-07-05 15:45:09,791 - 	loaded 130/222 of the data.
F:\code\medical-data-quality-pipeline\src\load\load_to_raw.py - build - 73

[INFO:20] 2026-07-05 15:45:09,825 - 	loaded 131/222 of the data.
F:\code\medical-data-quality-pipeline\src\load\load_to_raw.py - build - 73

[INFO:20] 2026-07-05 15:45:09,859 - 	loaded 132/222 of the data.
F:\code\medical-data-quality-pipeline\src\load\load_to_raw.py - build - 73

[INFO:20] 2026-07-05 15:45:09,890 - 	loaded 133/222 of the data.
F:\code\medical-data-quality-pipeline\src\load\load_to_raw.py - build - 73

[INFO:20] 2026-07-05 15:45:10,031 - 	loaded 134/222 of the data.
F:\code\medical-data-quality-pipeline\src\load\load_to_raw.py - build - 73

[INFO:20] 2026-07-05 15:45:10,065 - 	loaded 135/222 of the data.
F:\code\medical-data-quality-pipeline\src\load\load_to_raw.py - build - 73

[INFO:20] 2026-07-05 15:45:10,096 - 	loaded 136/222 of the data.
F:\code\medical-data-quality-pipeline\src\load\load_to_raw.py - build - 73

[INFO:20] 2026-07-05 15:45:10,130 - 	loaded 137/222 of the data.
F:\code\medical-data-quality-pipeline\src\load\load_to_raw.py - build - 73

[INFO:20] 2026-07-05 15:45:10,273 - 	loaded 138/222 of the data.
F:\code\medical-data-quality-pipeline\src\load\load_to_raw.py - build - 73

[INFO:20] 2026-07-05 15:45:10,305 - 	loaded 139/222 of the data.
F:\code\medical-data-quality-pipeline\src\load\load_to_raw.py - build - 73

[INFO:20] 2026-07-05 15:45:10,337 - 	loaded 140/222 of the data.
F:\code\medical-data-quality-pipeline\src\load\load_to_raw.py - build - 73

[INFO:20] 2026-07-05 15:45:10,368 - 	loaded 141/222 of the data.
F:\code\medical-data-quality-pipeline\src\load\load_to_raw.py - build - 73

[INFO:20] 2026-07-05 15:45:10,399 - 	loaded 142/222 of the data.
F:\code\medical-data-quality-pipeline\src\load\load_to_raw.py - build - 73

[INFO:20] 2026-07-05 15:45:10,430 - 	loaded 143/222 of the data.
F:\code\medical-data-quality-pipeline\src\load\load_to_raw.py - build - 73

[INFO:20] 2026-07-05 15:45:10,569 - 	loaded 144/222 of the data.
F:\code\medical-data-quality-pipeline\src\load\load_to_raw.py - build - 73

[INFO:20] 2026-07-05 15:45:10,603 - 	loaded 145/222 of the data.
F:\code\medical-data-quality-pipeline\src\load\load_to_raw.py - build - 73

[INFO:20] 2026-07-05 15:45:10,636 - 	loaded 146/222 of the data.
F:\code\medical-data-quality-pipeline\src\load\load_to_raw.py - build - 73

[INFO:20] 2026-07-05 15:45:10,670 - 	loaded 147/222 of the data.
F:\code\medical-data-quality-pipeline\src\load\load_to_raw.py - build - 73

[INFO:20] 2026-07-05 15:45:10,805 - 	loaded 148/222 of the data.
F:\code\medical-data-quality-pipeline\src\load\load_to_raw.py - build - 73

[INFO:20] 2026-07-05 15:45:10,840 - 	loaded 149/222 of the data.
F:\code\medical-data-quality-pipeline\src\load\load_to_raw.py - build - 73

[INFO:20] 2026-07-05 15:45:10,872 - 	loaded 150/222 of the data.
F:\code\medical-data-quality-pipeline\src\load\load_to_raw.py - build - 73

[INFO:20] 2026-07-05 15:45:10,905 - 	loaded 151/222 of the data.
F:\code\medical-data-quality-pipeline\src\load\load_to_raw.py - build - 73

[INFO:20] 2026-07-05 15:45:10,938 - 	loaded 152/222 of the data.
F:\code\medical-data-quality-pipeline\src\load\load_to_raw.py - build - 73

[INFO:20] 2026-07-05 15:45:10,971 - 	loaded 153/222 of the data.
F:\code\medical-data-quality-pipeline\src\load\load_to_raw.py - build - 73

[INFO:20] 2026-07-05 15:45:11,002 - 	loaded 154/222 of the data.
F:\code\medical-data-quality-pipeline\src\load\load_to_raw.py - build - 73

[INFO:20] 2026-07-05 15:45:11,038 - 	loaded 155/222 of the data.
F:\code\medical-data-quality-pipeline\src\load\load_to_raw.py - build - 73

[INFO:20] 2026-07-05 15:45:11,079 - 	loaded 156/222 of the data.
F:\code\medical-data-quality-pipeline\src\load\load_to_raw.py - build - 73

[INFO:20] 2026-07-05 15:45:11,112 - 	loaded 157/222 of the data.
F:\code\medical-data-quality-pipeline\src\load\load_to_raw.py - build - 73

[INFO:20] 2026-07-05 15:45:11,145 - 	loaded 158/222 of the data.
F:\code\medical-data-quality-pipeline\src\load\load_to_raw.py - build - 73

[INFO:20] 2026-07-05 15:45:11,177 - 	loaded 159/222 of the data.
F:\code\medical-data-quality-pipeline\src\load\load_to_raw.py - build - 73

[INFO:20] 2026-07-05 15:45:11,210 - 	loaded 160/222 of the data.
F:\code\medical-data-quality-pipeline\src\load\load_to_raw.py - build - 73

[INFO:20] 2026-07-05 15:45:11,242 - 	loaded 161/222 of the data.
F:\code\medical-data-quality-pipeline\src\load\load_to_raw.py - build - 73

[INFO:20] 2026-07-05 15:45:11,280 - 	loaded 162/222 of the data.
F:\code\medical-data-quality-pipeline\src\load\load_to_raw.py - build - 73

[INFO:20] 2026-07-05 15:45:11,425 - 	loaded 163/222 of the data.
F:\code\medical-data-quality-pipeline\src\load\load_to_raw.py - build - 73

[INFO:20] 2026-07-05 15:45:11,466 - 	loaded 164/222 of the data.
F:\code\medical-data-quality-pipeline\src\load\load_to_raw.py - build - 73

[INFO:20] 2026-07-05 15:45:11,498 - 	loaded 165/222 of the data.
F:\code\medical-data-quality-pipeline\src\load\load_to_raw.py - build - 73

[INFO:20] 2026-07-05 15:45:11,532 - 	loaded 166/222 of the data.
F:\code\medical-data-quality-pipeline\src\load\load_to_raw.py - build - 73

[INFO:20] 2026-07-05 15:45:11,564 - 	loaded 167/222 of the data.
F:\code\medical-data-quality-pipeline\src\load\load_to_raw.py - build - 73

[INFO:20] 2026-07-05 15:45:11,598 - 	loaded 168/222 of the data.
F:\code\medical-data-quality-pipeline\src\load\load_to_raw.py - build - 73

[INFO:20] 2026-07-05 15:45:11,630 - 	loaded 169/222 of the data.
F:\code\medical-data-quality-pipeline\src\load\load_to_raw.py - build - 73

[INFO:20] 2026-07-05 15:45:11,662 - 	loaded 170/222 of the data.
F:\code\medical-data-quality-pipeline\src\load\load_to_raw.py - build - 73

[INFO:20] 2026-07-05 15:45:11,697 - 	loaded 171/222 of the data.
F:\code\medical-data-quality-pipeline\src\load\load_to_raw.py - build - 73

[INFO:20] 2026-07-05 15:45:11,737 - 	loaded 172/222 of the data.
F:\code\medical-data-quality-pipeline\src\load\load_to_raw.py - build - 73

[INFO:20] 2026-07-05 15:45:11,770 - 	loaded 173/222 of the data.
F:\code\medical-data-quality-pipeline\src\load\load_to_raw.py - build - 73

[INFO:20] 2026-07-05 15:45:11,801 - 	loaded 174/222 of the data.
F:\code\medical-data-quality-pipeline\src\load\load_to_raw.py - build - 73

[INFO:20] 2026-07-05 15:45:11,836 - 	loaded 175/222 of the data.
F:\code\medical-data-quality-pipeline\src\load\load_to_raw.py - build - 73

[INFO:20] 2026-07-05 15:45:11,869 - 	loaded 176/222 of the data.
F:\code\medical-data-quality-pipeline\src\load\load_to_raw.py - build - 73

[INFO:20] 2026-07-05 15:45:11,903 - 	loaded 177/222 of the data.
F:\code\medical-data-quality-pipeline\src\load\load_to_raw.py - build - 73

[INFO:20] 2026-07-05 15:45:11,941 - 	loaded 178/222 of the data.
F:\code\medical-data-quality-pipeline\src\load\load_to_raw.py - build - 73

[INFO:20] 2026-07-05 15:45:11,978 - 	loaded 179/222 of the data.
F:\code\medical-data-quality-pipeline\src\load\load_to_raw.py - build - 73

[INFO:20] 2026-07-05 15:45:12,011 - 	loaded 180/222 of the data.
F:\code\medical-data-quality-pipeline\src\load\load_to_raw.py - build - 73

[INFO:20] 2026-07-05 15:45:12,044 - 	loaded 181/222 of the data.
F:\code\medical-data-quality-pipeline\src\load\load_to_raw.py - build - 73

[INFO:20] 2026-07-05 15:45:12,079 - 	loaded 182/222 of the data.
F:\code\medical-data-quality-pipeline\src\load\load_to_raw.py - build - 73

[INFO:20] 2026-07-05 15:45:12,112 - 	loaded 183/222 of the data.
F:\code\medical-data-quality-pipeline\src\load\load_to_raw.py - build - 73

[INFO:20] 2026-07-05 15:45:12,149 - 	loaded 184/222 of the data.
F:\code\medical-data-quality-pipeline\src\load\load_to_raw.py - build - 73

[INFO:20] 2026-07-05 15:45:12,184 - 	loaded 185/222 of the data.
F:\code\medical-data-quality-pipeline\src\load\load_to_raw.py - build - 73

[INFO:20] 2026-07-05 15:45:12,219 - 	loaded 186/222 of the data.
F:\code\medical-data-quality-pipeline\src\load\load_to_raw.py - build - 73

[INFO:20] 2026-07-05 15:45:12,252 - 	loaded 187/222 of the data.
F:\code\medical-data-quality-pipeline\src\load\load_to_raw.py - build - 73

[INFO:20] 2026-07-05 15:45:12,284 - 	loaded 188/222 of the data.
F:\code\medical-data-quality-pipeline\src\load\load_to_raw.py - build - 73

[INFO:20] 2026-07-05 15:45:12,316 - 	loaded 189/222 of the data.
F:\code\medical-data-quality-pipeline\src\load\load_to_raw.py - build - 73

[INFO:20] 2026-07-05 15:45:12,355 - 	loaded 190/222 of the data.
F:\code\medical-data-quality-pipeline\src\load\load_to_raw.py - build - 73

[INFO:20] 2026-07-05 15:45:12,390 - 	loaded 191/222 of the data.
F:\code\medical-data-quality-pipeline\src\load\load_to_raw.py - build - 73

[INFO:20] 2026-07-05 15:45:12,423 - 	loaded 192/222 of the data.
F:\code\medical-data-quality-pipeline\src\load\load_to_raw.py - build - 73

[INFO:20] 2026-07-05 15:45:12,458 - 	loaded 193/222 of the data.
F:\code\medical-data-quality-pipeline\src\load\load_to_raw.py - build - 73

[INFO:20] 2026-07-05 15:45:12,494 - 	loaded 194/222 of the data.
F:\code\medical-data-quality-pipeline\src\load\load_to_raw.py - build - 73

[INFO:20] 2026-07-05 15:45:12,643 - 	loaded 195/222 of the data.
F:\code\medical-data-quality-pipeline\src\load\load_to_raw.py - build - 73

[INFO:20] 2026-07-05 15:45:12,676 - 	loaded 196/222 of the data.
F:\code\medical-data-quality-pipeline\src\load\load_to_raw.py - build - 73

[INFO:20] 2026-07-05 15:45:12,707 - 	loaded 197/222 of the data.
F:\code\medical-data-quality-pipeline\src\load\load_to_raw.py - build - 73

[INFO:20] 2026-07-05 15:45:12,739 - 	loaded 198/222 of the data.
F:\code\medical-data-quality-pipeline\src\load\load_to_raw.py - build - 73

[INFO:20] 2026-07-05 15:45:12,773 - 	loaded 199/222 of the data.
F:\code\medical-data-quality-pipeline\src\load\load_to_raw.py - build - 73

[INFO:20] 2026-07-05 15:45:12,808 - 	loaded 200/222 of the data.
F:\code\medical-data-quality-pipeline\src\load\load_to_raw.py - build - 73

[INFO:20] 2026-07-05 15:45:12,977 - 	loaded 201/222 of the data.
F:\code\medical-data-quality-pipeline\src\load\load_to_raw.py - build - 73

[INFO:20] 2026-07-05 15:45:13,010 - 	loaded 202/222 of the data.
F:\code\medical-data-quality-pipeline\src\load\load_to_raw.py - build - 73

[INFO:20] 2026-07-05 15:45:13,042 - 	loaded 203/222 of the data.
F:\code\medical-data-quality-pipeline\src\load\load_to_raw.py - build - 73

[INFO:20] 2026-07-05 15:45:13,075 - 	loaded 204/222 of the data.
F:\code\medical-data-quality-pipeline\src\load\load_to_raw.py - build - 73

[INFO:20] 2026-07-05 15:45:13,108 - 	loaded 205/222 of the data.
F:\code\medical-data-quality-pipeline\src\load\load_to_raw.py - build - 73

[INFO:20] 2026-07-05 15:45:13,252 - 	loaded 206/222 of the data.
F:\code\medical-data-quality-pipeline\src\load\load_to_raw.py - build - 73

[INFO:20] 2026-07-05 15:45:13,287 - 	loaded 207/222 of the data.
F:\code\medical-data-quality-pipeline\src\load\load_to_raw.py - build - 73

[INFO:20] 2026-07-05 15:45:13,320 - 	loaded 208/222 of the data.
F:\code\medical-data-quality-pipeline\src\load\load_to_raw.py - build - 73

[INFO:20] 2026-07-05 15:45:13,350 - 	loaded 209/222 of the data.
F:\code\medical-data-quality-pipeline\src\load\load_to_raw.py - build - 73

[INFO:20] 2026-07-05 15:45:13,382 - 	loaded 210/222 of the data.
F:\code\medical-data-quality-pipeline\src\load\load_to_raw.py - build - 73

[INFO:20] 2026-07-05 15:45:13,413 - 	loaded 211/222 of the data.
F:\code\medical-data-quality-pipeline\src\load\load_to_raw.py - build - 73

[INFO:20] 2026-07-05 15:45:13,445 - 	loaded 212/222 of the data.
F:\code\medical-data-quality-pipeline\src\load\load_to_raw.py - build - 73

[INFO:20] 2026-07-05 15:45:13,479 - 	loaded 213/222 of the data.
F:\code\medical-data-quality-pipeline\src\load\load_to_raw.py - build - 73

[INFO:20] 2026-07-05 15:45:13,518 - 	loaded 214/222 of the data.
F:\code\medical-data-quality-pipeline\src\load\load_to_raw.py - build - 73

[INFO:20] 2026-07-05 15:45:13,553 - 	loaded 215/222 of the data.
F:\code\medical-data-quality-pipeline\src\load\load_to_raw.py - build - 73

[INFO:20] 2026-07-05 15:45:13,588 - 	loaded 216/222 of the data.
F:\code\medical-data-quality-pipeline\src\load\load_to_raw.py - build - 73

[INFO:20] 2026-07-05 15:45:13,621 - 	loaded 217/222 of the data.
F:\code\medical-data-quality-pipeline\src\load\load_to_raw.py - build - 73

[INFO:20] 2026-07-05 15:45:13,762 - 	loaded 218/222 of the data.
F:\code\medical-data-quality-pipeline\src\load\load_to_raw.py - build - 73

[INFO:20] 2026-07-05 15:45:13,793 - 	loaded 219/222 of the data.
F:\code\medical-data-quality-pipeline\src\load\load_to_raw.py - build - 73

[INFO:20] 2026-07-05 15:45:13,825 - 	loaded 220/222 of the data.
F:\code\medical-data-quality-pipeline\src\load\load_to_raw.py - build - 73

[INFO:20] 2026-07-05 15:45:14,018 - 	loaded 221/222 of the data.
F:\code\medical-data-quality-pipeline\src\load\load_to_raw.py - build - 73

[INFO:20] 2026-07-05 15:45:14,050 - 	loaded 222/222 of the data.
F:\code\medical-data-quality-pipeline\src\load\load_to_raw.py - build - 73

[INFO:20] 2026-07-05 15:45:14,050 - data of raw.edstays table inserted.
F:\code\medical-data-quality-pipeline\src\load\load_to_raw.py - build - 77

[INFO:20] 2026-07-05 15:45:14,050 - preparing table raw.medrecon.
F:\code\medical-data-quality-pipeline\src\load\load_to_raw.py - build - 38

[INFO:20] 2026-07-05 15:45:14,101 - creating table raw.medrecon.
F:\code\medical-data-quality-pipeline\src\load\load_to_raw.py - build - 53

[INFO:20] 2026-07-05 15:45:14,137 - Table raw.medrecon created
F:\code\medical-data-quality-pipeline\src\load\load_to_raw.py - build - 56

[INFO:20] 2026-07-05 15:45:14,137 - preparing data of raw.medrecon table.
F:\code\medical-data-quality-pipeline\src\load\load_to_raw.py - build - 61

[INFO:20] 2026-07-05 15:45:14,137 - inserting data of raw.medrecon table.
F:\code\medical-data-quality-pipeline\src\load\load_to_raw.py - build - 68

[INFO:20] 2026-07-05 15:45:14,172 - 	loaded 1/2764 of the data.
F:\code\medical-data-quality-pipeline\src\load\load_to_raw.py - build - 73

[INFO:20] 2026-07-05 15:45:14,204 - 	loaded 2/2764 of the data.
F:\code\medical-data-quality-pipeline\src\load\load_to_raw.py - build - 73

[INFO:20] 2026-07-05 15:45:14,238 - 	loaded 3/2764 of the data.
F:\code\medical-data-quality-pipeline\src\load\load_to_raw.py - build - 73

[INFO:20] 2026-07-05 15:45:14,274 - 	loaded 4/2764 of the data.
F:\code\medical-data-quality-pipeline\src\load\load_to_raw.py - build - 73

[INFO:20] 2026-07-05 15:45:14,313 - 	loaded 5/2764 of the data.
F:\code\medical-data-quality-pipeline\src\load\load_to_raw.py - build - 73

[INFO:20] 2026-07-05 15:45:14,346 - 	loaded 6/2764 of the data.
F:\code\medical-data-quality-pipeline\src\load\load_to_raw.py - build - 73

[INFO:20] 2026-07-05 15:45:14,380 - 	loaded 7/2764 of the data.
F:\code\medical-data-quality-pipeline\src\load\load_to_raw.py - build - 73

[INFO:20] 2026-07-05 15:45:14,412 - 	loaded 8/2764 of the data.
F:\code\medical-data-quality-pipeline\src\load\load_to_raw.py - build - 73

[INFO:20] 2026-07-05 15:45:14,446 - 	loaded 9/2764 of the data.
F:\code\medical-data-quality-pipeline\src\load\load_to_raw.py - build - 73

[INFO:20] 2026-07-05 15:45:14,607 - 	loaded 10/2764 of the data.
F:\code\medical-data-quality-pipeline\src\load\load_to_raw.py - build - 73

[INFO:20] 2026-07-05 15:45:14,648 - 	loaded 11/2764 of the data.
F:\code\medical-data-quality-pipeline\src\load\load_to_raw.py - build - 73

[INFO:20] 2026-07-05 15:45:14,800 - 	loaded 12/2764 of the data.
F:\code\medical-data-quality-pipeline\src\load\load_to_raw.py - build - 73

[INFO:20] 2026-07-05 15:45:14,835 - 	loaded 13/2764 of the data.
F:\code\medical-data-quality-pipeline\src\load\load_to_raw.py - build - 73

[INFO:20] 2026-07-05 15:45:14,869 - 	loaded 14/2764 of the data.
F:\code\medical-data-quality-pipeline\src\load\load_to_raw.py - build - 73

[INFO:20] 2026-07-05 15:45:14,906 - 	loaded 15/2764 of the data.
F:\code\medical-data-quality-pipeline\src\load\load_to_raw.py - build - 73

[INFO:20] 2026-07-05 15:45:14,942 - 	loaded 16/2764 of the data.
F:\code\medical-data-quality-pipeline\src\load\load_to_raw.py - build - 73

[INFO:20] 2026-07-05 15:45:14,976 - 	loaded 17/2764 of the data.
F:\code\medical-data-quality-pipeline\src\load\load_to_raw.py - build - 73

[INFO:20] 2026-07-05 15:45:15,009 - 	loaded 18/2764 of the data.
F:\code\medical-data-quality-pipeline\src\load\load_to_raw.py - build - 73

[INFO:20] 2026-07-05 15:45:15,042 - 	loaded 19/2764 of the data.
F:\code\medical-data-quality-pipeline\src\load\load_to_raw.py - build - 73

[INFO:20] 2026-07-05 15:45:15,078 - 	loaded 20/2764 of the data.
F:\code\medical-data-quality-pipeline\src\load\load_to_raw.py - build - 73

[INFO:20] 2026-07-05 15:45:15,121 - 	loaded 21/2764 of the data.
F:\code\medical-data-quality-pipeline\src\load\load_to_raw.py - build - 73

[INFO:20] 2026-07-05 15:45:15,157 - 	loaded 22/2764 of the data.
F:\code\medical-data-quality-pipeline\src\load\load_to_raw.py - build - 73

[INFO:20] 2026-07-05 15:45:15,190 - 	loaded 23/2764 of the data.
F:\code\medical-data-quality-pipeline\src\load\load_to_raw.py - build - 73

[INFO:20] 2026-07-05 15:45:15,224 - 	loaded 24/2764 of the data.
F:\code\medical-data-quality-pipeline\src\load\load_to_raw.py - build - 73

[INFO:20] 2026-07-05 15:45:15,358 - 	loaded 25/2764 of the data.
F:\code\medical-data-quality-pipeline\src\load\load_to_raw.py - build - 73

[INFO:20] 2026-07-05 15:45:15,400 - 	loaded 26/2764 of the data.
F:\code\medical-data-quality-pipeline\src\load\load_to_raw.py - build - 73

[INFO:20] 2026-07-05 15:45:15,433 - 	loaded 27/2764 of the data.
F:\code\medical-data-quality-pipeline\src\load\load_to_raw.py - build - 73

[INFO:20] 2026-07-05 15:45:15,466 - 	loaded 28/2764 of the data.
F:\code\medical-data-quality-pipeline\src\load\load_to_raw.py - build - 73

[INFO:20] 2026-07-05 15:45:15,497 - 	loaded 29/2764 of the data.
F:\code\medical-data-quality-pipeline\src\load\load_to_raw.py - build - 73

[INFO:20] 2026-07-05 15:45:15,529 - 	loaded 30/2764 of the data.
F:\code\medical-data-quality-pipeline\src\load\load_to_raw.py - build - 73

[INFO:20] 2026-07-05 15:45:15,561 - 	loaded 31/2764 of the data.
F:\code\medical-data-quality-pipeline\src\load\load_to_raw.py - build - 73

[INFO:20] 2026-07-05 15:45:15,598 - 	loaded 32/2764 of the data.
F:\code\medical-data-quality-pipeline\src\load\load_to_raw.py - build - 73

[INFO:20] 2026-07-05 15:45:15,635 - 	loaded 33/2764 of the data.
F:\code\medical-data-quality-pipeline\src\load\load_to_raw.py - build - 73

[INFO:20] 2026-07-05 15:45:15,667 - 	loaded 34/2764 of the data.
F:\code\medical-data-quality-pipeline\src\load\load_to_raw.py - build - 73

[INFO:20] 2026-07-05 15:45:15,700 - 	loaded 35/2764 of the data.
F:\code\medical-data-quality-pipeline\src\load\load_to_raw.py - build - 73

[INFO:20] 2026-07-05 15:45:15,733 - 	loaded 36/2764 of the data.
F:\code\medical-data-quality-pipeline\src\load\load_to_raw.py - build - 73

[INFO:20] 2026-07-05 15:45:15,767 - 	loaded 37/2764 of the data.
F:\code\medical-data-quality-pipeline\src\load\load_to_raw.py - build - 73

[INFO:20] 2026-07-05 15:45:15,803 - 	loaded 38/2764 of the data.
F:\code\medical-data-quality-pipeline\src\load\load_to_raw.py - build - 73

[INFO:20] 2026-07-05 15:45:15,840 - 	loaded 39/2764 of the data.
F:\code\medical-data-quality-pipeline\src\load\load_to_raw.py - build - 73

[INFO:20] 2026-07-05 15:45:15,869 - 	loaded 40/2764 of the data.
F:\code\medical-data-quality-pipeline\src\load\load_to_raw.py - build - 73

[INFO:20] 2026-07-05 15:45:16,018 - 	loaded 41/2764 of the data.
F:\code\medical-data-quality-pipeline\src\load\load_to_raw.py - build - 73

[INFO:20] 2026-07-05 15:45:16,052 - 	loaded 42/2764 of the data.
F:\code\medical-data-quality-pipeline\src\load\load_to_raw.py - build - 73

[INFO:20] 2026-07-05 15:45:16,085 - 	loaded 43/2764 of the data.
F:\code\medical-data-quality-pipeline\src\load\load_to_raw.py - build - 73

[INFO:20] 2026-07-05 15:45:16,118 - 	loaded 44/2764 of the data.
F:\code\medical-data-quality-pipeline\src\load\load_to_raw.py - build - 73

[INFO:20] 2026-07-05 15:45:16,160 - 	loaded 45/2764 of the data.
F:\code\medical-data-quality-pipeline\src\load\load_to_raw.py - build - 73

[INFO:20] 2026-07-05 15:45:16,193 - 	loaded 46/2764 of the data.
F:\code\medical-data-quality-pipeline\src\load\load_to_raw.py - build - 73

[INFO:20] 2026-07-05 15:45:16,224 - 	loaded 47/2764 of the data.
F:\code\medical-data-quality-pipeline\src\load\load_to_raw.py - build - 73

[INFO:20] 2026-07-05 15:45:16,375 - 	loaded 48/2764 of the data.
F:\code\medical-data-quality-pipeline\src\load\load_to_raw.py - build - 73

[INFO:20] 2026-07-05 15:45:16,406 - 	loaded 49/2764 of the data.
F:\code\medical-data-quality-pipeline\src\load\load_to_raw.py - build - 73

[INFO:20] 2026-07-05 15:45:16,437 - 	loaded 50/2764 of the data.
F:\code\medical-data-quality-pipeline\src\load\load_to_raw.py - build - 73

[INFO:20] 2026-07-05 15:45:16,475 - 	loaded 51/2764 of the data.
F:\code\medical-data-quality-pipeline\src\load\load_to_raw.py - build - 73

[INFO:20] 2026-07-05 15:45:16,508 - 	loaded 52/2764 of the data.
F:\code\medical-data-quality-pipeline\src\load\load_to_raw.py - build - 73

[INFO:20] 2026-07-05 15:45:16,542 - 	loaded 53/2764 of the data.
F:\code\medical-data-quality-pipeline\src\load\load_to_raw.py - build - 73

[INFO:20] 2026-07-05 15:45:16,573 - 	loaded 54/2764 of the data.
F:\code\medical-data-quality-pipeline\src\load\load_to_raw.py - build - 73

[INFO:20] 2026-07-05 15:45:16,608 - 	loaded 55/2764 of the data.
F:\code\medical-data-quality-pipeline\src\load\load_to_raw.py - build - 73

[INFO:20] 2026-07-05 15:45:16,640 - 	loaded 56/2764 of the data.
F:\code\medical-data-quality-pipeline\src\load\load_to_raw.py - build - 73

[INFO:20] 2026-07-05 15:45:16,688 - 	loaded 57/2764 of the data.
F:\code\medical-data-quality-pipeline\src\load\load_to_raw.py - build - 73

[INFO:20] 2026-07-05 15:45:16,724 - 	loaded 58/2764 of the data.
F:\code\medical-data-quality-pipeline\src\load\load_to_raw.py - build - 73

[INFO:20] 2026-07-05 15:45:16,757 - 	loaded 59/2764 of the data.
F:\code\medical-data-quality-pipeline\src\load\load_to_raw.py - build - 73

[INFO:20] 2026-07-05 15:45:16,791 - 	loaded 60/2764 of the data.
F:\code\medical-data-quality-pipeline\src\load\load_to_raw.py - build - 73

[INFO:20] 2026-07-05 15:45:16,824 - 	loaded 61/2764 of the data.
F:\code\medical-data-quality-pipeline\src\load\load_to_raw.py - build - 73

[INFO:20] 2026-07-05 15:45:16,858 - 	loaded 62/2764 of the data.
F:\code\medical-data-quality-pipeline\src\load\load_to_raw.py - build - 73

[INFO:20] 2026-07-05 15:45:16,899 - 	loaded 63/2764 of the data.
F:\code\medical-data-quality-pipeline\src\load\load_to_raw.py - build - 73

[INFO:20] 2026-07-05 15:45:16,934 - 	loaded 64/2764 of the data.
F:\code\medical-data-quality-pipeline\src\load\load_to_raw.py - build - 73

[INFO:20] 2026-07-05 15:45:16,967 - 	loaded 65/2764 of the data.
F:\code\medical-data-quality-pipeline\src\load\load_to_raw.py - build - 73

[INFO:20] 2026-07-05 15:45:17,001 - 	loaded 66/2764 of the data.
F:\code\medical-data-quality-pipeline\src\load\load_to_raw.py - build - 73

[INFO:20] 2026-07-05 15:45:17,035 - 	loaded 67/2764 of the data.
F:\code\medical-data-quality-pipeline\src\load\load_to_raw.py - build - 73

[INFO:20] 2026-07-05 15:45:17,069 - 	loaded 68/2764 of the data.
F:\code\medical-data-quality-pipeline\src\load\load_to_raw.py - build - 73

[INFO:20] 2026-07-05 15:45:17,108 - 	loaded 69/2764 of the data.
F:\code\medical-data-quality-pipeline\src\load\load_to_raw.py - build - 73

[INFO:20] 2026-07-05 15:45:17,143 - 	loaded 70/2764 of the data.
F:\code\medical-data-quality-pipeline\src\load\load_to_raw.py - build - 73

[INFO:20] 2026-07-05 15:45:17,176 - 	loaded 71/2764 of the data.
F:\code\medical-data-quality-pipeline\src\load\load_to_raw.py - build - 73

[INFO:20] 2026-07-05 15:45:17,325 - 	loaded 72/2764 of the data.
F:\code\medical-data-quality-pipeline\src\load\load_to_raw.py - build - 73

[INFO:20] 2026-07-05 15:45:17,359 - 	loaded 73/2764 of the data.
F:\code\medical-data-quality-pipeline\src\load\load_to_raw.py - build - 73

[INFO:20] 2026-07-05 15:45:17,388 - 	loaded 74/2764 of the data.
F:\code\medical-data-quality-pipeline\src\load\load_to_raw.py - build - 73

[INFO:20] 2026-07-05 15:45:17,419 - 	loaded 75/2764 of the data.
F:\code\medical-data-quality-pipeline\src\load\load_to_raw.py - build - 73

[INFO:20] 2026-07-05 15:45:17,449 - 	loaded 76/2764 of the data.
F:\code\medical-data-quality-pipeline\src\load\load_to_raw.py - build - 73

[INFO:20] 2026-07-05 15:45:17,481 - 	loaded 77/2764 of the data.
F:\code\medical-data-quality-pipeline\src\load\load_to_raw.py - build - 73

[INFO:20] 2026-07-05 15:45:17,514 - 	loaded 78/2764 of the data.
F:\code\medical-data-quality-pipeline\src\load\load_to_raw.py - build - 73

[INFO:20] 2026-07-05 15:45:17,670 - 	loaded 79/2764 of the data.
F:\code\medical-data-quality-pipeline\src\load\load_to_raw.py - build - 73

[INFO:20] 2026-07-05 15:45:17,826 - 	loaded 80/2764 of the data.
F:\code\medical-data-quality-pipeline\src\load\load_to_raw.py - build - 73

[INFO:20] 2026-07-05 15:45:17,857 - 	loaded 81/2764 of the data.
F:\code\medical-data-quality-pipeline\src\load\load_to_raw.py - build - 73

[INFO:20] 2026-07-05 15:45:17,892 - 	loaded 82/2764 of the data.
F:\code\medical-data-quality-pipeline\src\load\load_to_raw.py - build - 73

[INFO:20] 2026-07-05 15:45:17,926 - 	loaded 83/2764 of the data.
F:\code\medical-data-quality-pipeline\src\load\load_to_raw.py - build - 73

[INFO:20] 2026-07-05 15:45:17,960 - 	loaded 84/2764 of the data.
F:\code\medical-data-quality-pipeline\src\load\load_to_raw.py - build - 73

[INFO:20] 2026-07-05 15:45:17,994 - 	loaded 85/2764 of the data.
F:\code\medical-data-quality-pipeline\src\load\load_to_raw.py - build - 73

[INFO:20] 2026-07-05 15:45:18,026 - 	loaded 86/2764 of the data.
F:\code\medical-data-quality-pipeline\src\load\load_to_raw.py - build - 73

[INFO:20] 2026-07-05 15:45:18,058 - 	loaded 87/2764 of the data.
F:\code\medical-data-quality-pipeline\src\load\load_to_raw.py - build - 73

[INFO:20] 2026-07-05 15:45:18,206 - 	loaded 88/2764 of the data.
F:\code\medical-data-quality-pipeline\src\load\load_to_raw.py - build - 73

[INFO:20] 2026-07-05 15:45:18,345 - 	loaded 89/2764 of the data.
F:\code\medical-data-quality-pipeline\src\load\load_to_raw.py - build - 73

[INFO:20] 2026-07-05 15:45:18,490 - 	loaded 90/2764 of the data.
F:\code\medical-data-quality-pipeline\src\load\load_to_raw.py - build - 73

[INFO:20] 2026-07-05 15:45:18,545 - 	loaded 91/2764 of the data.
F:\code\medical-data-quality-pipeline\src\load\load_to_raw.py - build - 73

[INFO:20] 2026-07-05 15:45:18,606 - 	loaded 92/2764 of the data.
F:\code\medical-data-quality-pipeline\src\load\load_to_raw.py - build - 73

[INFO:20] 2026-07-05 15:45:18,639 - 	loaded 93/2764 of the data.
F:\code\medical-data-quality-pipeline\src\load\load_to_raw.py - build - 73

[INFO:20] 2026-07-05 15:45:18,695 - 	loaded 94/2764 of the data.
F:\code\medical-data-quality-pipeline\src\load\load_to_raw.py - build - 73

[INFO:20] 2026-07-05 15:45:18,734 - 	loaded 95/2764 of the data.
F:\code\medical-data-quality-pipeline\src\load\load_to_raw.py - build - 73

[INFO:20] 2026-07-05 15:45:18,764 - 	loaded 96/2764 of the data.
F:\code\medical-data-quality-pipeline\src\load\load_to_raw.py - build - 73

[INFO:20] 2026-07-05 15:45:18,798 - 	loaded 97/2764 of the data.
F:\code\medical-data-quality-pipeline\src\load\load_to_raw.py - build - 73

[INFO:20] 2026-07-05 15:45:18,834 - 	loaded 98/2764 of the data.
F:\code\medical-data-quality-pipeline\src\load\load_to_raw.py - build - 73

[INFO:20] 2026-07-05 15:45:18,866 - 	loaded 99/2764 of the data.
F:\code\medical-data-quality-pipeline\src\load\load_to_raw.py - build - 73

[INFO:20] 2026-07-05 15:45:18,898 - 	loaded 100/2764 of the data.
F:\code\medical-data-quality-pipeline\src\load\load_to_raw.py - build - 73

[INFO:20] 2026-07-05 15:45:18,937 - 	loaded 101/2764 of the data.
F:\code\medical-data-quality-pipeline\src\load\load_to_raw.py - build - 73

[INFO:20] 2026-07-05 15:45:18,974 - 	loaded 102/2764 of the data.
F:\code\medical-data-quality-pipeline\src\load\load_to_raw.py - build - 73

[INFO:20] 2026-07-05 15:45:19,008 - 	loaded 103/2764 of the data.
F:\code\medical-data-quality-pipeline\src\load\load_to_raw.py - build - 73

[INFO:20] 2026-07-05 15:45:19,042 - 	loaded 104/2764 of the data.
F:\code\medical-data-quality-pipeline\src\load\load_to_raw.py - build - 73

[INFO:20] 2026-07-05 15:45:19,076 - 	loaded 105/2764 of the data.
F:\code\medical-data-quality-pipeline\src\load\load_to_raw.py - build - 73

[INFO:20] 2026-07-05 15:45:19,110 - 	loaded 106/2764 of the data.
F:\code\medical-data-quality-pipeline\src\load\load_to_raw.py - build - 73

[INFO:20] 2026-07-05 15:45:19,150 - 	loaded 107/2764 of the data.
F:\code\medical-data-quality-pipeline\src\load\load_to_raw.py - build - 73

[INFO:20] 2026-07-05 15:45:19,184 - 	loaded 108/2764 of the data.
F:\code\medical-data-quality-pipeline\src\load\load_to_raw.py - build - 73

[INFO:20] 2026-07-05 15:45:19,216 - 	loaded 109/2764 of the data.
F:\code\medical-data-quality-pipeline\src\load\load_to_raw.py - build - 73

[INFO:20] 2026-07-05 15:45:19,249 - 	loaded 110/2764 of the data.
F:\code\medical-data-quality-pipeline\src\load\load_to_raw.py - build - 73

[INFO:20] 2026-07-05 15:45:19,279 - 	loaded 111/2764 of the data.
F:\code\medical-data-quality-pipeline\src\load\load_to_raw.py - build - 73

[INFO:20] 2026-07-05 15:45:19,311 - 	loaded 112/2764 of the data.
F:\code\medical-data-quality-pipeline\src\load\load_to_raw.py - build - 73

[INFO:20] 2026-07-05 15:45:19,346 - 	loaded 113/2764 of the data.
F:\code\medical-data-quality-pipeline\src\load\load_to_raw.py - build - 73

[INFO:20] 2026-07-05 15:45:19,481 - 	loaded 114/2764 of the data.
F:\code\medical-data-quality-pipeline\src\load\load_to_raw.py - build - 73

[INFO:20] 2026-07-05 15:45:19,633 - 	loaded 115/2764 of the data.
F:\code\medical-data-quality-pipeline\src\load\load_to_raw.py - build - 73

[INFO:20] 2026-07-05 15:45:19,666 - 	loaded 116/2764 of the data.
F:\code\medical-data-quality-pipeline\src\load\load_to_raw.py - build - 73

[INFO:20] 2026-07-05 15:45:19,696 - 	loaded 117/2764 of the data.
F:\code\medical-data-quality-pipeline\src\load\load_to_raw.py - build - 73

[INFO:20] 2026-07-05 15:45:19,726 - 	loaded 118/2764 of the data.
F:\code\medical-data-quality-pipeline\src\load\load_to_raw.py - build - 73

[INFO:20] 2026-07-05 15:45:19,869 - 	loaded 119/2764 of the data.
F:\code\medical-data-quality-pipeline\src\load\load_to_raw.py - build - 73

[INFO:20] 2026-07-05 15:45:19,906 - 	loaded 120/2764 of the data.
F:\code\medical-data-quality-pipeline\src\load\load_to_raw.py - build - 73

[INFO:20] 2026-07-05 15:45:19,943 - 	loaded 121/2764 of the data.
F:\code\medical-data-quality-pipeline\src\load\load_to_raw.py - build - 73

[INFO:20] 2026-07-05 15:45:19,975 - 	loaded 122/2764 of the data.
F:\code\medical-data-quality-pipeline\src\load\load_to_raw.py - build - 73

[INFO:20] 2026-07-05 15:45:20,119 - 	loaded 123/2764 of the data.
F:\code\medical-data-quality-pipeline\src\load\load_to_raw.py - build - 73

[INFO:20] 2026-07-05 15:45:20,157 - 	loaded 124/2764 of the data.
F:\code\medical-data-quality-pipeline\src\load\load_to_raw.py - build - 73

[INFO:20] 2026-07-05 15:45:20,189 - 	loaded 125/2764 of the data.
F:\code\medical-data-quality-pipeline\src\load\load_to_raw.py - build - 73

[INFO:20] 2026-07-05 15:45:20,221 - 	loaded 126/2764 of the data.
F:\code\medical-data-quality-pipeline\src\load\load_to_raw.py - build - 73

[INFO:20] 2026-07-05 15:45:20,252 - 	loaded 127/2764 of the data.
F:\code\medical-data-quality-pipeline\src\load\load_to_raw.py - build - 73

[INFO:20] 2026-07-05 15:45:20,286 - 	loaded 128/2764 of the data.
F:\code\medical-data-quality-pipeline\src\load\load_to_raw.py - build - 73

[INFO:20] 2026-07-05 15:45:20,318 - 	loaded 129/2764 of the data.
F:\code\medical-data-quality-pipeline\src\load\load_to_raw.py - build - 73

[INFO:20] 2026-07-05 15:45:20,355 - 	loaded 130/2764 of the data.
F:\code\medical-data-quality-pipeline\src\load\load_to_raw.py - build - 73

[INFO:20] 2026-07-05 15:45:20,510 - 	loaded 131/2764 of the data.
F:\code\medical-data-quality-pipeline\src\load\load_to_raw.py - build - 73

[INFO:20] 2026-07-05 15:45:20,647 - 	loaded 132/2764 of the data.
F:\code\medical-data-quality-pipeline\src\load\load_to_raw.py - build - 73

[INFO:20] 2026-07-05 15:45:20,678 - 	loaded 133/2764 of the data.
F:\code\medical-data-quality-pipeline\src\load\load_to_raw.py - build - 73

[INFO:20] 2026-07-05 15:45:20,711 - 	loaded 134/2764 of the data.
F:\code\medical-data-quality-pipeline\src\load\load_to_raw.py - build - 73

[INFO:20] 2026-07-05 15:45:20,744 - 	loaded 135/2764 of the data.
F:\code\medical-data-quality-pipeline\src\load\load_to_raw.py - build - 73

[INFO:20] 2026-07-05 15:45:20,893 - 	loaded 136/2764 of the data.
F:\code\medical-data-quality-pipeline\src\load\load_to_raw.py - build - 73

[INFO:20] 2026-07-05 15:45:20,925 - 	loaded 137/2764 of the data.
F:\code\medical-data-quality-pipeline\src\load\load_to_raw.py - build - 73

[INFO:20] 2026-07-05 15:45:20,958 - 	loaded 138/2764 of the data.
F:\code\medical-data-quality-pipeline\src\load\load_to_raw.py - build - 73

[INFO:20] 2026-07-05 15:45:20,989 - 	loaded 139/2764 of the data.
F:\code\medical-data-quality-pipeline\src\load\load_to_raw.py - build - 73

[INFO:20] 2026-07-05 15:45:21,020 - 	loaded 140/2764 of the data.
F:\code\medical-data-quality-pipeline\src\load\load_to_raw.py - build - 73

[INFO:20] 2026-07-05 15:45:21,051 - 	loaded 141/2764 of the data.
F:\code\medical-data-quality-pipeline\src\load\load_to_raw.py - build - 73

[INFO:20] 2026-07-05 15:45:21,084 - 	loaded 142/2764 of the data.
F:\code\medical-data-quality-pipeline\src\load\load_to_raw.py - build - 73

[INFO:20] 2026-07-05 15:45:21,119 - 	loaded 143/2764 of the data.
F:\code\medical-data-quality-pipeline\src\load\load_to_raw.py - build - 73

[INFO:20] 2026-07-05 15:45:21,161 - 	loaded 144/2764 of the data.
F:\code\medical-data-quality-pipeline\src\load\load_to_raw.py - build - 73

[INFO:20] 2026-07-05 15:45:21,196 - 	loaded 145/2764 of the data.
F:\code\medical-data-quality-pipeline\src\load\load_to_raw.py - build - 73

[INFO:20] 2026-07-05 15:45:21,230 - 	loaded 146/2764 of the data.
F:\code\medical-data-quality-pipeline\src\load\load_to_raw.py - build - 73

[INFO:20] 2026-07-05 15:45:21,262 - 	loaded 147/2764 of the data.
F:\code\medical-data-quality-pipeline\src\load\load_to_raw.py - build - 73

[INFO:20] 2026-07-05 15:45:21,293 - 	loaded 148/2764 of the data.
F:\code\medical-data-quality-pipeline\src\load\load_to_raw.py - build - 73

[INFO:20] 2026-07-05 15:45:21,328 - 	loaded 149/2764 of the data.
F:\code\medical-data-quality-pipeline\src\load\load_to_raw.py - build - 73

[INFO:20] 2026-07-05 15:45:21,364 - 	loaded 150/2764 of the data.
F:\code\medical-data-quality-pipeline\src\load\load_to_raw.py - build - 73

[INFO:20] 2026-07-05 15:45:21,399 - 	loaded 151/2764 of the data.
F:\code\medical-data-quality-pipeline\src\load\load_to_raw.py - build - 73

[INFO:20] 2026-07-05 15:45:21,431 - 	loaded 152/2764 of the data.
F:\code\medical-data-quality-pipeline\src\load\load_to_raw.py - build - 73

[INFO:20] 2026-07-05 15:45:21,464 - 	loaded 153/2764 of the data.
F:\code\medical-data-quality-pipeline\src\load\load_to_raw.py - build - 73

[INFO:20] 2026-07-05 15:45:21,498 - 	loaded 154/2764 of the data.
F:\code\medical-data-quality-pipeline\src\load\load_to_raw.py - build - 73

[INFO:20] 2026-07-05 15:45:21,647 - 	loaded 155/2764 of the data.
F:\code\medical-data-quality-pipeline\src\load\load_to_raw.py - build - 73

[INFO:20] 2026-07-05 15:45:21,687 - 	loaded 156/2764 of the data.
F:\code\medical-data-quality-pipeline\src\load\load_to_raw.py - build - 73

[INFO:20] 2026-07-05 15:45:21,722 - 	loaded 157/2764 of the data.
F:\code\medical-data-quality-pipeline\src\load\load_to_raw.py - build - 73

[INFO:20] 2026-07-05 15:45:21,754 - 	loaded 158/2764 of the data.
F:\code\medical-data-quality-pipeline\src\load\load_to_raw.py - build - 73

[INFO:20] 2026-07-05 15:45:21,786 - 	loaded 159/2764 of the data.
F:\code\medical-data-quality-pipeline\src\load\load_to_raw.py - build - 73

[INFO:20] 2026-07-05 15:45:21,818 - 	loaded 160/2764 of the data.
F:\code\medical-data-quality-pipeline\src\load\load_to_raw.py - build - 73

[INFO:20] 2026-07-05 15:45:21,851 - 	loaded 161/2764 of the data.
F:\code\medical-data-quality-pipeline\src\load\load_to_raw.py - build - 73

[INFO:20] 2026-07-05 15:45:21,891 - 	loaded 162/2764 of the data.
F:\code\medical-data-quality-pipeline\src\load\load_to_raw.py - build - 73

[INFO:20] 2026-07-05 15:45:21,926 - 	loaded 163/2764 of the data.
F:\code\medical-data-quality-pipeline\src\load\load_to_raw.py - build - 73

[INFO:20] 2026-07-05 15:45:21,958 - 	loaded 164/2764 of the data.
F:\code\medical-data-quality-pipeline\src\load\load_to_raw.py - build - 73

[INFO:20] 2026-07-05 15:45:21,990 - 	loaded 165/2764 of the data.
F:\code\medical-data-quality-pipeline\src\load\load_to_raw.py - build - 73

[INFO:20] 2026-07-05 15:45:22,023 - 	loaded 166/2764 of the data.
F:\code\medical-data-quality-pipeline\src\load\load_to_raw.py - build - 73

[INFO:20] 2026-07-05 15:45:22,163 - 	loaded 167/2764 of the data.
F:\code\medical-data-quality-pipeline\src\load\load_to_raw.py - build - 73

[INFO:20] 2026-07-05 15:45:22,205 - 	loaded 168/2764 of the data.
F:\code\medical-data-quality-pipeline\src\load\load_to_raw.py - build - 73

[INFO:20] 2026-07-05 15:45:22,238 - 	loaded 169/2764 of the data.
F:\code\medical-data-quality-pipeline\src\load\load_to_raw.py - build - 73

[INFO:20] 2026-07-05 15:45:22,270 - 	loaded 170/2764 of the data.
F:\code\medical-data-quality-pipeline\src\load\load_to_raw.py - build - 73

[INFO:20] 2026-07-05 15:45:22,412 - 	loaded 171/2764 of the data.
F:\code\medical-data-quality-pipeline\src\load\load_to_raw.py - build - 73

[INFO:20] 2026-07-05 15:45:22,567 - 	loaded 172/2764 of the data.
F:\code\medical-data-quality-pipeline\src\load\load_to_raw.py - build - 73

[INFO:20] 2026-07-05 15:45:22,731 - 	loaded 173/2764 of the data.
F:\code\medical-data-quality-pipeline\src\load\load_to_raw.py - build - 73

[INFO:20] 2026-07-05 15:45:22,768 - 	loaded 174/2764 of the data.
F:\code\medical-data-quality-pipeline\src\load\load_to_raw.py - build - 73

[INFO:20] 2026-07-05 15:45:22,801 - 	loaded 175/2764 of the data.
F:\code\medical-data-quality-pipeline\src\load\load_to_raw.py - build - 73

[INFO:20] 2026-07-05 15:45:22,983 - 	loaded 176/2764 of the data.
F:\code\medical-data-quality-pipeline\src\load\load_to_raw.py - build - 73

[INFO:20] 2026-07-05 15:45:23,019 - 	loaded 177/2764 of the data.
F:\code\medical-data-quality-pipeline\src\load\load_to_raw.py - build - 73

[INFO:20] 2026-07-05 15:45:23,055 - 	loaded 178/2764 of the data.
F:\code\medical-data-quality-pipeline\src\load\load_to_raw.py - build - 73

[INFO:20] 2026-07-05 15:45:23,086 - 	loaded 179/2764 of the data.
F:\code\medical-data-quality-pipeline\src\load\load_to_raw.py - build - 73

[INFO:20] 2026-07-05 15:45:23,118 - 	loaded 180/2764 of the data.
F:\code\medical-data-quality-pipeline\src\load\load_to_raw.py - build - 73

[INFO:20] 2026-07-05 15:45:23,149 - 	loaded 181/2764 of the data.
F:\code\medical-data-quality-pipeline\src\load\load_to_raw.py - build - 73

[INFO:20] 2026-07-05 15:45:23,180 - 	loaded 182/2764 of the data.
F:\code\medical-data-quality-pipeline\src\load\load_to_raw.py - build - 73

[INFO:20] 2026-07-05 15:45:23,212 - 	loaded 183/2764 of the data.
F:\code\medical-data-quality-pipeline\src\load\load_to_raw.py - build - 73

[INFO:20] 2026-07-05 15:45:23,250 - 	loaded 184/2764 of the data.
F:\code\medical-data-quality-pipeline\src\load\load_to_raw.py - build - 73

[INFO:20] 2026-07-05 15:45:23,284 - 	loaded 185/2764 of the data.
F:\code\medical-data-quality-pipeline\src\load\load_to_raw.py - build - 73

[INFO:20] 2026-07-05 15:45:23,315 - 	loaded 186/2764 of the data.
F:\code\medical-data-quality-pipeline\src\load\load_to_raw.py - build - 73

[INFO:20] 2026-07-05 15:45:23,347 - 	loaded 187/2764 of the data.
F:\code\medical-data-quality-pipeline\src\load\load_to_raw.py - build - 73

[INFO:20] 2026-07-05 15:45:23,378 - 	loaded 188/2764 of the data.
F:\code\medical-data-quality-pipeline\src\load\load_to_raw.py - build - 73

[INFO:20] 2026-07-05 15:45:23,412 - 	loaded 189/2764 of the data.
F:\code\medical-data-quality-pipeline\src\load\load_to_raw.py - build - 73

[INFO:20] 2026-07-05 15:45:23,448 - 	loaded 190/2764 of the data.
F:\code\medical-data-quality-pipeline\src\load\load_to_raw.py - build - 73

[INFO:20] 2026-07-05 15:45:23,487 - 	loaded 191/2764 of the data.
F:\code\medical-data-quality-pipeline\src\load\load_to_raw.py - build - 73

[INFO:20] 2026-07-05 15:45:23,521 - 	loaded 192/2764 of the data.
F:\code\medical-data-quality-pipeline\src\load\load_to_raw.py - build - 73

[INFO:20] 2026-07-05 15:45:23,556 - 	loaded 193/2764 of the data.
F:\code\medical-data-quality-pipeline\src\load\load_to_raw.py - build - 73

[INFO:20] 2026-07-05 15:45:23,591 - 	loaded 194/2764 of the data.
F:\code\medical-data-quality-pipeline\src\load\load_to_raw.py - build - 73

[INFO:20] 2026-07-05 15:45:23,622 - 	loaded 195/2764 of the data.
F:\code\medical-data-quality-pipeline\src\load\load_to_raw.py - build - 73

[INFO:20] 2026-07-05 15:45:23,656 - 	loaded 196/2764 of the data.
F:\code\medical-data-quality-pipeline\src\load\load_to_raw.py - build - 73

[INFO:20] 2026-07-05 15:45:23,697 - 	loaded 197/2764 of the data.
F:\code\medical-data-quality-pipeline\src\load\load_to_raw.py - build - 73

[INFO:20] 2026-07-05 15:45:23,731 - 	loaded 198/2764 of the data.
F:\code\medical-data-quality-pipeline\src\load\load_to_raw.py - build - 73

[INFO:20] 2026-07-05 15:45:23,763 - 	loaded 199/2764 of the data.
F:\code\medical-data-quality-pipeline\src\load\load_to_raw.py - build - 73

[INFO:20] 2026-07-05 15:45:23,909 - 	loaded 200/2764 of the data.
F:\code\medical-data-quality-pipeline\src\load\load_to_raw.py - build - 73

[INFO:20] 2026-07-05 15:45:23,943 - 	loaded 201/2764 of the data.
F:\code\medical-data-quality-pipeline\src\load\load_to_raw.py - build - 73

[INFO:20] 2026-07-05 15:45:23,975 - 	loaded 202/2764 of the data.
F:\code\medical-data-quality-pipeline\src\load\load_to_raw.py - build - 73

[INFO:20] 2026-07-05 15:45:24,126 - 	loaded 203/2764 of the data.
F:\code\medical-data-quality-pipeline\src\load\load_to_raw.py - build - 73

[INFO:20] 2026-07-05 15:45:24,160 - 	loaded 204/2764 of the data.
F:\code\medical-data-quality-pipeline\src\load\load_to_raw.py - build - 73

[INFO:20] 2026-07-05 15:45:24,193 - 	loaded 205/2764 of the data.
F:\code\medical-data-quality-pipeline\src\load\load_to_raw.py - build - 73

[INFO:20] 2026-07-05 15:45:24,223 - 	loaded 206/2764 of the data.
F:\code\medical-data-quality-pipeline\src\load\load_to_raw.py - build - 73

[INFO:20] 2026-07-05 15:45:24,254 - 	loaded 207/2764 of the data.
F:\code\medical-data-quality-pipeline\src\load\load_to_raw.py - build - 73

[INFO:20] 2026-07-05 15:45:24,283 - 	loaded 208/2764 of the data.
F:\code\medical-data-quality-pipeline\src\load\load_to_raw.py - build - 73

[INFO:20] 2026-07-05 15:45:24,315 - 	loaded 209/2764 of the data.
F:\code\medical-data-quality-pipeline\src\load\load_to_raw.py - build - 73

[INFO:20] 2026-07-05 15:45:24,348 - 	loaded 210/2764 of the data.
F:\code\medical-data-quality-pipeline\src\load\load_to_raw.py - build - 73

[INFO:20] 2026-07-05 15:45:24,387 - 	loaded 211/2764 of the data.
F:\code\medical-data-quality-pipeline\src\load\load_to_raw.py - build - 73

[INFO:20] 2026-07-05 15:45:24,422 - 	loaded 212/2764 of the data.
F:\code\medical-data-quality-pipeline\src\load\load_to_raw.py - build - 73

[INFO:20] 2026-07-05 15:45:24,459 - 	loaded 213/2764 of the data.
F:\code\medical-data-quality-pipeline\src\load\load_to_raw.py - build - 73

[INFO:20] 2026-07-05 15:45:24,493 - 	loaded 214/2764 of the data.
F:\code\medical-data-quality-pipeline\src\load\load_to_raw.py - build - 73

[INFO:20] 2026-07-05 15:45:24,632 - 	loaded 215/2764 of the data.
F:\code\medical-data-quality-pipeline\src\load\load_to_raw.py - build - 73

[INFO:20] 2026-07-05 15:45:24,676 - 	loaded 216/2764 of the data.
F:\code\medical-data-quality-pipeline\src\load\load_to_raw.py - build - 73

[INFO:20] 2026-07-05 15:45:24,709 - 	loaded 217/2764 of the data.
F:\code\medical-data-quality-pipeline\src\load\load_to_raw.py - build - 73

[INFO:20] 2026-07-05 15:45:24,871 - 	loaded 218/2764 of the data.
F:\code\medical-data-quality-pipeline\src\load\load_to_raw.py - build - 73

[INFO:20] 2026-07-05 15:45:24,908 - 	loaded 219/2764 of the data.
F:\code\medical-data-quality-pipeline\src\load\load_to_raw.py - build - 73

[INFO:20] 2026-07-05 15:45:25,054 - 	loaded 220/2764 of the data.
F:\code\medical-data-quality-pipeline\src\load\load_to_raw.py - build - 73

[INFO:20] 2026-07-05 15:45:25,088 - 	loaded 221/2764 of the data.
F:\code\medical-data-quality-pipeline\src\load\load_to_raw.py - build - 73

[INFO:20] 2026-07-05 15:45:25,123 - 	loaded 222/2764 of the data.
F:\code\medical-data-quality-pipeline\src\load\load_to_raw.py - build - 73

[INFO:20] 2026-07-05 15:45:25,157 - 	loaded 223/2764 of the data.
F:\code\medical-data-quality-pipeline\src\load\load_to_raw.py - build - 73

[INFO:20] 2026-07-05 15:45:25,189 - 	loaded 224/2764 of the data.
F:\code\medical-data-quality-pipeline\src\load\load_to_raw.py - build - 73

[INFO:20] 2026-07-05 15:45:25,221 - 	loaded 225/2764 of the data.
F:\code\medical-data-quality-pipeline\src\load\load_to_raw.py - build - 73

[INFO:20] 2026-07-05 15:45:25,279 - 	loaded 226/2764 of the data.
F:\code\medical-data-quality-pipeline\src\load\load_to_raw.py - build - 73

[INFO:20] 2026-07-05 15:45:25,322 - 	loaded 227/2764 of the data.
F:\code\medical-data-quality-pipeline\src\load\load_to_raw.py - build - 73

[INFO:20] 2026-07-05 15:45:25,359 - 	loaded 228/2764 of the data.
F:\code\medical-data-quality-pipeline\src\load\load_to_raw.py - build - 73

[INFO:20] 2026-07-05 15:45:25,392 - 	loaded 229/2764 of the data.
F:\code\medical-data-quality-pipeline\src\load\load_to_raw.py - build - 73

[INFO:20] 2026-07-05 15:45:25,428 - 	loaded 230/2764 of the data.
F:\code\medical-data-quality-pipeline\src\load\load_to_raw.py - build - 73

[INFO:20] 2026-07-05 15:45:25,462 - 	loaded 231/2764 of the data.
F:\code\medical-data-quality-pipeline\src\load\load_to_raw.py - build - 73

[INFO:20] 2026-07-05 15:45:25,497 - 	loaded 232/2764 of the data.
F:\code\medical-data-quality-pipeline\src\load\load_to_raw.py - build - 73

[INFO:20] 2026-07-05 15:45:25,531 - 	loaded 233/2764 of the data.
F:\code\medical-data-quality-pipeline\src\load\load_to_raw.py - build - 73

[INFO:20] 2026-07-05 15:45:25,572 - 	loaded 234/2764 of the data.
F:\code\medical-data-quality-pipeline\src\load\load_to_raw.py - build - 73

[INFO:20] 2026-07-05 15:45:25,609 - 	loaded 235/2764 of the data.
F:\code\medical-data-quality-pipeline\src\load\load_to_raw.py - build - 73

[INFO:20] 2026-07-05 15:45:25,647 - 	loaded 236/2764 of the data.
F:\code\medical-data-quality-pipeline\src\load\load_to_raw.py - build - 73

[INFO:20] 2026-07-05 15:45:25,682 - 	loaded 237/2764 of the data.
F:\code\medical-data-quality-pipeline\src\load\load_to_raw.py - build - 73

[INFO:20] 2026-07-05 15:45:25,819 - 	loaded 238/2764 of the data.
F:\code\medical-data-quality-pipeline\src\load\load_to_raw.py - build - 73

[INFO:20] 2026-07-05 15:45:25,853 - 	loaded 239/2764 of the data.
F:\code\medical-data-quality-pipeline\src\load\load_to_raw.py - build - 73

[INFO:20] 2026-07-05 15:45:25,886 - 	loaded 240/2764 of the data.
F:\code\medical-data-quality-pipeline\src\load\load_to_raw.py - build - 73

[INFO:20] 2026-07-05 15:45:25,920 - 	loaded 241/2764 of the data.
F:\code\medical-data-quality-pipeline\src\load\load_to_raw.py - build - 73

[INFO:20] 2026-07-05 15:45:25,954 - 	loaded 242/2764 of the data.
F:\code\medical-data-quality-pipeline\src\load\load_to_raw.py - build - 73

[INFO:20] 2026-07-05 15:45:25,990 - 	loaded 243/2764 of the data.
F:\code\medical-data-quality-pipeline\src\load\load_to_raw.py - build - 73

[INFO:20] 2026-07-05 15:45:26,023 - 	loaded 244/2764 of the data.
F:\code\medical-data-quality-pipeline\src\load\load_to_raw.py - build - 73

[INFO:20] 2026-07-05 15:45:26,068 - 	loaded 245/2764 of the data.
F:\code\medical-data-quality-pipeline\src\load\load_to_raw.py - build - 73

[INFO:20] 2026-07-05 15:45:26,107 - 	loaded 246/2764 of the data.
F:\code\medical-data-quality-pipeline\src\load\load_to_raw.py - build - 73

[INFO:20] 2026-07-05 15:45:26,143 - 	loaded 247/2764 of the data.
F:\code\medical-data-quality-pipeline\src\load\load_to_raw.py - build - 73

[INFO:20] 2026-07-05 15:45:26,179 - 	loaded 248/2764 of the data.
F:\code\medical-data-quality-pipeline\src\load\load_to_raw.py - build - 73

[INFO:20] 2026-07-05 15:45:26,213 - 	loaded 249/2764 of the data.
F:\code\medical-data-quality-pipeline\src\load\load_to_raw.py - build - 73

[INFO:20] 2026-07-05 15:45:26,254 - 	loaded 250/2764 of the data.
F:\code\medical-data-quality-pipeline\src\load\load_to_raw.py - build - 73

[INFO:20] 2026-07-05 15:45:26,292 - 	loaded 251/2764 of the data.
F:\code\medical-data-quality-pipeline\src\load\load_to_raw.py - build - 73

[INFO:20] 2026-07-05 15:45:26,325 - 	loaded 252/2764 of the data.
F:\code\medical-data-quality-pipeline\src\load\load_to_raw.py - build - 73

[INFO:20] 2026-07-05 15:45:26,357 - 	loaded 253/2764 of the data.
F:\code\medical-data-quality-pipeline\src\load\load_to_raw.py - build - 73

[INFO:20] 2026-07-05 15:45:26,389 - 	loaded 254/2764 of the data.
F:\code\medical-data-quality-pipeline\src\load\load_to_raw.py - build - 73

[INFO:20] 2026-07-05 15:45:26,420 - 	loaded 255/2764 of the data.
F:\code\medical-data-quality-pipeline\src\load\load_to_raw.py - build - 73

[INFO:20] 2026-07-05 15:45:26,453 - 	loaded 256/2764 of the data.
F:\code\medical-data-quality-pipeline\src\load\load_to_raw.py - build - 73

[INFO:20] 2026-07-05 15:45:26,489 - 	loaded 257/2764 of the data.
F:\code\medical-data-quality-pipeline\src\load\load_to_raw.py - build - 73

[INFO:20] 2026-07-05 15:45:26,529 - 	loaded 258/2764 of the data.
F:\code\medical-data-quality-pipeline\src\load\load_to_raw.py - build - 73

[INFO:20] 2026-07-05 15:45:26,571 - 	loaded 259/2764 of the data.
F:\code\medical-data-quality-pipeline\src\load\load_to_raw.py - build - 73

[INFO:20] 2026-07-05 15:45:26,607 - 	loaded 260/2764 of the data.
F:\code\medical-data-quality-pipeline\src\load\load_to_raw.py - build - 73

[INFO:20] 2026-07-05 15:45:26,641 - 	loaded 261/2764 of the data.
F:\code\medical-data-quality-pipeline\src\load\load_to_raw.py - build - 73

[INFO:20] 2026-07-05 15:45:26,789 - 	loaded 262/2764 of the data.
F:\code\medical-data-quality-pipeline\src\load\load_to_raw.py - build - 73

[INFO:20] 2026-07-05 15:45:26,822 - 	loaded 263/2764 of the data.
F:\code\medical-data-quality-pipeline\src\load\load_to_raw.py - build - 73

[INFO:20] 2026-07-05 15:45:26,854 - 	loaded 264/2764 of the data.
F:\code\medical-data-quality-pipeline\src\load\load_to_raw.py - build - 73

[INFO:20] 2026-07-05 15:45:26,885 - 	loaded 265/2764 of the data.
F:\code\medical-data-quality-pipeline\src\load\load_to_raw.py - build - 73

[INFO:20] 2026-07-05 15:45:26,916 - 	loaded 266/2764 of the data.
F:\code\medical-data-quality-pipeline\src\load\load_to_raw.py - build - 73

[INFO:20] 2026-07-05 15:45:26,948 - 	loaded 267/2764 of the data.
F:\code\medical-data-quality-pipeline\src\load\load_to_raw.py - build - 73

[INFO:20] 2026-07-05 15:45:26,980 - 	loaded 268/2764 of the data.
F:\code\medical-data-quality-pipeline\src\load\load_to_raw.py - build - 73

[INFO:20] 2026-07-05 15:45:27,015 - 	loaded 269/2764 of the data.
F:\code\medical-data-quality-pipeline\src\load\load_to_raw.py - build - 73

[INFO:20] 2026-07-05 15:45:27,054 - 	loaded 270/2764 of the data.
F:\code\medical-data-quality-pipeline\src\load\load_to_raw.py - build - 73

[INFO:20] 2026-07-05 15:45:27,088 - 	loaded 271/2764 of the data.
F:\code\medical-data-quality-pipeline\src\load\load_to_raw.py - build - 73

[INFO:20] 2026-07-05 15:45:27,121 - 	loaded 272/2764 of the data.
F:\code\medical-data-quality-pipeline\src\load\load_to_raw.py - build - 73

[INFO:20] 2026-07-05 15:45:27,154 - 	loaded 273/2764 of the data.
F:\code\medical-data-quality-pipeline\src\load\load_to_raw.py - build - 73

[INFO:20] 2026-07-05 15:45:27,188 - 	loaded 274/2764 of the data.
F:\code\medical-data-quality-pipeline\src\load\load_to_raw.py - build - 73

[INFO:20] 2026-07-05 15:45:27,222 - 	loaded 275/2764 of the data.
F:\code\medical-data-quality-pipeline\src\load\load_to_raw.py - build - 73

[INFO:20] 2026-07-05 15:45:27,257 - 	loaded 276/2764 of the data.
F:\code\medical-data-quality-pipeline\src\load\load_to_raw.py - build - 73

[INFO:20] 2026-07-05 15:45:27,293 - 	loaded 277/2764 of the data.
F:\code\medical-data-quality-pipeline\src\load\load_to_raw.py - build - 73

[INFO:20] 2026-07-05 15:45:27,327 - 	loaded 278/2764 of the data.
F:\code\medical-data-quality-pipeline\src\load\load_to_raw.py - build - 73

[INFO:20] 2026-07-05 15:45:27,359 - 	loaded 279/2764 of the data.
F:\code\medical-data-quality-pipeline\src\load\load_to_raw.py - build - 73

[INFO:20] 2026-07-05 15:45:27,504 - 	loaded 280/2764 of the data.
F:\code\medical-data-quality-pipeline\src\load\load_to_raw.py - build - 73

[INFO:20] 2026-07-05 15:45:27,539 - 	loaded 281/2764 of the data.
F:\code\medical-data-quality-pipeline\src\load\load_to_raw.py - build - 73

[INFO:20] 2026-07-05 15:45:27,574 - 	loaded 282/2764 of the data.
F:\code\medical-data-quality-pipeline\src\load\load_to_raw.py - build - 73

[INFO:20] 2026-07-05 15:45:27,606 - 	loaded 283/2764 of the data.
F:\code\medical-data-quality-pipeline\src\load\load_to_raw.py - build - 73

[INFO:20] 2026-07-05 15:45:27,641 - 	loaded 284/2764 of the data.
F:\code\medical-data-quality-pipeline\src\load\load_to_raw.py - build - 73

[INFO:20] 2026-07-05 15:45:27,774 - 	loaded 285/2764 of the data.
F:\code\medical-data-quality-pipeline\src\load\load_to_raw.py - build - 73

[INFO:20] 2026-07-05 15:45:27,917 - 	loaded 286/2764 of the data.
F:\code\medical-data-quality-pipeline\src\load\load_to_raw.py - build - 73

[INFO:20] 2026-07-05 15:45:27,955 - 	loaded 287/2764 of the data.
F:\code\medical-data-quality-pipeline\src\load\load_to_raw.py - build - 73

[INFO:20] 2026-07-05 15:45:27,996 - 	loaded 288/2764 of the data.
F:\code\medical-data-quality-pipeline\src\load\load_to_raw.py - build - 73

[INFO:20] 2026-07-05 15:45:28,031 - 	loaded 289/2764 of the data.
F:\code\medical-data-quality-pipeline\src\load\load_to_raw.py - build - 73

[INFO:20] 2026-07-05 15:45:28,066 - 	loaded 290/2764 of the data.
F:\code\medical-data-quality-pipeline\src\load\load_to_raw.py - build - 73

[INFO:20] 2026-07-05 15:45:28,098 - 	loaded 291/2764 of the data.
F:\code\medical-data-quality-pipeline\src\load\load_to_raw.py - build - 73

[INFO:20] 2026-07-05 15:45:28,130 - 	loaded 292/2764 of the data.
F:\code\medical-data-quality-pipeline\src\load\load_to_raw.py - build - 73

[INFO:20] 2026-07-05 15:45:28,162 - 	loaded 293/2764 of the data.
F:\code\medical-data-quality-pipeline\src\load\load_to_raw.py - build - 73

[INFO:20] 2026-07-05 15:45:28,196 - 	loaded 294/2764 of the data.
F:\code\medical-data-quality-pipeline\src\load\load_to_raw.py - build - 73

[INFO:20] 2026-07-05 15:45:28,233 - 	loaded 295/2764 of the data.
F:\code\medical-data-quality-pipeline\src\load\load_to_raw.py - build - 73

[INFO:20] 2026-07-05 15:45:28,271 - 	loaded 296/2764 of the data.
F:\code\medical-data-quality-pipeline\src\load\load_to_raw.py - build - 73

[INFO:20] 2026-07-05 15:45:28,304 - 	loaded 297/2764 of the data.
F:\code\medical-data-quality-pipeline\src\load\load_to_raw.py - build - 73

[INFO:20] 2026-07-05 15:45:28,337 - 	loaded 298/2764 of the data.
F:\code\medical-data-quality-pipeline\src\load\load_to_raw.py - build - 73

[INFO:20] 2026-07-05 15:45:28,369 - 	loaded 299/2764 of the data.
F:\code\medical-data-quality-pipeline\src\load\load_to_raw.py - build - 73

[INFO:20] 2026-07-05 15:45:28,403 - 	loaded 300/2764 of the data.
F:\code\medical-data-quality-pipeline\src\load\load_to_raw.py - build - 73

[INFO:20] 2026-07-05 15:45:28,435 - 	loaded 301/2764 of the data.
F:\code\medical-data-quality-pipeline\src\load\load_to_raw.py - build - 73

[INFO:20] 2026-07-05 15:45:28,473 - 	loaded 302/2764 of the data.
F:\code\medical-data-quality-pipeline\src\load\load_to_raw.py - build - 73

[INFO:20] 2026-07-05 15:45:28,511 - 	loaded 303/2764 of the data.
F:\code\medical-data-quality-pipeline\src\load\load_to_raw.py - build - 73

[INFO:20] 2026-07-05 15:45:28,544 - 	loaded 304/2764 of the data.
F:\code\medical-data-quality-pipeline\src\load\load_to_raw.py - build - 73

[INFO:20] 2026-07-05 15:45:28,577 - 	loaded 305/2764 of the data.
F:\code\medical-data-quality-pipeline\src\load\load_to_raw.py - build - 73

[INFO:20] 2026-07-05 15:45:28,608 - 	loaded 306/2764 of the data.
F:\code\medical-data-quality-pipeline\src\load\load_to_raw.py - build - 73

[INFO:20] 2026-07-05 15:45:28,641 - 	loaded 307/2764 of the data.
F:\code\medical-data-quality-pipeline\src\load\load_to_raw.py - build - 73

[INFO:20] 2026-07-05 15:45:28,676 - 	loaded 308/2764 of the data.
F:\code\medical-data-quality-pipeline\src\load\load_to_raw.py - build - 73

[INFO:20] 2026-07-05 15:45:28,714 - 	loaded 309/2764 of the data.
F:\code\medical-data-quality-pipeline\src\load\load_to_raw.py - build - 73

[INFO:20] 2026-07-05 15:45:28,751 - 	loaded 310/2764 of the data.
F:\code\medical-data-quality-pipeline\src\load\load_to_raw.py - build - 73

[INFO:20] 2026-07-05 15:45:28,784 - 	loaded 311/2764 of the data.
F:\code\medical-data-quality-pipeline\src\load\load_to_raw.py - build - 73

[INFO:20] 2026-07-05 15:45:28,818 - 	loaded 312/2764 of the data.
F:\code\medical-data-quality-pipeline\src\load\load_to_raw.py - build - 73

[INFO:20] 2026-07-05 15:45:28,851 - 	loaded 313/2764 of the data.
F:\code\medical-data-quality-pipeline\src\load\load_to_raw.py - build - 73

[INFO:20] 2026-07-05 15:45:28,884 - 	loaded 314/2764 of the data.
F:\code\medical-data-quality-pipeline\src\load\load_to_raw.py - build - 73

[INFO:20] 2026-07-05 15:45:28,924 - 	loaded 315/2764 of the data.
F:\code\medical-data-quality-pipeline\src\load\load_to_raw.py - build - 73

[INFO:20] 2026-07-05 15:45:28,960 - 	loaded 316/2764 of the data.
F:\code\medical-data-quality-pipeline\src\load\load_to_raw.py - build - 73

[INFO:20] 2026-07-05 15:45:28,994 - 	loaded 317/2764 of the data.
F:\code\medical-data-quality-pipeline\src\load\load_to_raw.py - build - 73

[INFO:20] 2026-07-05 15:45:29,027 - 	loaded 318/2764 of the data.
F:\code\medical-data-quality-pipeline\src\load\load_to_raw.py - build - 73

[INFO:20] 2026-07-05 15:45:29,060 - 	loaded 319/2764 of the data.
F:\code\medical-data-quality-pipeline\src\load\load_to_raw.py - build - 73

[INFO:20] 2026-07-05 15:45:29,094 - 	loaded 320/2764 of the data.
F:\code\medical-data-quality-pipeline\src\load\load_to_raw.py - build - 73

[INFO:20] 2026-07-05 15:45:29,133 - 	loaded 321/2764 of the data.
F:\code\medical-data-quality-pipeline\src\load\load_to_raw.py - build - 73

[INFO:20] 2026-07-05 15:45:29,288 - 	loaded 322/2764 of the data.
F:\code\medical-data-quality-pipeline\src\load\load_to_raw.py - build - 73

[INFO:20] 2026-07-05 15:45:29,324 - 	loaded 323/2764 of the data.
F:\code\medical-data-quality-pipeline\src\load\load_to_raw.py - build - 73

[INFO:20] 2026-07-05 15:45:29,354 - 	loaded 324/2764 of the data.
F:\code\medical-data-quality-pipeline\src\load\load_to_raw.py - build - 73

[INFO:20] 2026-07-05 15:45:29,501 - 	loaded 325/2764 of the data.
F:\code\medical-data-quality-pipeline\src\load\load_to_raw.py - build - 73

[INFO:20] 2026-07-05 15:45:29,537 - 	loaded 326/2764 of the data.
F:\code\medical-data-quality-pipeline\src\load\load_to_raw.py - build - 73

[INFO:20] 2026-07-05 15:45:29,574 - 	loaded 327/2764 of the data.
F:\code\medical-data-quality-pipeline\src\load\load_to_raw.py - build - 73

[INFO:20] 2026-07-05 15:45:29,605 - 	loaded 328/2764 of the data.
F:\code\medical-data-quality-pipeline\src\load\load_to_raw.py - build - 73

[INFO:20] 2026-07-05 15:45:29,638 - 	loaded 329/2764 of the data.
F:\code\medical-data-quality-pipeline\src\load\load_to_raw.py - build - 73

[INFO:20] 2026-07-05 15:45:29,672 - 	loaded 330/2764 of the data.
F:\code\medical-data-quality-pipeline\src\load\load_to_raw.py - build - 73

[INFO:20] 2026-07-05 15:45:29,703 - 	loaded 331/2764 of the data.
F:\code\medical-data-quality-pipeline\src\load\load_to_raw.py - build - 73

[INFO:20] 2026-07-05 15:45:29,738 - 	loaded 332/2764 of the data.
F:\code\medical-data-quality-pipeline\src\load\load_to_raw.py - build - 73

[INFO:20] 2026-07-05 15:45:29,774 - 	loaded 333/2764 of the data.
F:\code\medical-data-quality-pipeline\src\load\load_to_raw.py - build - 73

[INFO:20] 2026-07-05 15:45:29,811 - 	loaded 334/2764 of the data.
F:\code\medical-data-quality-pipeline\src\load\load_to_raw.py - build - 73

[INFO:20] 2026-07-05 15:45:29,844 - 	loaded 335/2764 of the data.
F:\code\medical-data-quality-pipeline\src\load\load_to_raw.py - build - 73

[INFO:20] 2026-07-05 15:45:29,878 - 	loaded 336/2764 of the data.
F:\code\medical-data-quality-pipeline\src\load\load_to_raw.py - build - 73

[INFO:20] 2026-07-05 15:45:29,912 - 	loaded 337/2764 of the data.
F:\code\medical-data-quality-pipeline\src\load\load_to_raw.py - build - 73

[INFO:20] 2026-07-05 15:45:29,945 - 	loaded 338/2764 of the data.
F:\code\medical-data-quality-pipeline\src\load\load_to_raw.py - build - 73

[INFO:20] 2026-07-05 15:45:30,090 - 	loaded 339/2764 of the data.
F:\code\medical-data-quality-pipeline\src\load\load_to_raw.py - build - 73

[INFO:20] 2026-07-05 15:45:30,233 - 	loaded 340/2764 of the data.
F:\code\medical-data-quality-pipeline\src\load\load_to_raw.py - build - 73

[INFO:20] 2026-07-05 15:45:30,265 - 	loaded 341/2764 of the data.
F:\code\medical-data-quality-pipeline\src\load\load_to_raw.py - build - 73

[INFO:20] 2026-07-05 15:45:30,413 - 	loaded 342/2764 of the data.
F:\code\medical-data-quality-pipeline\src\load\load_to_raw.py - build - 73

[INFO:20] 2026-07-05 15:45:30,449 - 	loaded 343/2764 of the data.
F:\code\medical-data-quality-pipeline\src\load\load_to_raw.py - build - 73

[INFO:20] 2026-07-05 15:45:30,480 - 	loaded 344/2764 of the data.
F:\code\medical-data-quality-pipeline\src\load\load_to_raw.py - build - 73

[INFO:20] 2026-07-05 15:45:30,641 - 	loaded 345/2764 of the data.
F:\code\medical-data-quality-pipeline\src\load\load_to_raw.py - build - 73

[INFO:20] 2026-07-05 15:45:30,787 - 	loaded 346/2764 of the data.
F:\code\medical-data-quality-pipeline\src\load\load_to_raw.py - build - 73

[INFO:20] 2026-07-05 15:45:30,826 - 	loaded 347/2764 of the data.
F:\code\medical-data-quality-pipeline\src\load\load_to_raw.py - build - 73

[INFO:20] 2026-07-05 15:45:30,860 - 	loaded 348/2764 of the data.
F:\code\medical-data-quality-pipeline\src\load\load_to_raw.py - build - 73

[INFO:20] 2026-07-05 15:45:30,898 - 	loaded 349/2764 of the data.
F:\code\medical-data-quality-pipeline\src\load\load_to_raw.py - build - 73

[INFO:20] 2026-07-05 15:45:30,928 - 	loaded 350/2764 of the data.
F:\code\medical-data-quality-pipeline\src\load\load_to_raw.py - build - 73

[INFO:20] 2026-07-05 15:45:30,960 - 	loaded 351/2764 of the data.
F:\code\medical-data-quality-pipeline\src\load\load_to_raw.py - build - 73

[INFO:20] 2026-07-05 15:45:30,995 - 	loaded 352/2764 of the data.
F:\code\medical-data-quality-pipeline\src\load\load_to_raw.py - build - 73

[INFO:20] 2026-07-05 15:45:31,026 - 	loaded 353/2764 of the data.
F:\code\medical-data-quality-pipeline\src\load\load_to_raw.py - build - 73

[INFO:20] 2026-07-05 15:45:31,059 - 	loaded 354/2764 of the data.
F:\code\medical-data-quality-pipeline\src\load\load_to_raw.py - build - 73

[INFO:20] 2026-07-05 15:45:31,206 - 	loaded 355/2764 of the data.
F:\code\medical-data-quality-pipeline\src\load\load_to_raw.py - build - 73

[INFO:20] 2026-07-05 15:45:31,239 - 	loaded 356/2764 of the data.
F:\code\medical-data-quality-pipeline\src\load\load_to_raw.py - build - 73

[INFO:20] 2026-07-05 15:45:31,272 - 	loaded 357/2764 of the data.
F:\code\medical-data-quality-pipeline\src\load\load_to_raw.py - build - 73

[INFO:20] 2026-07-05 15:45:31,304 - 	loaded 358/2764 of the data.
F:\code\medical-data-quality-pipeline\src\load\load_to_raw.py - build - 73

[INFO:20] 2026-07-05 15:45:31,337 - 	loaded 359/2764 of the data.
F:\code\medical-data-quality-pipeline\src\load\load_to_raw.py - build - 73

[INFO:20] 2026-07-05 15:45:31,370 - 	loaded 360/2764 of the data.
F:\code\medical-data-quality-pipeline\src\load\load_to_raw.py - build - 73

[INFO:20] 2026-07-05 15:45:31,404 - 	loaded 361/2764 of the data.
F:\code\medical-data-quality-pipeline\src\load\load_to_raw.py - build - 73

[INFO:20] 2026-07-05 15:45:31,440 - 	loaded 362/2764 of the data.
F:\code\medical-data-quality-pipeline\src\load\load_to_raw.py - build - 73

[INFO:20] 2026-07-05 15:45:31,582 - 	loaded 363/2764 of the data.
F:\code\medical-data-quality-pipeline\src\load\load_to_raw.py - build - 73

[INFO:20] 2026-07-05 15:45:31,613 - 	loaded 364/2764 of the data.
F:\code\medical-data-quality-pipeline\src\load\load_to_raw.py - build - 73

[INFO:20] 2026-07-05 15:45:31,648 - 	loaded 365/2764 of the data.
F:\code\medical-data-quality-pipeline\src\load\load_to_raw.py - build - 73

[INFO:20] 2026-07-05 15:45:31,685 - 	loaded 366/2764 of the data.
F:\code\medical-data-quality-pipeline\src\load\load_to_raw.py - build - 73

[INFO:20] 2026-07-05 15:45:31,718 - 	loaded 367/2764 of the data.
F:\code\medical-data-quality-pipeline\src\load\load_to_raw.py - build - 73

[INFO:20] 2026-07-05 15:45:31,751 - 	loaded 368/2764 of the data.
F:\code\medical-data-quality-pipeline\src\load\load_to_raw.py - build - 73

[INFO:20] 2026-07-05 15:45:31,784 - 	loaded 369/2764 of the data.
F:\code\medical-data-quality-pipeline\src\load\load_to_raw.py - build - 73

[INFO:20] 2026-07-05 15:45:31,817 - 	loaded 370/2764 of the data.
F:\code\medical-data-quality-pipeline\src\load\load_to_raw.py - build - 73

[INFO:20] 2026-07-05 15:45:31,848 - 	loaded 371/2764 of the data.
F:\code\medical-data-quality-pipeline\src\load\load_to_raw.py - build - 73

[INFO:20] 2026-07-05 15:45:31,880 - 	loaded 372/2764 of the data.
F:\code\medical-data-quality-pipeline\src\load\load_to_raw.py - build - 73

[INFO:20] 2026-07-05 15:45:31,916 - 	loaded 373/2764 of the data.
F:\code\medical-data-quality-pipeline\src\load\load_to_raw.py - build - 73

[INFO:20] 2026-07-05 15:45:31,955 - 	loaded 374/2764 of the data.
F:\code\medical-data-quality-pipeline\src\load\load_to_raw.py - build - 73

[INFO:20] 2026-07-05 15:45:31,989 - 	loaded 375/2764 of the data.
F:\code\medical-data-quality-pipeline\src\load\load_to_raw.py - build - 73

[INFO:20] 2026-07-05 15:45:32,022 - 	loaded 376/2764 of the data.
F:\code\medical-data-quality-pipeline\src\load\load_to_raw.py - build - 73

[INFO:20] 2026-07-05 15:45:32,056 - 	loaded 377/2764 of the data.
F:\code\medical-data-quality-pipeline\src\load\load_to_raw.py - build - 73

[INFO:20] 2026-07-05 15:45:32,088 - 	loaded 378/2764 of the data.
F:\code\medical-data-quality-pipeline\src\load\load_to_raw.py - build - 73

[INFO:20] 2026-07-05 15:45:32,121 - 	loaded 379/2764 of the data.
F:\code\medical-data-quality-pipeline\src\load\load_to_raw.py - build - 73

[INFO:20] 2026-07-05 15:45:32,161 - 	loaded 380/2764 of the data.
F:\code\medical-data-quality-pipeline\src\load\load_to_raw.py - build - 73

[INFO:20] 2026-07-05 15:45:32,197 - 	loaded 381/2764 of the data.
F:\code\medical-data-quality-pipeline\src\load\load_to_raw.py - build - 73

[INFO:20] 2026-07-05 15:45:32,228 - 	loaded 382/2764 of the data.
F:\code\medical-data-quality-pipeline\src\load\load_to_raw.py - build - 73

[INFO:20] 2026-07-05 15:45:32,262 - 	loaded 383/2764 of the data.
F:\code\medical-data-quality-pipeline\src\load\load_to_raw.py - build - 73

[INFO:20] 2026-07-05 15:45:32,295 - 	loaded 384/2764 of the data.
F:\code\medical-data-quality-pipeline\src\load\load_to_raw.py - build - 73

[INFO:20] 2026-07-05 15:45:32,330 - 	loaded 385/2764 of the data.
F:\code\medical-data-quality-pipeline\src\load\load_to_raw.py - build - 73

[INFO:20] 2026-07-05 15:45:32,368 - 	loaded 386/2764 of the data.
F:\code\medical-data-quality-pipeline\src\load\load_to_raw.py - build - 73

[INFO:20] 2026-07-05 15:45:32,403 - 	loaded 387/2764 of the data.
F:\code\medical-data-quality-pipeline\src\load\load_to_raw.py - build - 73

[INFO:20] 2026-07-05 15:45:32,544 - 	loaded 388/2764 of the data.
F:\code\medical-data-quality-pipeline\src\load\load_to_raw.py - build - 73

[INFO:20] 2026-07-05 15:45:32,580 - 	loaded 389/2764 of the data.
F:\code\medical-data-quality-pipeline\src\load\load_to_raw.py - build - 73

[INFO:20] 2026-07-05 15:45:32,612 - 	loaded 390/2764 of the data.
F:\code\medical-data-quality-pipeline\src\load\load_to_raw.py - build - 73

[INFO:20] 2026-07-05 15:45:32,645 - 	loaded 391/2764 of the data.
F:\code\medical-data-quality-pipeline\src\load\load_to_raw.py - build - 73

[INFO:20] 2026-07-05 15:45:32,676 - 	loaded 392/2764 of the data.
F:\code\medical-data-quality-pipeline\src\load\load_to_raw.py - build - 73

[INFO:20] 2026-07-05 15:45:32,710 - 	loaded 393/2764 of the data.
F:\code\medical-data-quality-pipeline\src\load\load_to_raw.py - build - 73

[INFO:20] 2026-07-05 15:45:32,743 - 	loaded 394/2764 of the data.
F:\code\medical-data-quality-pipeline\src\load\load_to_raw.py - build - 73

[INFO:20] 2026-07-05 15:45:32,780 - 	loaded 395/2764 of the data.
F:\code\medical-data-quality-pipeline\src\load\load_to_raw.py - build - 73

[INFO:20] 2026-07-05 15:45:32,819 - 	loaded 396/2764 of the data.
F:\code\medical-data-quality-pipeline\src\load\load_to_raw.py - build - 73

[INFO:20] 2026-07-05 15:45:32,852 - 	loaded 397/2764 of the data.
F:\code\medical-data-quality-pipeline\src\load\load_to_raw.py - build - 73

[INFO:20] 2026-07-05 15:45:32,884 - 	loaded 398/2764 of the data.
F:\code\medical-data-quality-pipeline\src\load\load_to_raw.py - build - 73

[INFO:20] 2026-07-05 15:45:32,918 - 	loaded 399/2764 of the data.
F:\code\medical-data-quality-pipeline\src\load\load_to_raw.py - build - 73

[INFO:20] 2026-07-05 15:45:32,953 - 	loaded 400/2764 of the data.
F:\code\medical-data-quality-pipeline\src\load\load_to_raw.py - build - 73

[INFO:20] 2026-07-05 15:45:32,988 - 	loaded 401/2764 of the data.
F:\code\medical-data-quality-pipeline\src\load\load_to_raw.py - build - 73

[INFO:20] 2026-07-05 15:45:33,028 - 	loaded 402/2764 of the data.
F:\code\medical-data-quality-pipeline\src\load\load_to_raw.py - build - 73

[INFO:20] 2026-07-05 15:45:33,063 - 	loaded 403/2764 of the data.
F:\code\medical-data-quality-pipeline\src\load\load_to_raw.py - build - 73

[INFO:20] 2026-07-05 15:45:33,096 - 	loaded 404/2764 of the data.
F:\code\medical-data-quality-pipeline\src\load\load_to_raw.py - build - 73

[INFO:20] 2026-07-05 15:45:33,129 - 	loaded 405/2764 of the data.
F:\code\medical-data-quality-pipeline\src\load\load_to_raw.py - build - 73

[INFO:20] 2026-07-05 15:45:33,162 - 	loaded 406/2764 of the data.
F:\code\medical-data-quality-pipeline\src\load\load_to_raw.py - build - 73

[INFO:20] 2026-07-05 15:45:33,303 - 	loaded 407/2764 of the data.
F:\code\medical-data-quality-pipeline\src\load\load_to_raw.py - build - 73

[INFO:20] 2026-07-05 15:45:33,339 - 	loaded 408/2764 of the data.
F:\code\medical-data-quality-pipeline\src\load\load_to_raw.py - build - 73

[INFO:20] 2026-07-05 15:45:33,378 - 	loaded 409/2764 of the data.
F:\code\medical-data-quality-pipeline\src\load\load_to_raw.py - build - 73

[INFO:20] 2026-07-05 15:45:33,416 - 	loaded 410/2764 of the data.
F:\code\medical-data-quality-pipeline\src\load\load_to_raw.py - build - 73

[INFO:20] 2026-07-05 15:45:33,458 - 	loaded 411/2764 of the data.
F:\code\medical-data-quality-pipeline\src\load\load_to_raw.py - build - 73

[INFO:20] 2026-07-05 15:45:33,497 - 	loaded 412/2764 of the data.
F:\code\medical-data-quality-pipeline\src\load\load_to_raw.py - build - 73

[INFO:20] 2026-07-05 15:45:33,533 - 	loaded 413/2764 of the data.
F:\code\medical-data-quality-pipeline\src\load\load_to_raw.py - build - 73

[INFO:20] 2026-07-05 15:45:33,571 - 	loaded 414/2764 of the data.
F:\code\medical-data-quality-pipeline\src\load\load_to_raw.py - build - 73

[INFO:20] 2026-07-05 15:45:33,604 - 	loaded 415/2764 of the data.
F:\code\medical-data-quality-pipeline\src\load\load_to_raw.py - build - 73

[INFO:20] 2026-07-05 15:45:33,637 - 	loaded 416/2764 of the data.
F:\code\medical-data-quality-pipeline\src\load\load_to_raw.py - build - 73

[INFO:20] 2026-07-05 15:45:33,669 - 	loaded 417/2764 of the data.
F:\code\medical-data-quality-pipeline\src\load\load_to_raw.py - build - 73

[INFO:20] 2026-07-05 15:45:33,703 - 	loaded 418/2764 of the data.
F:\code\medical-data-quality-pipeline\src\load\load_to_raw.py - build - 73

[INFO:20] 2026-07-05 15:45:33,737 - 	loaded 419/2764 of the data.
F:\code\medical-data-quality-pipeline\src\load\load_to_raw.py - build - 73

[INFO:20] 2026-07-05 15:45:33,885 - 	loaded 420/2764 of the data.
F:\code\medical-data-quality-pipeline\src\load\load_to_raw.py - build - 73

[INFO:20] 2026-07-05 15:45:34,026 - 	loaded 421/2764 of the data.
F:\code\medical-data-quality-pipeline\src\load\load_to_raw.py - build - 73

[INFO:20] 2026-07-05 15:45:34,064 - 	loaded 422/2764 of the data.
F:\code\medical-data-quality-pipeline\src\load\load_to_raw.py - build - 73

[INFO:20] 2026-07-05 15:45:34,098 - 	loaded 423/2764 of the data.
F:\code\medical-data-quality-pipeline\src\load\load_to_raw.py - build - 73

[INFO:20] 2026-07-05 15:45:34,130 - 	loaded 424/2764 of the data.
F:\code\medical-data-quality-pipeline\src\load\load_to_raw.py - build - 73

[INFO:20] 2026-07-05 15:45:34,278 - 	loaded 425/2764 of the data.
F:\code\medical-data-quality-pipeline\src\load\load_to_raw.py - build - 73

[INFO:20] 2026-07-05 15:45:34,309 - 	loaded 426/2764 of the data.
F:\code\medical-data-quality-pipeline\src\load\load_to_raw.py - build - 73

[INFO:20] 2026-07-05 15:45:34,339 - 	loaded 427/2764 of the data.
F:\code\medical-data-quality-pipeline\src\load\load_to_raw.py - build - 73

[INFO:20] 2026-07-05 15:45:34,371 - 	loaded 428/2764 of the data.
F:\code\medical-data-quality-pipeline\src\load\load_to_raw.py - build - 73

[INFO:20] 2026-07-05 15:45:34,402 - 	loaded 429/2764 of the data.
F:\code\medical-data-quality-pipeline\src\load\load_to_raw.py - build - 73

[INFO:20] 2026-07-05 15:45:34,435 - 	loaded 430/2764 of the data.
F:\code\medical-data-quality-pipeline\src\load\load_to_raw.py - build - 73

[INFO:20] 2026-07-05 15:45:34,466 - 	loaded 431/2764 of the data.
F:\code\medical-data-quality-pipeline\src\load\load_to_raw.py - build - 73

[INFO:20] 2026-07-05 15:45:34,501 - 	loaded 432/2764 of the data.
F:\code\medical-data-quality-pipeline\src\load\load_to_raw.py - build - 73

[INFO:20] 2026-07-05 15:45:34,542 - 	loaded 433/2764 of the data.
F:\code\medical-data-quality-pipeline\src\load\load_to_raw.py - build - 73

[INFO:20] 2026-07-05 15:45:34,577 - 	loaded 434/2764 of the data.
F:\code\medical-data-quality-pipeline\src\load\load_to_raw.py - build - 73

[INFO:20] 2026-07-05 15:45:34,722 - 	loaded 435/2764 of the data.
F:\code\medical-data-quality-pipeline\src\load\load_to_raw.py - build - 73

[INFO:20] 2026-07-05 15:45:34,760 - 	loaded 436/2764 of the data.
F:\code\medical-data-quality-pipeline\src\load\load_to_raw.py - build - 73

[INFO:20] 2026-07-05 15:45:34,791 - 	loaded 437/2764 of the data.
F:\code\medical-data-quality-pipeline\src\load\load_to_raw.py - build - 73

[INFO:20] 2026-07-05 15:45:34,834 - 	loaded 438/2764 of the data.
F:\code\medical-data-quality-pipeline\src\load\load_to_raw.py - build - 73

[INFO:20] 2026-07-05 15:45:34,867 - 	loaded 439/2764 of the data.
F:\code\medical-data-quality-pipeline\src\load\load_to_raw.py - build - 73

[INFO:20] 2026-07-05 15:45:34,899 - 	loaded 440/2764 of the data.
F:\code\medical-data-quality-pipeline\src\load\load_to_raw.py - build - 73

[INFO:20] 2026-07-05 15:45:35,043 - 	loaded 441/2764 of the data.
F:\code\medical-data-quality-pipeline\src\load\load_to_raw.py - build - 73

[INFO:20] 2026-07-05 15:45:35,074 - 	loaded 442/2764 of the data.
F:\code\medical-data-quality-pipeline\src\load\load_to_raw.py - build - 73

[INFO:20] 2026-07-05 15:45:35,221 - 	loaded 443/2764 of the data.
F:\code\medical-data-quality-pipeline\src\load\load_to_raw.py - build - 73

[INFO:20] 2026-07-05 15:45:35,258 - 	loaded 444/2764 of the data.
F:\code\medical-data-quality-pipeline\src\load\load_to_raw.py - build - 73

[INFO:20] 2026-07-05 15:45:35,291 - 	loaded 445/2764 of the data.
F:\code\medical-data-quality-pipeline\src\load\load_to_raw.py - build - 73

[INFO:20] 2026-07-05 15:45:35,322 - 	loaded 446/2764 of the data.
F:\code\medical-data-quality-pipeline\src\load\load_to_raw.py - build - 73

[INFO:20] 2026-07-05 15:45:35,475 - 	loaded 447/2764 of the data.
F:\code\medical-data-quality-pipeline\src\load\load_to_raw.py - build - 73

[INFO:20] 2026-07-05 15:45:35,514 - 	loaded 448/2764 of the data.
F:\code\medical-data-quality-pipeline\src\load\load_to_raw.py - build - 73

[INFO:20] 2026-07-05 15:45:35,552 - 	loaded 449/2764 of the data.
F:\code\medical-data-quality-pipeline\src\load\load_to_raw.py - build - 73

[INFO:20] 2026-07-05 15:45:35,720 - 	loaded 450/2764 of the data.
F:\code\medical-data-quality-pipeline\src\load\load_to_raw.py - build - 73

[INFO:20] 2026-07-05 15:45:35,756 - 	loaded 451/2764 of the data.
F:\code\medical-data-quality-pipeline\src\load\load_to_raw.py - build - 73

[INFO:20] 2026-07-05 15:45:35,909 - 	loaded 452/2764 of the data.
F:\code\medical-data-quality-pipeline\src\load\load_to_raw.py - build - 73

[INFO:20] 2026-07-05 15:45:36,046 - 	loaded 453/2764 of the data.
F:\code\medical-data-quality-pipeline\src\load\load_to_raw.py - build - 73

[INFO:20] 2026-07-05 15:45:36,077 - 	loaded 454/2764 of the data.
F:\code\medical-data-quality-pipeline\src\load\load_to_raw.py - build - 73

[INFO:20] 2026-07-05 15:45:36,110 - 	loaded 455/2764 of the data.
F:\code\medical-data-quality-pipeline\src\load\load_to_raw.py - build - 73

[INFO:20] 2026-07-05 15:45:36,152 - 	loaded 456/2764 of the data.
F:\code\medical-data-quality-pipeline\src\load\load_to_raw.py - build - 73

[INFO:20] 2026-07-05 15:45:36,189 - 	loaded 457/2764 of the data.
F:\code\medical-data-quality-pipeline\src\load\load_to_raw.py - build - 73

[INFO:20] 2026-07-05 15:45:36,224 - 	loaded 458/2764 of the data.
F:\code\medical-data-quality-pipeline\src\load\load_to_raw.py - build - 73

[INFO:20] 2026-07-05 15:45:36,258 - 	loaded 459/2764 of the data.
F:\code\medical-data-quality-pipeline\src\load\load_to_raw.py - build - 73

[INFO:20] 2026-07-05 15:45:36,303 - 	loaded 460/2764 of the data.
F:\code\medical-data-quality-pipeline\src\load\load_to_raw.py - build - 73

[INFO:20] 2026-07-05 15:45:36,336 - 	loaded 461/2764 of the data.
F:\code\medical-data-quality-pipeline\src\load\load_to_raw.py - build - 73

[INFO:20] 2026-07-05 15:45:36,369 - 	loaded 462/2764 of the data.
F:\code\medical-data-quality-pipeline\src\load\load_to_raw.py - build - 73

[INFO:20] 2026-07-05 15:45:36,401 - 	loaded 463/2764 of the data.
F:\code\medical-data-quality-pipeline\src\load\load_to_raw.py - build - 73

[INFO:20] 2026-07-05 15:45:36,435 - 	loaded 464/2764 of the data.
F:\code\medical-data-quality-pipeline\src\load\load_to_raw.py - build - 73

[INFO:20] 2026-07-05 15:45:36,472 - 	loaded 465/2764 of the data.
F:\code\medical-data-quality-pipeline\src\load\load_to_raw.py - build - 73

[INFO:20] 2026-07-05 15:45:36,513 - 	loaded 466/2764 of the data.
F:\code\medical-data-quality-pipeline\src\load\load_to_raw.py - build - 73

[INFO:20] 2026-07-05 15:45:36,549 - 	loaded 467/2764 of the data.
F:\code\medical-data-quality-pipeline\src\load\load_to_raw.py - build - 73

[INFO:20] 2026-07-05 15:45:36,583 - 	loaded 468/2764 of the data.
F:\code\medical-data-quality-pipeline\src\load\load_to_raw.py - build - 73

[INFO:20] 2026-07-05 15:45:36,617 - 	loaded 469/2764 of the data.
F:\code\medical-data-quality-pipeline\src\load\load_to_raw.py - build - 73

[INFO:20] 2026-07-05 15:45:36,651 - 	loaded 470/2764 of the data.
F:\code\medical-data-quality-pipeline\src\load\load_to_raw.py - build - 73

[INFO:20] 2026-07-05 15:45:36,686 - 	loaded 471/2764 of the data.
F:\code\medical-data-quality-pipeline\src\load\load_to_raw.py - build - 73

[INFO:20] 2026-07-05 15:45:36,726 - 	loaded 472/2764 of the data.
F:\code\medical-data-quality-pipeline\src\load\load_to_raw.py - build - 73

[INFO:20] 2026-07-05 15:45:36,764 - 	loaded 473/2764 of the data.
F:\code\medical-data-quality-pipeline\src\load\load_to_raw.py - build - 73

[INFO:20] 2026-07-05 15:45:36,799 - 	loaded 474/2764 of the data.
F:\code\medical-data-quality-pipeline\src\load\load_to_raw.py - build - 73

[INFO:20] 2026-07-05 15:45:36,832 - 	loaded 475/2764 of the data.
F:\code\medical-data-quality-pipeline\src\load\load_to_raw.py - build - 73

[INFO:20] 2026-07-05 15:45:36,865 - 	loaded 476/2764 of the data.
F:\code\medical-data-quality-pipeline\src\load\load_to_raw.py - build - 73

[INFO:20] 2026-07-05 15:45:36,902 - 	loaded 477/2764 of the data.
F:\code\medical-data-quality-pipeline\src\load\load_to_raw.py - build - 73

[INFO:20] 2026-07-05 15:45:36,942 - 	loaded 478/2764 of the data.
F:\code\medical-data-quality-pipeline\src\load\load_to_raw.py - build - 73

[INFO:20] 2026-07-05 15:45:36,977 - 	loaded 479/2764 of the data.
F:\code\medical-data-quality-pipeline\src\load\load_to_raw.py - build - 73

[INFO:20] 2026-07-05 15:45:37,010 - 	loaded 480/2764 of the data.
F:\code\medical-data-quality-pipeline\src\load\load_to_raw.py - build - 73

[INFO:20] 2026-07-05 15:45:37,044 - 	loaded 481/2764 of the data.
F:\code\medical-data-quality-pipeline\src\load\load_to_raw.py - build - 73

[INFO:20] 2026-07-05 15:45:37,079 - 	loaded 482/2764 of the data.
F:\code\medical-data-quality-pipeline\src\load\load_to_raw.py - build - 73

[INFO:20] 2026-07-05 15:45:37,114 - 	loaded 483/2764 of the data.
F:\code\medical-data-quality-pipeline\src\load\load_to_raw.py - build - 73

[INFO:20] 2026-07-05 15:45:37,153 - 	loaded 484/2764 of the data.
F:\code\medical-data-quality-pipeline\src\load\load_to_raw.py - build - 73

[INFO:20] 2026-07-05 15:45:37,358 - 	loaded 485/2764 of the data.
F:\code\medical-data-quality-pipeline\src\load\load_to_raw.py - build - 73

[INFO:20] 2026-07-05 15:45:37,394 - 	loaded 486/2764 of the data.
F:\code\medical-data-quality-pipeline\src\load\load_to_raw.py - build - 73

[INFO:20] 2026-07-05 15:45:37,430 - 	loaded 487/2764 of the data.
F:\code\medical-data-quality-pipeline\src\load\load_to_raw.py - build - 73

[INFO:20] 2026-07-05 15:45:37,466 - 	loaded 488/2764 of the data.
F:\code\medical-data-quality-pipeline\src\load\load_to_raw.py - build - 73

[INFO:20] 2026-07-05 15:45:37,499 - 	loaded 489/2764 of the data.
F:\code\medical-data-quality-pipeline\src\load\load_to_raw.py - build - 73

[INFO:20] 2026-07-05 15:45:37,529 - 	loaded 490/2764 of the data.
F:\code\medical-data-quality-pipeline\src\load\load_to_raw.py - build - 73

[INFO:20] 2026-07-05 15:45:37,565 - 	loaded 491/2764 of the data.
F:\code\medical-data-quality-pipeline\src\load\load_to_raw.py - build - 73

[INFO:20] 2026-07-05 15:45:37,603 - 	loaded 492/2764 of the data.
F:\code\medical-data-quality-pipeline\src\load\load_to_raw.py - build - 73

[INFO:20] 2026-07-05 15:45:37,640 - 	loaded 493/2764 of the data.
F:\code\medical-data-quality-pipeline\src\load\load_to_raw.py - build - 73

[INFO:20] 2026-07-05 15:45:37,675 - 	loaded 494/2764 of the data.
F:\code\medical-data-quality-pipeline\src\load\load_to_raw.py - build - 73

[INFO:20] 2026-07-05 15:45:37,707 - 	loaded 495/2764 of the data.
F:\code\medical-data-quality-pipeline\src\load\load_to_raw.py - build - 73

[INFO:20] 2026-07-05 15:45:37,847 - 	loaded 496/2764 of the data.
F:\code\medical-data-quality-pipeline\src\load\load_to_raw.py - build - 73

[INFO:20] 2026-07-05 15:45:37,878 - 	loaded 497/2764 of the data.
F:\code\medical-data-quality-pipeline\src\load\load_to_raw.py - build - 73

[INFO:20] 2026-07-05 15:45:37,912 - 	loaded 498/2764 of the data.
F:\code\medical-data-quality-pipeline\src\load\load_to_raw.py - build - 73

[INFO:20] 2026-07-05 15:45:37,946 - 	loaded 499/2764 of the data.
F:\code\medical-data-quality-pipeline\src\load\load_to_raw.py - build - 73

[INFO:20] 2026-07-05 15:45:37,980 - 	loaded 500/2764 of the data.
F:\code\medical-data-quality-pipeline\src\load\load_to_raw.py - build - 73

[INFO:20] 2026-07-05 15:45:38,014 - 	loaded 501/2764 of the data.
F:\code\medical-data-quality-pipeline\src\load\load_to_raw.py - build - 73

[INFO:20] 2026-07-05 15:45:38,046 - 	loaded 502/2764 of the data.
F:\code\medical-data-quality-pipeline\src\load\load_to_raw.py - build - 73

[INFO:20] 2026-07-05 15:45:38,082 - 	loaded 503/2764 of the data.
F:\code\medical-data-quality-pipeline\src\load\load_to_raw.py - build - 73

[INFO:20] 2026-07-05 15:45:38,120 - 	loaded 504/2764 of the data.
F:\code\medical-data-quality-pipeline\src\load\load_to_raw.py - build - 73

[INFO:20] 2026-07-05 15:45:38,154 - 	loaded 505/2764 of the data.
F:\code\medical-data-quality-pipeline\src\load\load_to_raw.py - build - 73

[INFO:20] 2026-07-05 15:45:38,310 - 	loaded 506/2764 of the data.
F:\code\medical-data-quality-pipeline\src\load\load_to_raw.py - build - 73

[INFO:20] 2026-07-05 15:45:38,344 - 	loaded 507/2764 of the data.
F:\code\medical-data-quality-pipeline\src\load\load_to_raw.py - build - 73

[INFO:20] 2026-07-05 15:45:38,384 - 	loaded 508/2764 of the data.
F:\code\medical-data-quality-pipeline\src\load\load_to_raw.py - build - 73

[INFO:20] 2026-07-05 15:45:38,417 - 	loaded 509/2764 of the data.
F:\code\medical-data-quality-pipeline\src\load\load_to_raw.py - build - 73

[INFO:20] 2026-07-05 15:45:38,449 - 	loaded 510/2764 of the data.
F:\code\medical-data-quality-pipeline\src\load\load_to_raw.py - build - 73

[INFO:20] 2026-07-05 15:45:38,483 - 	loaded 511/2764 of the data.
F:\code\medical-data-quality-pipeline\src\load\load_to_raw.py - build - 73

[INFO:20] 2026-07-05 15:45:38,517 - 	loaded 512/2764 of the data.
F:\code\medical-data-quality-pipeline\src\load\load_to_raw.py - build - 73

[INFO:20] 2026-07-05 15:45:38,555 - 	loaded 513/2764 of the data.
F:\code\medical-data-quality-pipeline\src\load\load_to_raw.py - build - 73

[INFO:20] 2026-07-05 15:45:38,592 - 	loaded 514/2764 of the data.
F:\code\medical-data-quality-pipeline\src\load\load_to_raw.py - build - 73

[INFO:20] 2026-07-05 15:45:38,625 - 	loaded 515/2764 of the data.
F:\code\medical-data-quality-pipeline\src\load\load_to_raw.py - build - 73

[INFO:20] 2026-07-05 15:45:38,657 - 	loaded 516/2764 of the data.
F:\code\medical-data-quality-pipeline\src\load\load_to_raw.py - build - 73

[INFO:20] 2026-07-05 15:45:38,690 - 	loaded 517/2764 of the data.
F:\code\medical-data-quality-pipeline\src\load\load_to_raw.py - build - 73

[INFO:20] 2026-07-05 15:45:38,725 - 	loaded 518/2764 of the data.
F:\code\medical-data-quality-pipeline\src\load\load_to_raw.py - build - 73

[INFO:20] 2026-07-05 15:45:38,764 - 	loaded 519/2764 of the data.
F:\code\medical-data-quality-pipeline\src\load\load_to_raw.py - build - 73

[INFO:20] 2026-07-05 15:45:38,800 - 	loaded 520/2764 of the data.
F:\code\medical-data-quality-pipeline\src\load\load_to_raw.py - build - 73

[INFO:20] 2026-07-05 15:45:38,834 - 	loaded 521/2764 of the data.
F:\code\medical-data-quality-pipeline\src\load\load_to_raw.py - build - 73

[INFO:20] 2026-07-05 15:45:38,868 - 	loaded 522/2764 of the data.
F:\code\medical-data-quality-pipeline\src\load\load_to_raw.py - build - 73

[INFO:20] 2026-07-05 15:45:38,902 - 	loaded 523/2764 of the data.
F:\code\medical-data-quality-pipeline\src\load\load_to_raw.py - build - 73

[INFO:20] 2026-07-05 15:45:39,049 - 	loaded 524/2764 of the data.
F:\code\medical-data-quality-pipeline\src\load\load_to_raw.py - build - 73

[INFO:20] 2026-07-05 15:45:39,091 - 	loaded 525/2764 of the data.
F:\code\medical-data-quality-pipeline\src\load\load_to_raw.py - build - 73

[INFO:20] 2026-07-05 15:45:39,126 - 	loaded 526/2764 of the data.
F:\code\medical-data-quality-pipeline\src\load\load_to_raw.py - build - 73

[INFO:20] 2026-07-05 15:45:39,159 - 	loaded 527/2764 of the data.
F:\code\medical-data-quality-pipeline\src\load\load_to_raw.py - build - 73

[INFO:20] 2026-07-05 15:45:39,299 - 	loaded 528/2764 of the data.
F:\code\medical-data-quality-pipeline\src\load\load_to_raw.py - build - 73

[INFO:20] 2026-07-05 15:45:39,329 - 	loaded 529/2764 of the data.
F:\code\medical-data-quality-pipeline\src\load\load_to_raw.py - build - 73

[INFO:20] 2026-07-05 15:45:39,361 - 	loaded 530/2764 of the data.
F:\code\medical-data-quality-pipeline\src\load\load_to_raw.py - build - 73

[INFO:20] 2026-07-05 15:45:39,391 - 	loaded 531/2764 of the data.
F:\code\medical-data-quality-pipeline\src\load\load_to_raw.py - build - 73

[INFO:20] 2026-07-05 15:45:39,424 - 	loaded 532/2764 of the data.
F:\code\medical-data-quality-pipeline\src\load\load_to_raw.py - build - 73

[INFO:20] 2026-07-05 15:45:39,456 - 	loaded 533/2764 of the data.
F:\code\medical-data-quality-pipeline\src\load\load_to_raw.py - build - 73

[INFO:20] 2026-07-05 15:45:39,489 - 	loaded 534/2764 of the data.
F:\code\medical-data-quality-pipeline\src\load\load_to_raw.py - build - 73

[INFO:20] 2026-07-05 15:45:39,523 - 	loaded 535/2764 of the data.
F:\code\medical-data-quality-pipeline\src\load\load_to_raw.py - build - 73

[INFO:20] 2026-07-05 15:45:39,563 - 	loaded 536/2764 of the data.
F:\code\medical-data-quality-pipeline\src\load\load_to_raw.py - build - 73

[INFO:20] 2026-07-05 15:45:39,597 - 	loaded 537/2764 of the data.
F:\code\medical-data-quality-pipeline\src\load\load_to_raw.py - build - 73

[INFO:20] 2026-07-05 15:45:39,631 - 	loaded 538/2764 of the data.
F:\code\medical-data-quality-pipeline\src\load\load_to_raw.py - build - 73

[INFO:20] 2026-07-05 15:45:39,665 - 	loaded 539/2764 of the data.
F:\code\medical-data-quality-pipeline\src\load\load_to_raw.py - build - 73

[INFO:20] 2026-07-05 15:45:39,697 - 	loaded 540/2764 of the data.
F:\code\medical-data-quality-pipeline\src\load\load_to_raw.py - build - 73

[INFO:20] 2026-07-05 15:45:39,732 - 	loaded 541/2764 of the data.
F:\code\medical-data-quality-pipeline\src\load\load_to_raw.py - build - 73

[INFO:20] 2026-07-05 15:45:39,772 - 	loaded 542/2764 of the data.
F:\code\medical-data-quality-pipeline\src\load\load_to_raw.py - build - 73

[INFO:20] 2026-07-05 15:45:39,808 - 	loaded 543/2764 of the data.
F:\code\medical-data-quality-pipeline\src\load\load_to_raw.py - build - 73

[INFO:20] 2026-07-05 15:45:39,844 - 	loaded 544/2764 of the data.
F:\code\medical-data-quality-pipeline\src\load\load_to_raw.py - build - 73

[INFO:20] 2026-07-05 15:45:39,878 - 	loaded 545/2764 of the data.
F:\code\medical-data-quality-pipeline\src\load\load_to_raw.py - build - 73

[INFO:20] 2026-07-05 15:45:39,909 - 	loaded 546/2764 of the data.
F:\code\medical-data-quality-pipeline\src\load\load_to_raw.py - build - 73

[INFO:20] 2026-07-05 15:45:39,943 - 	loaded 547/2764 of the data.
F:\code\medical-data-quality-pipeline\src\load\load_to_raw.py - build - 73

[INFO:20] 2026-07-05 15:45:39,983 - 	loaded 548/2764 of the data.
F:\code\medical-data-quality-pipeline\src\load\load_to_raw.py - build - 73

[INFO:20] 2026-07-05 15:45:40,020 - 	loaded 549/2764 of the data.
F:\code\medical-data-quality-pipeline\src\load\load_to_raw.py - build - 73

[INFO:20] 2026-07-05 15:45:40,053 - 	loaded 550/2764 of the data.
F:\code\medical-data-quality-pipeline\src\load\load_to_raw.py - build - 73

[INFO:20] 2026-07-05 15:45:40,086 - 	loaded 551/2764 of the data.
F:\code\medical-data-quality-pipeline\src\load\load_to_raw.py - build - 73

[INFO:20] 2026-07-05 15:45:40,120 - 	loaded 552/2764 of the data.
F:\code\medical-data-quality-pipeline\src\load\load_to_raw.py - build - 73

[INFO:20] 2026-07-05 15:45:40,152 - 	loaded 553/2764 of the data.
F:\code\medical-data-quality-pipeline\src\load\load_to_raw.py - build - 73

[INFO:20] 2026-07-05 15:45:40,190 - 	loaded 554/2764 of the data.
F:\code\medical-data-quality-pipeline\src\load\load_to_raw.py - build - 73

[INFO:20] 2026-07-05 15:45:40,225 - 	loaded 555/2764 of the data.
F:\code\medical-data-quality-pipeline\src\load\load_to_raw.py - build - 73

[INFO:20] 2026-07-05 15:45:40,260 - 	loaded 556/2764 of the data.
F:\code\medical-data-quality-pipeline\src\load\load_to_raw.py - build - 73

[INFO:20] 2026-07-05 15:45:40,292 - 	loaded 557/2764 of the data.
F:\code\medical-data-quality-pipeline\src\load\load_to_raw.py - build - 73

[INFO:20] 2026-07-05 15:45:40,431 - 	loaded 558/2764 of the data.
F:\code\medical-data-quality-pipeline\src\load\load_to_raw.py - build - 73

[INFO:20] 2026-07-05 15:45:40,466 - 	loaded 559/2764 of the data.
F:\code\medical-data-quality-pipeline\src\load\load_to_raw.py - build - 73

[INFO:20] 2026-07-05 15:45:40,501 - 	loaded 560/2764 of the data.
F:\code\medical-data-quality-pipeline\src\load\load_to_raw.py - build - 73

[INFO:20] 2026-07-05 15:45:40,531 - 	loaded 561/2764 of the data.
F:\code\medical-data-quality-pipeline\src\load\load_to_raw.py - build - 73

[INFO:20] 2026-07-05 15:45:40,565 - 	loaded 562/2764 of the data.
F:\code\medical-data-quality-pipeline\src\load\load_to_raw.py - build - 73

[INFO:20] 2026-07-05 15:45:40,598 - 	loaded 563/2764 of the data.
F:\code\medical-data-quality-pipeline\src\load\load_to_raw.py - build - 73

[INFO:20] 2026-07-05 15:45:40,744 - 	loaded 564/2764 of the data.
F:\code\medical-data-quality-pipeline\src\load\load_to_raw.py - build - 73

[INFO:20] 2026-07-05 15:45:40,782 - 	loaded 565/2764 of the data.
F:\code\medical-data-quality-pipeline\src\load\load_to_raw.py - build - 73

[INFO:20] 2026-07-05 15:45:40,817 - 	loaded 566/2764 of the data.
F:\code\medical-data-quality-pipeline\src\load\load_to_raw.py - build - 73

[INFO:20] 2026-07-05 15:45:40,849 - 	loaded 567/2764 of the data.
F:\code\medical-data-quality-pipeline\src\load\load_to_raw.py - build - 73

[INFO:20] 2026-07-05 15:45:40,999 - 	loaded 568/2764 of the data.
F:\code\medical-data-quality-pipeline\src\load\load_to_raw.py - build - 73

[INFO:20] 2026-07-05 15:45:41,034 - 	loaded 569/2764 of the data.
F:\code\medical-data-quality-pipeline\src\load\load_to_raw.py - build - 73

[INFO:20] 2026-07-05 15:45:41,065 - 	loaded 570/2764 of the data.
F:\code\medical-data-quality-pipeline\src\load\load_to_raw.py - build - 73

[INFO:20] 2026-07-05 15:45:41,096 - 	loaded 571/2764 of the data.
F:\code\medical-data-quality-pipeline\src\load\load_to_raw.py - build - 73

[INFO:20] 2026-07-05 15:45:41,133 - 	loaded 572/2764 of the data.
F:\code\medical-data-quality-pipeline\src\load\load_to_raw.py - build - 73

[INFO:20] 2026-07-05 15:45:41,168 - 	loaded 573/2764 of the data.
F:\code\medical-data-quality-pipeline\src\load\load_to_raw.py - build - 73

[INFO:20] 2026-07-05 15:45:41,200 - 	loaded 574/2764 of the data.
F:\code\medical-data-quality-pipeline\src\load\load_to_raw.py - build - 73

[INFO:20] 2026-07-05 15:45:41,235 - 	loaded 575/2764 of the data.
F:\code\medical-data-quality-pipeline\src\load\load_to_raw.py - build - 73

[INFO:20] 2026-07-05 15:45:41,382 - 	loaded 576/2764 of the data.
F:\code\medical-data-quality-pipeline\src\load\load_to_raw.py - build - 73

[INFO:20] 2026-07-05 15:45:41,414 - 	loaded 577/2764 of the data.
F:\code\medical-data-quality-pipeline\src\load\load_to_raw.py - build - 73

[INFO:20] 2026-07-05 15:45:41,451 - 	loaded 578/2764 of the data.
F:\code\medical-data-quality-pipeline\src\load\load_to_raw.py - build - 73

[INFO:20] 2026-07-05 15:45:41,488 - 	loaded 579/2764 of the data.
F:\code\medical-data-quality-pipeline\src\load\load_to_raw.py - build - 73

[INFO:20] 2026-07-05 15:45:41,523 - 	loaded 580/2764 of the data.
F:\code\medical-data-quality-pipeline\src\load\load_to_raw.py - build - 73

[INFO:20] 2026-07-05 15:45:41,557 - 	loaded 581/2764 of the data.
F:\code\medical-data-quality-pipeline\src\load\load_to_raw.py - build - 73

[INFO:20] 2026-07-05 15:45:41,590 - 	loaded 582/2764 of the data.
F:\code\medical-data-quality-pipeline\src\load\load_to_raw.py - build - 73

[INFO:20] 2026-07-05 15:45:41,620 - 	loaded 583/2764 of the data.
F:\code\medical-data-quality-pipeline\src\load\load_to_raw.py - build - 73

[INFO:20] 2026-07-05 15:45:41,654 - 	loaded 584/2764 of the data.
F:\code\medical-data-quality-pipeline\src\load\load_to_raw.py - build - 73

[INFO:20] 2026-07-05 15:45:41,694 - 	loaded 585/2764 of the data.
F:\code\medical-data-quality-pipeline\src\load\load_to_raw.py - build - 73

[INFO:20] 2026-07-05 15:45:41,731 - 	loaded 586/2764 of the data.
F:\code\medical-data-quality-pipeline\src\load\load_to_raw.py - build - 73

[INFO:20] 2026-07-05 15:45:41,763 - 	loaded 587/2764 of the data.
F:\code\medical-data-quality-pipeline\src\load\load_to_raw.py - build - 73

[INFO:20] 2026-07-05 15:45:41,795 - 	loaded 588/2764 of the data.
F:\code\medical-data-quality-pipeline\src\load\load_to_raw.py - build - 73

[INFO:20] 2026-07-05 15:45:41,828 - 	loaded 589/2764 of the data.
F:\code\medical-data-quality-pipeline\src\load\load_to_raw.py - build - 73

[INFO:20] 2026-07-05 15:45:41,863 - 	loaded 590/2764 of the data.
F:\code\medical-data-quality-pipeline\src\load\load_to_raw.py - build - 73

[INFO:20] 2026-07-05 15:45:41,905 - 	loaded 591/2764 of the data.
F:\code\medical-data-quality-pipeline\src\load\load_to_raw.py - build - 73

[INFO:20] 2026-07-05 15:45:41,943 - 	loaded 592/2764 of the data.
F:\code\medical-data-quality-pipeline\src\load\load_to_raw.py - build - 73

[INFO:20] 2026-07-05 15:45:41,976 - 	loaded 593/2764 of the data.
F:\code\medical-data-quality-pipeline\src\load\load_to_raw.py - build - 73

[INFO:20] 2026-07-05 15:45:42,010 - 	loaded 594/2764 of the data.
F:\code\medical-data-quality-pipeline\src\load\load_to_raw.py - build - 73

[INFO:20] 2026-07-05 15:45:42,144 - 	loaded 595/2764 of the data.
F:\code\medical-data-quality-pipeline\src\load\load_to_raw.py - build - 73

[INFO:20] 2026-07-05 15:45:42,179 - 	loaded 596/2764 of the data.
F:\code\medical-data-quality-pipeline\src\load\load_to_raw.py - build - 73

[INFO:20] 2026-07-05 15:45:42,209 - 	loaded 597/2764 of the data.
F:\code\medical-data-quality-pipeline\src\load\load_to_raw.py - build - 73

[INFO:20] 2026-07-05 15:45:42,243 - 	loaded 598/2764 of the data.
F:\code\medical-data-quality-pipeline\src\load\load_to_raw.py - build - 73

[INFO:20] 2026-07-05 15:45:42,277 - 	loaded 599/2764 of the data.
F:\code\medical-data-quality-pipeline\src\load\load_to_raw.py - build - 73

[INFO:20] 2026-07-05 15:45:42,308 - 	loaded 600/2764 of the data.
F:\code\medical-data-quality-pipeline\src\load\load_to_raw.py - build - 73

[INFO:20] 2026-07-05 15:45:42,341 - 	loaded 601/2764 of the data.
F:\code\medical-data-quality-pipeline\src\load\load_to_raw.py - build - 73

[INFO:20] 2026-07-05 15:45:42,377 - 	loaded 602/2764 of the data.
F:\code\medical-data-quality-pipeline\src\load\load_to_raw.py - build - 73

[INFO:20] 2026-07-05 15:45:42,416 - 	loaded 603/2764 of the data.
F:\code\medical-data-quality-pipeline\src\load\load_to_raw.py - build - 73

[INFO:20] 2026-07-05 15:45:42,450 - 	loaded 604/2764 of the data.
F:\code\medical-data-quality-pipeline\src\load\load_to_raw.py - build - 73

[INFO:20] 2026-07-05 15:45:42,484 - 	loaded 605/2764 of the data.
F:\code\medical-data-quality-pipeline\src\load\load_to_raw.py - build - 73

[INFO:20] 2026-07-05 15:45:42,522 - 	loaded 606/2764 of the data.
F:\code\medical-data-quality-pipeline\src\load\load_to_raw.py - build - 73

[INFO:20] 2026-07-05 15:45:42,672 - 	loaded 607/2764 of the data.
F:\code\medical-data-quality-pipeline\src\load\load_to_raw.py - build - 73

[INFO:20] 2026-07-05 15:45:42,707 - 	loaded 608/2764 of the data.
F:\code\medical-data-quality-pipeline\src\load\load_to_raw.py - build - 73

[INFO:20] 2026-07-05 15:45:42,739 - 	loaded 609/2764 of the data.
F:\code\medical-data-quality-pipeline\src\load\load_to_raw.py - build - 73

[INFO:20] 2026-07-05 15:45:42,771 - 	loaded 610/2764 of the data.
F:\code\medical-data-quality-pipeline\src\load\load_to_raw.py - build - 73

[INFO:20] 2026-07-05 15:45:42,804 - 	loaded 611/2764 of the data.
F:\code\medical-data-quality-pipeline\src\load\load_to_raw.py - build - 73

[INFO:20] 2026-07-05 15:45:42,836 - 	loaded 612/2764 of the data.
F:\code\medical-data-quality-pipeline\src\load\load_to_raw.py - build - 73

[INFO:20] 2026-07-05 15:45:42,868 - 	loaded 613/2764 of the data.
F:\code\medical-data-quality-pipeline\src\load\load_to_raw.py - build - 73

[INFO:20] 2026-07-05 15:45:42,906 - 	loaded 614/2764 of the data.
F:\code\medical-data-quality-pipeline\src\load\load_to_raw.py - build - 73

[INFO:20] 2026-07-05 15:45:42,946 - 	loaded 615/2764 of the data.
F:\code\medical-data-quality-pipeline\src\load\load_to_raw.py - build - 73

[INFO:20] 2026-07-05 15:45:42,978 - 	loaded 616/2764 of the data.
F:\code\medical-data-quality-pipeline\src\load\load_to_raw.py - build - 73

[INFO:20] 2026-07-05 15:45:43,012 - 	loaded 617/2764 of the data.
F:\code\medical-data-quality-pipeline\src\load\load_to_raw.py - build - 73

[INFO:20] 2026-07-05 15:45:43,044 - 	loaded 618/2764 of the data.
F:\code\medical-data-quality-pipeline\src\load\load_to_raw.py - build - 73

[INFO:20] 2026-07-05 15:45:43,077 - 	loaded 619/2764 of the data.
F:\code\medical-data-quality-pipeline\src\load\load_to_raw.py - build - 73

[INFO:20] 2026-07-05 15:45:43,109 - 	loaded 620/2764 of the data.
F:\code\medical-data-quality-pipeline\src\load\load_to_raw.py - build - 73

[INFO:20] 2026-07-05 15:45:43,149 - 	loaded 621/2764 of the data.
F:\code\medical-data-quality-pipeline\src\load\load_to_raw.py - build - 73

[INFO:20] 2026-07-05 15:45:43,187 - 	loaded 622/2764 of the data.
F:\code\medical-data-quality-pipeline\src\load\load_to_raw.py - build - 73

[INFO:20] 2026-07-05 15:45:43,219 - 	loaded 623/2764 of the data.
F:\code\medical-data-quality-pipeline\src\load\load_to_raw.py - build - 73

[INFO:20] 2026-07-05 15:45:43,251 - 	loaded 624/2764 of the data.
F:\code\medical-data-quality-pipeline\src\load\load_to_raw.py - build - 73

[INFO:20] 2026-07-05 15:45:43,282 - 	loaded 625/2764 of the data.
F:\code\medical-data-quality-pipeline\src\load\load_to_raw.py - build - 73

[INFO:20] 2026-07-05 15:45:43,316 - 	loaded 626/2764 of the data.
F:\code\medical-data-quality-pipeline\src\load\load_to_raw.py - build - 73

[INFO:20] 2026-07-05 15:45:43,354 - 	loaded 627/2764 of the data.
F:\code\medical-data-quality-pipeline\src\load\load_to_raw.py - build - 73

[INFO:20] 2026-07-05 15:45:43,390 - 	loaded 628/2764 of the data.
F:\code\medical-data-quality-pipeline\src\load\load_to_raw.py - build - 73

[INFO:20] 2026-07-05 15:45:43,576 - 	loaded 629/2764 of the data.
F:\code\medical-data-quality-pipeline\src\load\load_to_raw.py - build - 73

[INFO:20] 2026-07-05 15:45:43,611 - 	loaded 630/2764 of the data.
F:\code\medical-data-quality-pipeline\src\load\load_to_raw.py - build - 73

[INFO:20] 2026-07-05 15:45:43,643 - 	loaded 631/2764 of the data.
F:\code\medical-data-quality-pipeline\src\load\load_to_raw.py - build - 73

[INFO:20] 2026-07-05 15:45:43,676 - 	loaded 632/2764 of the data.
F:\code\medical-data-quality-pipeline\src\load\load_to_raw.py - build - 73

[INFO:20] 2026-07-05 15:45:43,707 - 	loaded 633/2764 of the data.
F:\code\medical-data-quality-pipeline\src\load\load_to_raw.py - build - 73

[INFO:20] 2026-07-05 15:45:43,738 - 	loaded 634/2764 of the data.
F:\code\medical-data-quality-pipeline\src\load\load_to_raw.py - build - 73

[INFO:20] 2026-07-05 15:45:43,772 - 	loaded 635/2764 of the data.
F:\code\medical-data-quality-pipeline\src\load\load_to_raw.py - build - 73

[INFO:20] 2026-07-05 15:45:43,808 - 	loaded 636/2764 of the data.
F:\code\medical-data-quality-pipeline\src\load\load_to_raw.py - build - 73

[INFO:20] 2026-07-05 15:45:43,849 - 	loaded 637/2764 of the data.
F:\code\medical-data-quality-pipeline\src\load\load_to_raw.py - build - 73

[INFO:20] 2026-07-05 15:45:43,885 - 	loaded 638/2764 of the data.
F:\code\medical-data-quality-pipeline\src\load\load_to_raw.py - build - 73

[INFO:20] 2026-07-05 15:45:43,919 - 	loaded 639/2764 of the data.
F:\code\medical-data-quality-pipeline\src\load\load_to_raw.py - build - 73

[INFO:20] 2026-07-05 15:45:43,952 - 	loaded 640/2764 of the data.
F:\code\medical-data-quality-pipeline\src\load\load_to_raw.py - build - 73

[INFO:20] 2026-07-05 15:45:43,986 - 	loaded 641/2764 of the data.
F:\code\medical-data-quality-pipeline\src\load\load_to_raw.py - build - 73

[INFO:20] 2026-07-05 15:45:44,020 - 	loaded 642/2764 of the data.
F:\code\medical-data-quality-pipeline\src\load\load_to_raw.py - build - 73

[INFO:20] 2026-07-05 15:45:44,060 - 	loaded 643/2764 of the data.
F:\code\medical-data-quality-pipeline\src\load\load_to_raw.py - build - 73

[INFO:20] 2026-07-05 15:45:44,095 - 	loaded 644/2764 of the data.
F:\code\medical-data-quality-pipeline\src\load\load_to_raw.py - build - 73

[INFO:20] 2026-07-05 15:45:44,129 - 	loaded 645/2764 of the data.
F:\code\medical-data-quality-pipeline\src\load\load_to_raw.py - build - 73

[INFO:20] 2026-07-05 15:45:44,163 - 	loaded 646/2764 of the data.
F:\code\medical-data-quality-pipeline\src\load\load_to_raw.py - build - 73

[INFO:20] 2026-07-05 15:45:44,309 - 	loaded 647/2764 of the data.
F:\code\medical-data-quality-pipeline\src\load\load_to_raw.py - build - 73

[INFO:20] 2026-07-05 15:45:44,339 - 	loaded 648/2764 of the data.
F:\code\medical-data-quality-pipeline\src\load\load_to_raw.py - build - 73

[INFO:20] 2026-07-05 15:45:44,383 - 	loaded 649/2764 of the data.
F:\code\medical-data-quality-pipeline\src\load\load_to_raw.py - build - 73

[INFO:20] 2026-07-05 15:45:44,417 - 	loaded 650/2764 of the data.
F:\code\medical-data-quality-pipeline\src\load\load_to_raw.py - build - 73

[INFO:20] 2026-07-05 15:45:44,450 - 	loaded 651/2764 of the data.
F:\code\medical-data-quality-pipeline\src\load\load_to_raw.py - build - 73

[INFO:20] 2026-07-05 15:45:44,481 - 	loaded 652/2764 of the data.
F:\code\medical-data-quality-pipeline\src\load\load_to_raw.py - build - 73

[INFO:20] 2026-07-05 15:45:44,514 - 	loaded 653/2764 of the data.
F:\code\medical-data-quality-pipeline\src\load\load_to_raw.py - build - 73

[INFO:20] 2026-07-05 15:45:44,556 - 	loaded 654/2764 of the data.
F:\code\medical-data-quality-pipeline\src\load\load_to_raw.py - build - 73

[INFO:20] 2026-07-05 15:45:44,595 - 	loaded 655/2764 of the data.
F:\code\medical-data-quality-pipeline\src\load\load_to_raw.py - build - 73

[INFO:20] 2026-07-05 15:45:44,628 - 	loaded 656/2764 of the data.
F:\code\medical-data-quality-pipeline\src\load\load_to_raw.py - build - 73

[INFO:20] 2026-07-05 15:45:44,785 - 	loaded 657/2764 of the data.
F:\code\medical-data-quality-pipeline\src\load\load_to_raw.py - build - 73

[INFO:20] 2026-07-05 15:45:44,830 - 	loaded 658/2764 of the data.
F:\code\medical-data-quality-pipeline\src\load\load_to_raw.py - build - 73

[INFO:20] 2026-07-05 15:45:44,861 - 	loaded 659/2764 of the data.
F:\code\medical-data-quality-pipeline\src\load\load_to_raw.py - build - 73

[INFO:20] 2026-07-05 15:45:45,003 - 	loaded 660/2764 of the data.
F:\code\medical-data-quality-pipeline\src\load\load_to_raw.py - build - 73

[INFO:20] 2026-07-05 15:45:45,039 - 	loaded 661/2764 of the data.
F:\code\medical-data-quality-pipeline\src\load\load_to_raw.py - build - 73

[INFO:20] 2026-07-05 15:45:45,071 - 	loaded 662/2764 of the data.
F:\code\medical-data-quality-pipeline\src\load\load_to_raw.py - build - 73

[INFO:20] 2026-07-05 15:45:45,215 - 	loaded 663/2764 of the data.
F:\code\medical-data-quality-pipeline\src\load\load_to_raw.py - build - 73

[INFO:20] 2026-07-05 15:45:45,257 - 	loaded 664/2764 of the data.
F:\code\medical-data-quality-pipeline\src\load\load_to_raw.py - build - 73

[INFO:20] 2026-07-05 15:45:45,293 - 	loaded 665/2764 of the data.
F:\code\medical-data-quality-pipeline\src\load\load_to_raw.py - build - 73

[INFO:20] 2026-07-05 15:45:45,483 - 	loaded 666/2764 of the data.
F:\code\medical-data-quality-pipeline\src\load\load_to_raw.py - build - 73

[INFO:20] 2026-07-05 15:45:45,514 - 	loaded 667/2764 of the data.
F:\code\medical-data-quality-pipeline\src\load\load_to_raw.py - build - 73

[INFO:20] 2026-07-05 15:45:45,679 - 	loaded 668/2764 of the data.
F:\code\medical-data-quality-pipeline\src\load\load_to_raw.py - build - 73

[INFO:20] 2026-07-05 15:45:45,717 - 	loaded 669/2764 of the data.
F:\code\medical-data-quality-pipeline\src\load\load_to_raw.py - build - 73

[INFO:20] 2026-07-05 15:45:45,750 - 	loaded 670/2764 of the data.
F:\code\medical-data-quality-pipeline\src\load\load_to_raw.py - build - 73

[INFO:20] 2026-07-05 15:45:45,781 - 	loaded 671/2764 of the data.
F:\code\medical-data-quality-pipeline\src\load\load_to_raw.py - build - 73

[INFO:20] 2026-07-05 15:45:45,811 - 	loaded 672/2764 of the data.
F:\code\medical-data-quality-pipeline\src\load\load_to_raw.py - build - 73

[INFO:20] 2026-07-05 15:45:45,846 - 	loaded 673/2764 of the data.
F:\code\medical-data-quality-pipeline\src\load\load_to_raw.py - build - 73

[INFO:20] 2026-07-05 15:45:45,988 - 	loaded 674/2764 of the data.
F:\code\medical-data-quality-pipeline\src\load\load_to_raw.py - build - 73

[INFO:20] 2026-07-05 15:45:46,023 - 	loaded 675/2764 of the data.
F:\code\medical-data-quality-pipeline\src\load\load_to_raw.py - build - 73

[INFO:20] 2026-07-05 15:45:46,057 - 	loaded 676/2764 of the data.
F:\code\medical-data-quality-pipeline\src\load\load_to_raw.py - build - 73

[INFO:20] 2026-07-05 15:45:46,090 - 	loaded 677/2764 of the data.
F:\code\medical-data-quality-pipeline\src\load\load_to_raw.py - build - 73

[INFO:20] 2026-07-05 15:45:46,123 - 	loaded 678/2764 of the data.
F:\code\medical-data-quality-pipeline\src\load\load_to_raw.py - build - 73

[INFO:20] 2026-07-05 15:45:46,255 - 	loaded 679/2764 of the data.
F:\code\medical-data-quality-pipeline\src\load\load_to_raw.py - build - 73

[INFO:20] 2026-07-05 15:45:46,287 - 	loaded 680/2764 of the data.
F:\code\medical-data-quality-pipeline\src\load\load_to_raw.py - build - 73

[INFO:20] 2026-07-05 15:45:46,318 - 	loaded 681/2764 of the data.
F:\code\medical-data-quality-pipeline\src\load\load_to_raw.py - build - 73

[INFO:20] 2026-07-05 15:45:46,350 - 	loaded 682/2764 of the data.
F:\code\medical-data-quality-pipeline\src\load\load_to_raw.py - build - 73

[INFO:20] 2026-07-05 15:45:46,382 - 	loaded 683/2764 of the data.
F:\code\medical-data-quality-pipeline\src\load\load_to_raw.py - build - 73

[INFO:20] 2026-07-05 15:45:46,413 - 	loaded 684/2764 of the data.
F:\code\medical-data-quality-pipeline\src\load\load_to_raw.py - build - 73

[INFO:20] 2026-07-05 15:45:46,445 - 	loaded 685/2764 of the data.
F:\code\medical-data-quality-pipeline\src\load\load_to_raw.py - build - 73

[INFO:20] 2026-07-05 15:45:46,480 - 	loaded 686/2764 of the data.
F:\code\medical-data-quality-pipeline\src\load\load_to_raw.py - build - 73

[INFO:20] 2026-07-05 15:45:46,520 - 	loaded 687/2764 of the data.
F:\code\medical-data-quality-pipeline\src\load\load_to_raw.py - build - 73

[INFO:20] 2026-07-05 15:45:46,554 - 	loaded 688/2764 of the data.
F:\code\medical-data-quality-pipeline\src\load\load_to_raw.py - build - 73

[INFO:20] 2026-07-05 15:45:46,587 - 	loaded 689/2764 of the data.
F:\code\medical-data-quality-pipeline\src\load\load_to_raw.py - build - 73

[INFO:20] 2026-07-05 15:45:46,622 - 	loaded 690/2764 of the data.
F:\code\medical-data-quality-pipeline\src\load\load_to_raw.py - build - 73

[INFO:20] 2026-07-05 15:45:46,657 - 	loaded 691/2764 of the data.
F:\code\medical-data-quality-pipeline\src\load\load_to_raw.py - build - 73

[INFO:20] 2026-07-05 15:45:46,693 - 	loaded 692/2764 of the data.
F:\code\medical-data-quality-pipeline\src\load\load_to_raw.py - build - 73

[INFO:20] 2026-07-05 15:45:46,731 - 	loaded 693/2764 of the data.
F:\code\medical-data-quality-pipeline\src\load\load_to_raw.py - build - 73

[INFO:20] 2026-07-05 15:45:46,772 - 	loaded 694/2764 of the data.
F:\code\medical-data-quality-pipeline\src\load\load_to_raw.py - build - 73

[INFO:20] 2026-07-05 15:45:46,806 - 	loaded 695/2764 of the data.
F:\code\medical-data-quality-pipeline\src\load\load_to_raw.py - build - 73

[INFO:20] 2026-07-05 15:45:46,948 - 	loaded 696/2764 of the data.
F:\code\medical-data-quality-pipeline\src\load\load_to_raw.py - build - 73

[INFO:20] 2026-07-05 15:45:47,014 - 	loaded 697/2764 of the data.
F:\code\medical-data-quality-pipeline\src\load\load_to_raw.py - build - 73

[INFO:20] 2026-07-05 15:45:47,153 - 	loaded 698/2764 of the data.
F:\code\medical-data-quality-pipeline\src\load\load_to_raw.py - build - 73

[INFO:20] 2026-07-05 15:45:47,188 - 	loaded 699/2764 of the data.
F:\code\medical-data-quality-pipeline\src\load\load_to_raw.py - build - 73

[INFO:20] 2026-07-05 15:45:47,219 - 	loaded 700/2764 of the data.
F:\code\medical-data-quality-pipeline\src\load\load_to_raw.py - build - 73

[INFO:20] 2026-07-05 15:45:47,249 - 	loaded 701/2764 of the data.
F:\code\medical-data-quality-pipeline\src\load\load_to_raw.py - build - 73

[INFO:20] 2026-07-05 15:45:47,281 - 	loaded 702/2764 of the data.
F:\code\medical-data-quality-pipeline\src\load\load_to_raw.py - build - 73

[INFO:20] 2026-07-05 15:45:47,425 - 	loaded 703/2764 of the data.
F:\code\medical-data-quality-pipeline\src\load\load_to_raw.py - build - 73

[INFO:20] 2026-07-05 15:45:47,460 - 	loaded 704/2764 of the data.
F:\code\medical-data-quality-pipeline\src\load\load_to_raw.py - build - 73

[INFO:20] 2026-07-05 15:45:47,491 - 	loaded 705/2764 of the data.
F:\code\medical-data-quality-pipeline\src\load\load_to_raw.py - build - 73

[INFO:20] 2026-07-05 15:45:47,524 - 	loaded 706/2764 of the data.
F:\code\medical-data-quality-pipeline\src\load\load_to_raw.py - build - 73

[INFO:20] 2026-07-05 15:45:47,556 - 	loaded 707/2764 of the data.
F:\code\medical-data-quality-pipeline\src\load\load_to_raw.py - build - 73

[INFO:20] 2026-07-05 15:45:47,704 - 	loaded 708/2764 of the data.
F:\code\medical-data-quality-pipeline\src\load\load_to_raw.py - build - 73

[INFO:20] 2026-07-05 15:45:47,744 - 	loaded 709/2764 of the data.
F:\code\medical-data-quality-pipeline\src\load\load_to_raw.py - build - 73

[INFO:20] 2026-07-05 15:45:47,780 - 	loaded 710/2764 of the data.
F:\code\medical-data-quality-pipeline\src\load\load_to_raw.py - build - 73

[INFO:20] 2026-07-05 15:45:47,814 - 	loaded 711/2764 of the data.
F:\code\medical-data-quality-pipeline\src\load\load_to_raw.py - build - 73

[INFO:20] 2026-07-05 15:45:47,849 - 	loaded 712/2764 of the data.
F:\code\medical-data-quality-pipeline\src\load\load_to_raw.py - build - 73

[INFO:20] 2026-07-05 15:45:47,999 - 	loaded 713/2764 of the data.
F:\code\medical-data-quality-pipeline\src\load\load_to_raw.py - build - 73

[INFO:20] 2026-07-05 15:45:48,031 - 	loaded 714/2764 of the data.
F:\code\medical-data-quality-pipeline\src\load\load_to_raw.py - build - 73

[INFO:20] 2026-07-05 15:45:48,064 - 	loaded 715/2764 of the data.
F:\code\medical-data-quality-pipeline\src\load\load_to_raw.py - build - 73

[INFO:20] 2026-07-05 15:45:48,096 - 	loaded 716/2764 of the data.
F:\code\medical-data-quality-pipeline\src\load\load_to_raw.py - build - 73

[INFO:20] 2026-07-05 15:45:48,128 - 	loaded 717/2764 of the data.
F:\code\medical-data-quality-pipeline\src\load\load_to_raw.py - build - 73

[INFO:20] 2026-07-05 15:45:48,163 - 	loaded 718/2764 of the data.
F:\code\medical-data-quality-pipeline\src\load\load_to_raw.py - build - 73

[INFO:20] 2026-07-05 15:45:48,195 - 	loaded 719/2764 of the data.
F:\code\medical-data-quality-pipeline\src\load\load_to_raw.py - build - 73

[INFO:20] 2026-07-05 15:45:48,233 - 	loaded 720/2764 of the data.
F:\code\medical-data-quality-pipeline\src\load\load_to_raw.py - build - 73

[INFO:20] 2026-07-05 15:45:48,270 - 	loaded 721/2764 of the data.
F:\code\medical-data-quality-pipeline\src\load\load_to_raw.py - build - 73

[INFO:20] 2026-07-05 15:45:48,303 - 	loaded 722/2764 of the data.
F:\code\medical-data-quality-pipeline\src\load\load_to_raw.py - build - 73

[INFO:20] 2026-07-05 15:45:48,337 - 	loaded 723/2764 of the data.
F:\code\medical-data-quality-pipeline\src\load\load_to_raw.py - build - 73

[INFO:20] 2026-07-05 15:45:48,371 - 	loaded 724/2764 of the data.
F:\code\medical-data-quality-pipeline\src\load\load_to_raw.py - build - 73

[INFO:20] 2026-07-05 15:45:48,404 - 	loaded 725/2764 of the data.
F:\code\medical-data-quality-pipeline\src\load\load_to_raw.py - build - 73

[INFO:20] 2026-07-05 15:45:48,437 - 	loaded 726/2764 of the data.
F:\code\medical-data-quality-pipeline\src\load\load_to_raw.py - build - 73

[INFO:20] 2026-07-05 15:45:48,477 - 	loaded 727/2764 of the data.
F:\code\medical-data-quality-pipeline\src\load\load_to_raw.py - build - 73

[INFO:20] 2026-07-05 15:45:48,514 - 	loaded 728/2764 of the data.
F:\code\medical-data-quality-pipeline\src\load\load_to_raw.py - build - 73

[INFO:20] 2026-07-05 15:45:48,546 - 	loaded 729/2764 of the data.
F:\code\medical-data-quality-pipeline\src\load\load_to_raw.py - build - 73

[INFO:20] 2026-07-05 15:45:48,682 - 	loaded 730/2764 of the data.
F:\code\medical-data-quality-pipeline\src\load\load_to_raw.py - build - 73

[INFO:20] 2026-07-05 15:45:48,715 - 	loaded 731/2764 of the data.
F:\code\medical-data-quality-pipeline\src\load\load_to_raw.py - build - 73

[INFO:20] 2026-07-05 15:45:48,746 - 	loaded 732/2764 of the data.
F:\code\medical-data-quality-pipeline\src\load\load_to_raw.py - build - 73

[INFO:20] 2026-07-05 15:45:48,780 - 	loaded 733/2764 of the data.
F:\code\medical-data-quality-pipeline\src\load\load_to_raw.py - build - 73

[INFO:20] 2026-07-05 15:45:48,813 - 	loaded 734/2764 of the data.
F:\code\medical-data-quality-pipeline\src\load\load_to_raw.py - build - 73

[INFO:20] 2026-07-05 15:45:48,848 - 	loaded 735/2764 of the data.
F:\code\medical-data-quality-pipeline\src\load\load_to_raw.py - build - 73

[INFO:20] 2026-07-05 15:45:48,882 - 	loaded 736/2764 of the data.
F:\code\medical-data-quality-pipeline\src\load\load_to_raw.py - build - 73

[INFO:20] 2026-07-05 15:45:48,919 - 	loaded 737/2764 of the data.
F:\code\medical-data-quality-pipeline\src\load\load_to_raw.py - build - 73

[INFO:20] 2026-07-05 15:45:48,957 - 	loaded 738/2764 of the data.
F:\code\medical-data-quality-pipeline\src\load\load_to_raw.py - build - 73

[INFO:20] 2026-07-05 15:45:48,992 - 	loaded 739/2764 of the data.
F:\code\medical-data-quality-pipeline\src\load\load_to_raw.py - build - 73

[INFO:20] 2026-07-05 15:45:49,025 - 	loaded 740/2764 of the data.
F:\code\medical-data-quality-pipeline\src\load\load_to_raw.py - build - 73

[INFO:20] 2026-07-05 15:45:49,058 - 	loaded 741/2764 of the data.
F:\code\medical-data-quality-pipeline\src\load\load_to_raw.py - build - 73

[INFO:20] 2026-07-05 15:45:49,093 - 	loaded 742/2764 of the data.
F:\code\medical-data-quality-pipeline\src\load\load_to_raw.py - build - 73

[INFO:20] 2026-07-05 15:45:49,133 - 	loaded 743/2764 of the data.
F:\code\medical-data-quality-pipeline\src\load\load_to_raw.py - build - 73

[INFO:20] 2026-07-05 15:45:49,167 - 	loaded 744/2764 of the data.
F:\code\medical-data-quality-pipeline\src\load\load_to_raw.py - build - 73

[INFO:20] 2026-07-05 15:45:49,199 - 	loaded 745/2764 of the data.
F:\code\medical-data-quality-pipeline\src\load\load_to_raw.py - build - 73

[INFO:20] 2026-07-05 15:45:49,233 - 	loaded 746/2764 of the data.
F:\code\medical-data-quality-pipeline\src\load\load_to_raw.py - build - 73

[INFO:20] 2026-07-05 15:45:49,368 - 	loaded 747/2764 of the data.
F:\code\medical-data-quality-pipeline\src\load\load_to_raw.py - build - 73

[INFO:20] 2026-07-05 15:45:49,401 - 	loaded 748/2764 of the data.
F:\code\medical-data-quality-pipeline\src\load\load_to_raw.py - build - 73

[INFO:20] 2026-07-05 15:45:49,432 - 	loaded 749/2764 of the data.
F:\code\medical-data-quality-pipeline\src\load\load_to_raw.py - build - 73

[INFO:20] 2026-07-05 15:45:49,465 - 	loaded 750/2764 of the data.
F:\code\medical-data-quality-pipeline\src\load\load_to_raw.py - build - 73

[INFO:20] 2026-07-05 15:45:49,502 - 	loaded 751/2764 of the data.
F:\code\medical-data-quality-pipeline\src\load\load_to_raw.py - build - 73

[INFO:20] 2026-07-05 15:45:49,533 - 	loaded 752/2764 of the data.
F:\code\medical-data-quality-pipeline\src\load\load_to_raw.py - build - 73

[INFO:20] 2026-07-05 15:45:49,566 - 	loaded 753/2764 of the data.
F:\code\medical-data-quality-pipeline\src\load\load_to_raw.py - build - 73

[INFO:20] 2026-07-05 15:45:49,605 - 	loaded 754/2764 of the data.
F:\code\medical-data-quality-pipeline\src\load\load_to_raw.py - build - 73

[INFO:20] 2026-07-05 15:45:49,646 - 	loaded 755/2764 of the data.
F:\code\medical-data-quality-pipeline\src\load\load_to_raw.py - build - 73

[INFO:20] 2026-07-05 15:45:49,680 - 	loaded 756/2764 of the data.
F:\code\medical-data-quality-pipeline\src\load\load_to_raw.py - build - 73

[INFO:20] 2026-07-05 15:45:49,715 - 	loaded 757/2764 of the data.
F:\code\medical-data-quality-pipeline\src\load\load_to_raw.py - build - 73

[INFO:20] 2026-07-05 15:45:49,749 - 	loaded 758/2764 of the data.
F:\code\medical-data-quality-pipeline\src\load\load_to_raw.py - build - 73

[INFO:20] 2026-07-05 15:45:49,783 - 	loaded 759/2764 of the data.
F:\code\medical-data-quality-pipeline\src\load\load_to_raw.py - build - 73

[INFO:20] 2026-07-05 15:45:49,818 - 	loaded 760/2764 of the data.
F:\code\medical-data-quality-pipeline\src\load\load_to_raw.py - build - 73

[INFO:20] 2026-07-05 15:45:49,857 - 	loaded 761/2764 of the data.
F:\code\medical-data-quality-pipeline\src\load\load_to_raw.py - build - 73

[INFO:20] 2026-07-05 15:45:49,893 - 	loaded 762/2764 of the data.
F:\code\medical-data-quality-pipeline\src\load\load_to_raw.py - build - 73

[INFO:20] 2026-07-05 15:45:49,925 - 	loaded 763/2764 of the data.
F:\code\medical-data-quality-pipeline\src\load\load_to_raw.py - build - 73

[INFO:20] 2026-07-05 15:45:49,958 - 	loaded 764/2764 of the data.
F:\code\medical-data-quality-pipeline\src\load\load_to_raw.py - build - 73

[INFO:20] 2026-07-05 15:45:49,990 - 	loaded 765/2764 of the data.
F:\code\medical-data-quality-pipeline\src\load\load_to_raw.py - build - 73

[INFO:20] 2026-07-05 15:45:50,023 - 	loaded 766/2764 of the data.
F:\code\medical-data-quality-pipeline\src\load\load_to_raw.py - build - 73

[INFO:20] 2026-07-05 15:45:50,064 - 	loaded 767/2764 of the data.
F:\code\medical-data-quality-pipeline\src\load\load_to_raw.py - build - 73

[INFO:20] 2026-07-05 15:45:50,210 - 	loaded 768/2764 of the data.
F:\code\medical-data-quality-pipeline\src\load\load_to_raw.py - build - 73

[INFO:20] 2026-07-05 15:45:50,257 - 	loaded 769/2764 of the data.
F:\code\medical-data-quality-pipeline\src\load\load_to_raw.py - build - 73

[INFO:20] 2026-07-05 15:45:50,292 - 	loaded 770/2764 of the data.
F:\code\medical-data-quality-pipeline\src\load\load_to_raw.py - build - 73

[INFO:20] 2026-07-05 15:45:50,325 - 	loaded 771/2764 of the data.
F:\code\medical-data-quality-pipeline\src\load\load_to_raw.py - build - 73

[INFO:20] 2026-07-05 15:45:50,357 - 	loaded 772/2764 of the data.
F:\code\medical-data-quality-pipeline\src\load\load_to_raw.py - build - 73

[INFO:20] 2026-07-05 15:45:50,390 - 	loaded 773/2764 of the data.
F:\code\medical-data-quality-pipeline\src\load\load_to_raw.py - build - 73

[INFO:20] 2026-07-05 15:45:50,421 - 	loaded 774/2764 of the data.
F:\code\medical-data-quality-pipeline\src\load\load_to_raw.py - build - 73

[INFO:20] 2026-07-05 15:45:50,455 - 	loaded 775/2764 of the data.
F:\code\medical-data-quality-pipeline\src\load\load_to_raw.py - build - 73

[INFO:20] 2026-07-05 15:45:50,495 - 	loaded 776/2764 of the data.
F:\code\medical-data-quality-pipeline\src\load\load_to_raw.py - build - 73

[INFO:20] 2026-07-05 15:45:50,537 - 	loaded 777/2764 of the data.
F:\code\medical-data-quality-pipeline\src\load\load_to_raw.py - build - 73

[INFO:20] 2026-07-05 15:45:50,571 - 	loaded 778/2764 of the data.
F:\code\medical-data-quality-pipeline\src\load\load_to_raw.py - build - 73

[INFO:20] 2026-07-05 15:45:50,604 - 	loaded 779/2764 of the data.
F:\code\medical-data-quality-pipeline\src\load\load_to_raw.py - build - 73

[INFO:20] 2026-07-05 15:45:50,637 - 	loaded 780/2764 of the data.
F:\code\medical-data-quality-pipeline\src\load\load_to_raw.py - build - 73

[INFO:20] 2026-07-05 15:45:50,672 - 	loaded 781/2764 of the data.
F:\code\medical-data-quality-pipeline\src\load\load_to_raw.py - build - 73

[INFO:20] 2026-07-05 15:45:50,705 - 	loaded 782/2764 of the data.
F:\code\medical-data-quality-pipeline\src\load\load_to_raw.py - build - 73

[INFO:20] 2026-07-05 15:45:50,745 - 	loaded 783/2764 of the data.
F:\code\medical-data-quality-pipeline\src\load\load_to_raw.py - build - 73

[INFO:20] 2026-07-05 15:45:50,781 - 	loaded 784/2764 of the data.
F:\code\medical-data-quality-pipeline\src\load\load_to_raw.py - build - 73

[INFO:20] 2026-07-05 15:45:50,813 - 	loaded 785/2764 of the data.
F:\code\medical-data-quality-pipeline\src\load\load_to_raw.py - build - 73

[INFO:20] 2026-07-05 15:45:50,847 - 	loaded 786/2764 of the data.
F:\code\medical-data-quality-pipeline\src\load\load_to_raw.py - build - 73

[INFO:20] 2026-07-05 15:45:50,882 - 	loaded 787/2764 of the data.
F:\code\medical-data-quality-pipeline\src\load\load_to_raw.py - build - 73

[INFO:20] 2026-07-05 15:45:50,917 - 	loaded 788/2764 of the data.
F:\code\medical-data-quality-pipeline\src\load\load_to_raw.py - build - 73

[INFO:20] 2026-07-05 15:45:50,954 - 	loaded 789/2764 of the data.
F:\code\medical-data-quality-pipeline\src\load\load_to_raw.py - build - 73

[INFO:20] 2026-07-05 15:45:50,991 - 	loaded 790/2764 of the data.
F:\code\medical-data-quality-pipeline\src\load\load_to_raw.py - build - 73

[INFO:20] 2026-07-05 15:45:51,024 - 	loaded 791/2764 of the data.
F:\code\medical-data-quality-pipeline\src\load\load_to_raw.py - build - 73

[INFO:20] 2026-07-05 15:45:51,057 - 	loaded 792/2764 of the data.
F:\code\medical-data-quality-pipeline\src\load\load_to_raw.py - build - 73

[INFO:20] 2026-07-05 15:45:51,092 - 	loaded 793/2764 of the data.
F:\code\medical-data-quality-pipeline\src\load\load_to_raw.py - build - 73

[INFO:20] 2026-07-05 15:45:51,239 - 	loaded 794/2764 of the data.
F:\code\medical-data-quality-pipeline\src\load\load_to_raw.py - build - 73

[INFO:20] 2026-07-05 15:45:51,279 - 	loaded 795/2764 of the data.
F:\code\medical-data-quality-pipeline\src\load\load_to_raw.py - build - 73

[INFO:20] 2026-07-05 15:45:51,311 - 	loaded 796/2764 of the data.
F:\code\medical-data-quality-pipeline\src\load\load_to_raw.py - build - 73

[INFO:20] 2026-07-05 15:45:51,483 - 	loaded 797/2764 of the data.
F:\code\medical-data-quality-pipeline\src\load\load_to_raw.py - build - 73

[INFO:20] 2026-07-05 15:45:51,521 - 	loaded 798/2764 of the data.
F:\code\medical-data-quality-pipeline\src\load\load_to_raw.py - build - 73

[INFO:20] 2026-07-05 15:45:51,557 - 	loaded 799/2764 of the data.
F:\code\medical-data-quality-pipeline\src\load\load_to_raw.py - build - 73

[INFO:20] 2026-07-05 15:45:51,589 - 	loaded 800/2764 of the data.
F:\code\medical-data-quality-pipeline\src\load\load_to_raw.py - build - 73

[INFO:20] 2026-07-05 15:45:51,621 - 	loaded 801/2764 of the data.
F:\code\medical-data-quality-pipeline\src\load\load_to_raw.py - build - 73

[INFO:20] 2026-07-05 15:45:51,651 - 	loaded 802/2764 of the data.
F:\code\medical-data-quality-pipeline\src\load\load_to_raw.py - build - 73

[INFO:20] 2026-07-05 15:45:51,683 - 	loaded 803/2764 of the data.
F:\code\medical-data-quality-pipeline\src\load\load_to_raw.py - build - 73

[INFO:20] 2026-07-05 15:45:51,722 - 	loaded 804/2764 of the data.
F:\code\medical-data-quality-pipeline\src\load\load_to_raw.py - build - 73

[INFO:20] 2026-07-05 15:45:51,760 - 	loaded 805/2764 of the data.
F:\code\medical-data-quality-pipeline\src\load\load_to_raw.py - build - 73

[INFO:20] 2026-07-05 15:45:51,793 - 	loaded 806/2764 of the data.
F:\code\medical-data-quality-pipeline\src\load\load_to_raw.py - build - 73

[INFO:20] 2026-07-05 15:45:51,827 - 	loaded 807/2764 of the data.
F:\code\medical-data-quality-pipeline\src\load\load_to_raw.py - build - 73

[INFO:20] 2026-07-05 15:45:51,860 - 	loaded 808/2764 of the data.
F:\code\medical-data-quality-pipeline\src\load\load_to_raw.py - build - 73

[INFO:20] 2026-07-05 15:45:51,895 - 	loaded 809/2764 of the data.
F:\code\medical-data-quality-pipeline\src\load\load_to_raw.py - build - 73

[INFO:20] 2026-07-05 15:45:51,931 - 	loaded 810/2764 of the data.
F:\code\medical-data-quality-pipeline\src\load\load_to_raw.py - build - 73

[INFO:20] 2026-07-05 15:45:52,068 - 	loaded 811/2764 of the data.
F:\code\medical-data-quality-pipeline\src\load\load_to_raw.py - build - 73

[INFO:20] 2026-07-05 15:45:52,107 - 	loaded 812/2764 of the data.
F:\code\medical-data-quality-pipeline\src\load\load_to_raw.py - build - 73

[INFO:20] 2026-07-05 15:45:52,140 - 	loaded 813/2764 of the data.
F:\code\medical-data-quality-pipeline\src\load\load_to_raw.py - build - 73

[INFO:20] 2026-07-05 15:45:52,175 - 	loaded 814/2764 of the data.
F:\code\medical-data-quality-pipeline\src\load\load_to_raw.py - build - 73

[INFO:20] 2026-07-05 15:45:52,208 - 	loaded 815/2764 of the data.
F:\code\medical-data-quality-pipeline\src\load\load_to_raw.py - build - 73

[INFO:20] 2026-07-05 15:45:52,241 - 	loaded 816/2764 of the data.
F:\code\medical-data-quality-pipeline\src\load\load_to_raw.py - build - 73

[INFO:20] 2026-07-05 15:45:52,272 - 	loaded 817/2764 of the data.
F:\code\medical-data-quality-pipeline\src\load\load_to_raw.py - build - 73

[INFO:20] 2026-07-05 15:45:52,306 - 	loaded 818/2764 of the data.
F:\code\medical-data-quality-pipeline\src\load\load_to_raw.py - build - 73

[INFO:20] 2026-07-05 15:45:52,340 - 	loaded 819/2764 of the data.
F:\code\medical-data-quality-pipeline\src\load\load_to_raw.py - build - 73

[INFO:20] 2026-07-05 15:45:52,377 - 	loaded 820/2764 of the data.
F:\code\medical-data-quality-pipeline\src\load\load_to_raw.py - build - 73

[INFO:20] 2026-07-05 15:45:52,417 - 	loaded 821/2764 of the data.
F:\code\medical-data-quality-pipeline\src\load\load_to_raw.py - build - 73

[INFO:20] 2026-07-05 15:45:52,451 - 	loaded 822/2764 of the data.
F:\code\medical-data-quality-pipeline\src\load\load_to_raw.py - build - 73

[INFO:20] 2026-07-05 15:45:52,485 - 	loaded 823/2764 of the data.
F:\code\medical-data-quality-pipeline\src\load\load_to_raw.py - build - 73

[INFO:20] 2026-07-05 15:45:52,646 - 	loaded 824/2764 of the data.
F:\code\medical-data-quality-pipeline\src\load\load_to_raw.py - build - 73

[INFO:20] 2026-07-05 15:45:52,682 - 	loaded 825/2764 of the data.
F:\code\medical-data-quality-pipeline\src\load\load_to_raw.py - build - 73

[INFO:20] 2026-07-05 15:45:52,715 - 	loaded 826/2764 of the data.
F:\code\medical-data-quality-pipeline\src\load\load_to_raw.py - build - 73

[INFO:20] 2026-07-05 15:45:52,745 - 	loaded 827/2764 of the data.
F:\code\medical-data-quality-pipeline\src\load\load_to_raw.py - build - 73

[INFO:20] 2026-07-05 15:45:52,779 - 	loaded 828/2764 of the data.
F:\code\medical-data-quality-pipeline\src\load\load_to_raw.py - build - 73

[INFO:20] 2026-07-05 15:45:52,812 - 	loaded 829/2764 of the data.
F:\code\medical-data-quality-pipeline\src\load\load_to_raw.py - build - 73

[INFO:20] 2026-07-05 15:45:52,846 - 	loaded 830/2764 of the data.
F:\code\medical-data-quality-pipeline\src\load\load_to_raw.py - build - 73

[INFO:20] 2026-07-05 15:45:52,884 - 	loaded 831/2764 of the data.
F:\code\medical-data-quality-pipeline\src\load\load_to_raw.py - build - 73

[INFO:20] 2026-07-05 15:45:52,923 - 	loaded 832/2764 of the data.
F:\code\medical-data-quality-pipeline\src\load\load_to_raw.py - build - 73

[INFO:20] 2026-07-05 15:45:52,958 - 	loaded 833/2764 of the data.
F:\code\medical-data-quality-pipeline\src\load\load_to_raw.py - build - 73

[INFO:20] 2026-07-05 15:45:52,993 - 	loaded 834/2764 of the data.
F:\code\medical-data-quality-pipeline\src\load\load_to_raw.py - build - 73

[INFO:20] 2026-07-05 15:45:53,026 - 	loaded 835/2764 of the data.
F:\code\medical-data-quality-pipeline\src\load\load_to_raw.py - build - 73

[INFO:20] 2026-07-05 15:45:53,060 - 	loaded 836/2764 of the data.
F:\code\medical-data-quality-pipeline\src\load\load_to_raw.py - build - 73

[INFO:20] 2026-07-05 15:45:53,093 - 	loaded 837/2764 of the data.
F:\code\medical-data-quality-pipeline\src\load\load_to_raw.py - build - 73

[INFO:20] 2026-07-05 15:45:53,133 - 	loaded 838/2764 of the data.
F:\code\medical-data-quality-pipeline\src\load\load_to_raw.py - build - 73

[INFO:20] 2026-07-05 15:45:53,291 - 	loaded 839/2764 of the data.
F:\code\medical-data-quality-pipeline\src\load\load_to_raw.py - build - 73

[INFO:20] 2026-07-05 15:45:53,336 - 	loaded 840/2764 of the data.
F:\code\medical-data-quality-pipeline\src\load\load_to_raw.py - build - 73

[INFO:20] 2026-07-05 15:45:53,367 - 	loaded 841/2764 of the data.
F:\code\medical-data-quality-pipeline\src\load\load_to_raw.py - build - 73

[INFO:20] 2026-07-05 15:45:53,398 - 	loaded 842/2764 of the data.
F:\code\medical-data-quality-pipeline\src\load\load_to_raw.py - build - 73

[INFO:20] 2026-07-05 15:45:53,430 - 	loaded 843/2764 of the data.
F:\code\medical-data-quality-pipeline\src\load\load_to_raw.py - build - 73

[INFO:20] 2026-07-05 15:45:53,571 - 	loaded 844/2764 of the data.
F:\code\medical-data-quality-pipeline\src\load\load_to_raw.py - build - 73

[INFO:20] 2026-07-05 15:45:53,725 - 	loaded 845/2764 of the data.
F:\code\medical-data-quality-pipeline\src\load\load_to_raw.py - build - 73

[INFO:20] 2026-07-05 15:45:53,760 - 	loaded 846/2764 of the data.
F:\code\medical-data-quality-pipeline\src\load\load_to_raw.py - build - 73

[INFO:20] 2026-07-05 15:45:53,794 - 	loaded 847/2764 of the data.
F:\code\medical-data-quality-pipeline\src\load\load_to_raw.py - build - 73

[INFO:20] 2026-07-05 15:45:53,959 - 	loaded 848/2764 of the data.
F:\code\medical-data-quality-pipeline\src\load\load_to_raw.py - build - 73

[INFO:20] 2026-07-05 15:45:54,011 - 	loaded 849/2764 of the data.
F:\code\medical-data-quality-pipeline\src\load\load_to_raw.py - build - 73

[INFO:20] 2026-07-05 15:45:54,054 - 	loaded 850/2764 of the data.
F:\code\medical-data-quality-pipeline\src\load\load_to_raw.py - build - 73

[INFO:20] 2026-07-05 15:45:54,087 - 	loaded 851/2764 of the data.
F:\code\medical-data-quality-pipeline\src\load\load_to_raw.py - build - 73

[INFO:20] 2026-07-05 15:45:54,118 - 	loaded 852/2764 of the data.
F:\code\medical-data-quality-pipeline\src\load\load_to_raw.py - build - 73

[INFO:20] 2026-07-05 15:45:54,154 - 	loaded 853/2764 of the data.
F:\code\medical-data-quality-pipeline\src\load\load_to_raw.py - build - 73

[INFO:20] 2026-07-05 15:45:54,188 - 	loaded 854/2764 of the data.
F:\code\medical-data-quality-pipeline\src\load\load_to_raw.py - build - 73

[INFO:20] 2026-07-05 15:45:54,320 - 	loaded 855/2764 of the data.
F:\code\medical-data-quality-pipeline\src\load\load_to_raw.py - build - 73

[INFO:20] 2026-07-05 15:45:54,352 - 	loaded 856/2764 of the data.
F:\code\medical-data-quality-pipeline\src\load\load_to_raw.py - build - 73

[INFO:20] 2026-07-05 15:45:54,387 - 	loaded 857/2764 of the data.
F:\code\medical-data-quality-pipeline\src\load\load_to_raw.py - build - 73

[INFO:20] 2026-07-05 15:45:54,423 - 	loaded 858/2764 of the data.
F:\code\medical-data-quality-pipeline\src\load\load_to_raw.py - build - 73

[INFO:20] 2026-07-05 15:45:54,456 - 	loaded 859/2764 of the data.
F:\code\medical-data-quality-pipeline\src\load\load_to_raw.py - build - 73

[INFO:20] 2026-07-05 15:45:54,489 - 	loaded 860/2764 of the data.
F:\code\medical-data-quality-pipeline\src\load\load_to_raw.py - build - 73

[INFO:20] 2026-07-05 15:45:54,624 - 	loaded 861/2764 of the data.
F:\code\medical-data-quality-pipeline\src\load\load_to_raw.py - build - 73

[INFO:20] 2026-07-05 15:45:54,657 - 	loaded 862/2764 of the data.
F:\code\medical-data-quality-pipeline\src\load\load_to_raw.py - build - 73

[INFO:20] 2026-07-05 15:45:54,689 - 	loaded 863/2764 of the data.
F:\code\medical-data-quality-pipeline\src\load\load_to_raw.py - build - 73

[INFO:20] 2026-07-05 15:45:54,725 - 	loaded 864/2764 of the data.
F:\code\medical-data-quality-pipeline\src\load\load_to_raw.py - build - 73

[INFO:20] 2026-07-05 15:45:54,758 - 	loaded 865/2764 of the data.
F:\code\medical-data-quality-pipeline\src\load\load_to_raw.py - build - 73

[INFO:20] 2026-07-05 15:45:54,791 - 	loaded 866/2764 of the data.
F:\code\medical-data-quality-pipeline\src\load\load_to_raw.py - build - 73

[INFO:20] 2026-07-05 15:45:54,823 - 	loaded 867/2764 of the data.
F:\code\medical-data-quality-pipeline\src\load\load_to_raw.py - build - 73

[INFO:20] 2026-07-05 15:45:54,866 - 	loaded 868/2764 of the data.
F:\code\medical-data-quality-pipeline\src\load\load_to_raw.py - build - 73

[INFO:20] 2026-07-05 15:45:54,906 - 	loaded 869/2764 of the data.
F:\code\medical-data-quality-pipeline\src\load\load_to_raw.py - build - 73

[INFO:20] 2026-07-05 15:45:54,947 - 	loaded 870/2764 of the data.
F:\code\medical-data-quality-pipeline\src\load\load_to_raw.py - build - 73

[INFO:20] 2026-07-05 15:45:54,981 - 	loaded 871/2764 of the data.
F:\code\medical-data-quality-pipeline\src\load\load_to_raw.py - build - 73

[INFO:20] 2026-07-05 15:45:55,016 - 	loaded 872/2764 of the data.
F:\code\medical-data-quality-pipeline\src\load\load_to_raw.py - build - 73

[INFO:20] 2026-07-05 15:45:55,051 - 	loaded 873/2764 of the data.
F:\code\medical-data-quality-pipeline\src\load\load_to_raw.py - build - 73

[INFO:20] 2026-07-05 15:45:55,090 - 	loaded 874/2764 of the data.
F:\code\medical-data-quality-pipeline\src\load\load_to_raw.py - build - 73

[INFO:20] 2026-07-05 15:45:55,132 - 	loaded 875/2764 of the data.
F:\code\medical-data-quality-pipeline\src\load\load_to_raw.py - build - 73

[INFO:20] 2026-07-05 15:45:55,166 - 	loaded 876/2764 of the data.
F:\code\medical-data-quality-pipeline\src\load\load_to_raw.py - build - 73

[INFO:20] 2026-07-05 15:45:55,200 - 	loaded 877/2764 of the data.
F:\code\medical-data-quality-pipeline\src\load\load_to_raw.py - build - 73

[INFO:20] 2026-07-05 15:45:55,234 - 	loaded 878/2764 of the data.
F:\code\medical-data-quality-pipeline\src\load\load_to_raw.py - build - 73

[INFO:20] 2026-07-05 15:45:55,268 - 	loaded 879/2764 of the data.
F:\code\medical-data-quality-pipeline\src\load\load_to_raw.py - build - 73

[INFO:20] 2026-07-05 15:45:55,301 - 	loaded 880/2764 of the data.
F:\code\medical-data-quality-pipeline\src\load\load_to_raw.py - build - 73

[INFO:20] 2026-07-05 15:45:55,342 - 	loaded 881/2764 of the data.
F:\code\medical-data-quality-pipeline\src\load\load_to_raw.py - build - 73

[INFO:20] 2026-07-05 15:45:55,379 - 	loaded 882/2764 of the data.
F:\code\medical-data-quality-pipeline\src\load\load_to_raw.py - build - 73

[INFO:20] 2026-07-05 15:45:55,413 - 	loaded 883/2764 of the data.
F:\code\medical-data-quality-pipeline\src\load\load_to_raw.py - build - 73

[INFO:20] 2026-07-05 15:45:55,446 - 	loaded 884/2764 of the data.
F:\code\medical-data-quality-pipeline\src\load\load_to_raw.py - build - 73

[INFO:20] 2026-07-05 15:45:55,481 - 	loaded 885/2764 of the data.
F:\code\medical-data-quality-pipeline\src\load\load_to_raw.py - build - 73

[INFO:20] 2026-07-05 15:45:55,517 - 	loaded 886/2764 of the data.
F:\code\medical-data-quality-pipeline\src\load\load_to_raw.py - build - 73

[INFO:20] 2026-07-05 15:45:55,563 - 	loaded 887/2764 of the data.
F:\code\medical-data-quality-pipeline\src\load\load_to_raw.py - build - 73

[INFO:20] 2026-07-05 15:45:55,598 - 	loaded 888/2764 of the data.
F:\code\medical-data-quality-pipeline\src\load\load_to_raw.py - build - 73

[INFO:20] 2026-07-05 15:45:55,632 - 	loaded 889/2764 of the data.
F:\code\medical-data-quality-pipeline\src\load\load_to_raw.py - build - 73

[INFO:20] 2026-07-05 15:45:55,666 - 	loaded 890/2764 of the data.
F:\code\medical-data-quality-pipeline\src\load\load_to_raw.py - build - 73

[INFO:20] 2026-07-05 15:45:55,701 - 	loaded 891/2764 of the data.
F:\code\medical-data-quality-pipeline\src\load\load_to_raw.py - build - 73

[INFO:20] 2026-07-05 15:45:55,737 - 	loaded 892/2764 of the data.
F:\code\medical-data-quality-pipeline\src\load\load_to_raw.py - build - 73

[INFO:20] 2026-07-05 15:45:55,777 - 	loaded 893/2764 of the data.
F:\code\medical-data-quality-pipeline\src\load\load_to_raw.py - build - 73

[INFO:20] 2026-07-05 15:45:55,943 - 	loaded 894/2764 of the data.
F:\code\medical-data-quality-pipeline\src\load\load_to_raw.py - build - 73

[INFO:20] 2026-07-05 15:45:55,978 - 	loaded 895/2764 of the data.
F:\code\medical-data-quality-pipeline\src\load\load_to_raw.py - build - 73

[INFO:20] 2026-07-05 15:45:56,123 - 	loaded 896/2764 of the data.
F:\code\medical-data-quality-pipeline\src\load\load_to_raw.py - build - 73

[INFO:20] 2026-07-05 15:45:56,163 - 	loaded 897/2764 of the data.
F:\code\medical-data-quality-pipeline\src\load\load_to_raw.py - build - 73

[INFO:20] 2026-07-05 15:45:56,199 - 	loaded 898/2764 of the data.
F:\code\medical-data-quality-pipeline\src\load\load_to_raw.py - build - 73

[INFO:20] 2026-07-05 15:45:56,231 - 	loaded 899/2764 of the data.
F:\code\medical-data-quality-pipeline\src\load\load_to_raw.py - build - 73

[INFO:20] 2026-07-05 15:45:56,262 - 	loaded 900/2764 of the data.
F:\code\medical-data-quality-pipeline\src\load\load_to_raw.py - build - 73

[INFO:20] 2026-07-05 15:45:56,294 - 	loaded 901/2764 of the data.
F:\code\medical-data-quality-pipeline\src\load\load_to_raw.py - build - 73

[INFO:20] 2026-07-05 15:45:56,327 - 	loaded 902/2764 of the data.
F:\code\medical-data-quality-pipeline\src\load\load_to_raw.py - build - 73

[INFO:20] 2026-07-05 15:45:56,359 - 	loaded 903/2764 of the data.
F:\code\medical-data-quality-pipeline\src\load\load_to_raw.py - build - 73

[INFO:20] 2026-07-05 15:45:56,395 - 	loaded 904/2764 of the data.
F:\code\medical-data-quality-pipeline\src\load\load_to_raw.py - build - 73

[INFO:20] 2026-07-05 15:45:56,432 - 	loaded 905/2764 of the data.
F:\code\medical-data-quality-pipeline\src\load\load_to_raw.py - build - 73

[INFO:20] 2026-07-05 15:45:56,466 - 	loaded 906/2764 of the data.
F:\code\medical-data-quality-pipeline\src\load\load_to_raw.py - build - 73

[INFO:20] 2026-07-05 15:45:56,500 - 	loaded 907/2764 of the data.
F:\code\medical-data-quality-pipeline\src\load\load_to_raw.py - build - 73

[INFO:20] 2026-07-05 15:45:56,533 - 	loaded 908/2764 of the data.
F:\code\medical-data-quality-pipeline\src\load\load_to_raw.py - build - 73

[INFO:20] 2026-07-05 15:45:56,566 - 	loaded 909/2764 of the data.
F:\code\medical-data-quality-pipeline\src\load\load_to_raw.py - build - 73

[INFO:20] 2026-07-05 15:45:56,599 - 	loaded 910/2764 of the data.
F:\code\medical-data-quality-pipeline\src\load\load_to_raw.py - build - 73

[INFO:20] 2026-07-05 15:45:56,766 - 	loaded 911/2764 of the data.
F:\code\medical-data-quality-pipeline\src\load\load_to_raw.py - build - 73

[INFO:20] 2026-07-05 15:45:56,819 - 	loaded 912/2764 of the data.
F:\code\medical-data-quality-pipeline\src\load\load_to_raw.py - build - 73

[INFO:20] 2026-07-05 15:45:56,853 - 	loaded 913/2764 of the data.
F:\code\medical-data-quality-pipeline\src\load\load_to_raw.py - build - 73

[INFO:20] 2026-07-05 15:45:57,043 - 	loaded 914/2764 of the data.
F:\code\medical-data-quality-pipeline\src\load\load_to_raw.py - build - 73

[INFO:20] 2026-07-05 15:45:57,083 - 	loaded 915/2764 of the data.
F:\code\medical-data-quality-pipeline\src\load\load_to_raw.py - build - 73

[INFO:20] 2026-07-05 15:45:57,131 - 	loaded 916/2764 of the data.
F:\code\medical-data-quality-pipeline\src\load\load_to_raw.py - build - 73

[INFO:20] 2026-07-05 15:45:57,293 - 	loaded 917/2764 of the data.
F:\code\medical-data-quality-pipeline\src\load\load_to_raw.py - build - 73

[INFO:20] 2026-07-05 15:45:57,328 - 	loaded 918/2764 of the data.
F:\code\medical-data-quality-pipeline\src\load\load_to_raw.py - build - 73

[INFO:20] 2026-07-05 15:45:57,359 - 	loaded 919/2764 of the data.
F:\code\medical-data-quality-pipeline\src\load\load_to_raw.py - build - 73

[INFO:20] 2026-07-05 15:45:57,390 - 	loaded 920/2764 of the data.
F:\code\medical-data-quality-pipeline\src\load\load_to_raw.py - build - 73

[INFO:20] 2026-07-05 15:45:57,422 - 	loaded 921/2764 of the data.
F:\code\medical-data-quality-pipeline\src\load\load_to_raw.py - build - 73

[INFO:20] 2026-07-05 15:45:57,454 - 	loaded 922/2764 of the data.
F:\code\medical-data-quality-pipeline\src\load\load_to_raw.py - build - 73

[INFO:20] 2026-07-05 15:45:57,484 - 	loaded 923/2764 of the data.
F:\code\medical-data-quality-pipeline\src\load\load_to_raw.py - build - 73

[INFO:20] 2026-07-05 15:45:57,517 - 	loaded 924/2764 of the data.
F:\code\medical-data-quality-pipeline\src\load\load_to_raw.py - build - 73

[INFO:20] 2026-07-05 15:45:57,557 - 	loaded 925/2764 of the data.
F:\code\medical-data-quality-pipeline\src\load\load_to_raw.py - build - 73

[INFO:20] 2026-07-05 15:45:57,592 - 	loaded 926/2764 of the data.
F:\code\medical-data-quality-pipeline\src\load\load_to_raw.py - build - 73

[INFO:20] 2026-07-05 15:45:57,625 - 	loaded 927/2764 of the data.
F:\code\medical-data-quality-pipeline\src\load\load_to_raw.py - build - 73

[INFO:20] 2026-07-05 15:45:57,659 - 	loaded 928/2764 of the data.
F:\code\medical-data-quality-pipeline\src\load\load_to_raw.py - build - 73

[INFO:20] 2026-07-05 15:45:57,692 - 	loaded 929/2764 of the data.
F:\code\medical-data-quality-pipeline\src\load\load_to_raw.py - build - 73

[INFO:20] 2026-07-05 15:45:57,827 - 	loaded 930/2764 of the data.
F:\code\medical-data-quality-pipeline\src\load\load_to_raw.py - build - 73

[INFO:20] 2026-07-05 15:45:57,860 - 	loaded 931/2764 of the data.
F:\code\medical-data-quality-pipeline\src\load\load_to_raw.py - build - 73

[INFO:20] 2026-07-05 15:45:57,893 - 	loaded 932/2764 of the data.
F:\code\medical-data-quality-pipeline\src\load\load_to_raw.py - build - 73

[INFO:20] 2026-07-05 15:45:57,928 - 	loaded 933/2764 of the data.
F:\code\medical-data-quality-pipeline\src\load\load_to_raw.py - build - 73

[INFO:20] 2026-07-05 15:45:57,962 - 	loaded 934/2764 of the data.
F:\code\medical-data-quality-pipeline\src\load\load_to_raw.py - build - 73

[INFO:20] 2026-07-05 15:45:58,115 - 	loaded 935/2764 of the data.
F:\code\medical-data-quality-pipeline\src\load\load_to_raw.py - build - 73

[INFO:20] 2026-07-05 15:45:58,151 - 	loaded 936/2764 of the data.
F:\code\medical-data-quality-pipeline\src\load\load_to_raw.py - build - 73

[INFO:20] 2026-07-05 15:45:58,308 - 	loaded 937/2764 of the data.
F:\code\medical-data-quality-pipeline\src\load\load_to_raw.py - build - 73

[INFO:20] 2026-07-05 15:45:58,344 - 	loaded 938/2764 of the data.
F:\code\medical-data-quality-pipeline\src\load\load_to_raw.py - build - 73

[INFO:20] 2026-07-05 15:45:58,377 - 	loaded 939/2764 of the data.
F:\code\medical-data-quality-pipeline\src\load\load_to_raw.py - build - 73

[INFO:20] 2026-07-05 15:45:58,410 - 	loaded 940/2764 of the data.
F:\code\medical-data-quality-pipeline\src\load\load_to_raw.py - build - 73

[INFO:20] 2026-07-05 15:45:58,442 - 	loaded 941/2764 of the data.
F:\code\medical-data-quality-pipeline\src\load\load_to_raw.py - build - 73

[INFO:20] 2026-07-05 15:45:58,475 - 	loaded 942/2764 of the data.
F:\code\medical-data-quality-pipeline\src\load\load_to_raw.py - build - 73

[INFO:20] 2026-07-05 15:45:58,508 - 	loaded 943/2764 of the data.
F:\code\medical-data-quality-pipeline\src\load\load_to_raw.py - build - 73

[INFO:20] 2026-07-05 15:45:58,661 - 	loaded 944/2764 of the data.
F:\code\medical-data-quality-pipeline\src\load\load_to_raw.py - build - 73

[INFO:20] 2026-07-05 15:45:58,808 - 	loaded 945/2764 of the data.
F:\code\medical-data-quality-pipeline\src\load\load_to_raw.py - build - 73

[INFO:20] 2026-07-05 15:45:58,840 - 	loaded 946/2764 of the data.
F:\code\medical-data-quality-pipeline\src\load\load_to_raw.py - build - 73

[INFO:20] 2026-07-05 15:45:58,874 - 	loaded 947/2764 of the data.
F:\code\medical-data-quality-pipeline\src\load\load_to_raw.py - build - 73

[INFO:20] 2026-07-05 15:45:58,909 - 	loaded 948/2764 of the data.
F:\code\medical-data-quality-pipeline\src\load\load_to_raw.py - build - 73

[INFO:20] 2026-07-05 15:45:58,942 - 	loaded 949/2764 of the data.
F:\code\medical-data-quality-pipeline\src\load\load_to_raw.py - build - 73

[INFO:20] 2026-07-05 15:45:58,975 - 	loaded 950/2764 of the data.
F:\code\medical-data-quality-pipeline\src\load\load_to_raw.py - build - 73

[INFO:20] 2026-07-05 15:45:59,006 - 	loaded 951/2764 of the data.
F:\code\medical-data-quality-pipeline\src\load\load_to_raw.py - build - 73

[INFO:20] 2026-07-05 15:45:59,038 - 	loaded 952/2764 of the data.
F:\code\medical-data-quality-pipeline\src\load\load_to_raw.py - build - 73

[INFO:20] 2026-07-05 15:45:59,070 - 	loaded 953/2764 of the data.
F:\code\medical-data-quality-pipeline\src\load\load_to_raw.py - build - 73

[INFO:20] 2026-07-05 15:45:59,106 - 	loaded 954/2764 of the data.
F:\code\medical-data-quality-pipeline\src\load\load_to_raw.py - build - 73

[INFO:20] 2026-07-05 15:45:59,148 - 	loaded 955/2764 of the data.
F:\code\medical-data-quality-pipeline\src\load\load_to_raw.py - build - 73

[INFO:20] 2026-07-05 15:45:59,183 - 	loaded 956/2764 of the data.
F:\code\medical-data-quality-pipeline\src\load\load_to_raw.py - build - 73

[INFO:20] 2026-07-05 15:45:59,214 - 	loaded 957/2764 of the data.
F:\code\medical-data-quality-pipeline\src\load\load_to_raw.py - build - 73

[INFO:20] 2026-07-05 15:45:59,245 - 	loaded 958/2764 of the data.
F:\code\medical-data-quality-pipeline\src\load\load_to_raw.py - build - 73

[INFO:20] 2026-07-05 15:45:59,277 - 	loaded 959/2764 of the data.
F:\code\medical-data-quality-pipeline\src\load\load_to_raw.py - build - 73

[INFO:20] 2026-07-05 15:45:59,311 - 	loaded 960/2764 of the data.
F:\code\medical-data-quality-pipeline\src\load\load_to_raw.py - build - 73

[INFO:20] 2026-07-05 15:45:59,349 - 	loaded 961/2764 of the data.
F:\code\medical-data-quality-pipeline\src\load\load_to_raw.py - build - 73

[INFO:20] 2026-07-05 15:45:59,384 - 	loaded 962/2764 of the data.
F:\code\medical-data-quality-pipeline\src\load\load_to_raw.py - build - 73

[INFO:20] 2026-07-05 15:45:59,417 - 	loaded 963/2764 of the data.
F:\code\medical-data-quality-pipeline\src\load\load_to_raw.py - build - 73

[INFO:20] 2026-07-05 15:45:59,449 - 	loaded 964/2764 of the data.
F:\code\medical-data-quality-pipeline\src\load\load_to_raw.py - build - 73

[INFO:20] 2026-07-05 15:45:59,483 - 	loaded 965/2764 of the data.
F:\code\medical-data-quality-pipeline\src\load\load_to_raw.py - build - 73

[INFO:20] 2026-07-05 15:45:59,518 - 	loaded 966/2764 of the data.
F:\code\medical-data-quality-pipeline\src\load\load_to_raw.py - build - 73

[INFO:20] 2026-07-05 15:45:59,559 - 	loaded 967/2764 of the data.
F:\code\medical-data-quality-pipeline\src\load\load_to_raw.py - build - 73

[INFO:20] 2026-07-05 15:45:59,594 - 	loaded 968/2764 of the data.
F:\code\medical-data-quality-pipeline\src\load\load_to_raw.py - build - 73

[INFO:20] 2026-07-05 15:45:59,628 - 	loaded 969/2764 of the data.
F:\code\medical-data-quality-pipeline\src\load\load_to_raw.py - build - 73

[INFO:20] 2026-07-05 15:45:59,661 - 	loaded 970/2764 of the data.
F:\code\medical-data-quality-pipeline\src\load\load_to_raw.py - build - 73

[INFO:20] 2026-07-05 15:45:59,695 - 	loaded 971/2764 of the data.
F:\code\medical-data-quality-pipeline\src\load\load_to_raw.py - build - 73

[INFO:20] 2026-07-05 15:45:59,728 - 	loaded 972/2764 of the data.
F:\code\medical-data-quality-pipeline\src\load\load_to_raw.py - build - 73

[INFO:20] 2026-07-05 15:45:59,769 - 	loaded 973/2764 of the data.
F:\code\medical-data-quality-pipeline\src\load\load_to_raw.py - build - 73

[INFO:20] 2026-07-05 15:45:59,806 - 	loaded 974/2764 of the data.
F:\code\medical-data-quality-pipeline\src\load\load_to_raw.py - build - 73

[INFO:20] 2026-07-05 15:45:59,840 - 	loaded 975/2764 of the data.
F:\code\medical-data-quality-pipeline\src\load\load_to_raw.py - build - 73

[INFO:20] 2026-07-05 15:45:59,873 - 	loaded 976/2764 of the data.
F:\code\medical-data-quality-pipeline\src\load\load_to_raw.py - build - 73

[INFO:20] 2026-07-05 15:45:59,905 - 	loaded 977/2764 of the data.
F:\code\medical-data-quality-pipeline\src\load\load_to_raw.py - build - 73

[INFO:20] 2026-07-05 15:45:59,939 - 	loaded 978/2764 of the data.
F:\code\medical-data-quality-pipeline\src\load\load_to_raw.py - build - 73

[INFO:20] 2026-07-05 15:45:59,980 - 	loaded 979/2764 of the data.
F:\code\medical-data-quality-pipeline\src\load\load_to_raw.py - build - 73

[INFO:20] 2026-07-05 15:46:00,017 - 	loaded 980/2764 of the data.
F:\code\medical-data-quality-pipeline\src\load\load_to_raw.py - build - 73

[INFO:20] 2026-07-05 15:46:00,050 - 	loaded 981/2764 of the data.
F:\code\medical-data-quality-pipeline\src\load\load_to_raw.py - build - 73

[INFO:20] 2026-07-05 15:46:00,085 - 	loaded 982/2764 of the data.
F:\code\medical-data-quality-pipeline\src\load\load_to_raw.py - build - 73

[INFO:20] 2026-07-05 15:46:00,124 - 	loaded 983/2764 of the data.
F:\code\medical-data-quality-pipeline\src\load\load_to_raw.py - build - 73

[INFO:20] 2026-07-05 15:46:00,159 - 	loaded 984/2764 of the data.
F:\code\medical-data-quality-pipeline\src\load\load_to_raw.py - build - 73

[INFO:20] 2026-07-05 15:46:00,199 - 	loaded 985/2764 of the data.
F:\code\medical-data-quality-pipeline\src\load\load_to_raw.py - build - 73

[INFO:20] 2026-07-05 15:46:00,233 - 	loaded 986/2764 of the data.
F:\code\medical-data-quality-pipeline\src\load\load_to_raw.py - build - 73

[INFO:20] 2026-07-05 15:46:00,265 - 	loaded 987/2764 of the data.
F:\code\medical-data-quality-pipeline\src\load\load_to_raw.py - build - 73

[INFO:20] 2026-07-05 15:46:00,300 - 	loaded 988/2764 of the data.
F:\code\medical-data-quality-pipeline\src\load\load_to_raw.py - build - 73

[INFO:20] 2026-07-05 15:46:00,332 - 	loaded 989/2764 of the data.
F:\code\medical-data-quality-pipeline\src\load\load_to_raw.py - build - 73

[INFO:20] 2026-07-05 15:46:00,367 - 	loaded 990/2764 of the data.
F:\code\medical-data-quality-pipeline\src\load\load_to_raw.py - build - 73

[INFO:20] 2026-07-05 15:46:00,406 - 	loaded 991/2764 of the data.
F:\code\medical-data-quality-pipeline\src\load\load_to_raw.py - build - 73

[INFO:20] 2026-07-05 15:46:00,442 - 	loaded 992/2764 of the data.
F:\code\medical-data-quality-pipeline\src\load\load_to_raw.py - build - 73

[INFO:20] 2026-07-05 15:46:00,474 - 	loaded 993/2764 of the data.
F:\code\medical-data-quality-pipeline\src\load\load_to_raw.py - build - 73

[INFO:20] 2026-07-05 15:46:00,513 - 	loaded 994/2764 of the data.
F:\code\medical-data-quality-pipeline\src\load\load_to_raw.py - build - 73

[INFO:20] 2026-07-05 15:46:00,547 - 	loaded 995/2764 of the data.
F:\code\medical-data-quality-pipeline\src\load\load_to_raw.py - build - 73

[INFO:20] 2026-07-05 15:46:00,582 - 	loaded 996/2764 of the data.
F:\code\medical-data-quality-pipeline\src\load\load_to_raw.py - build - 73

[INFO:20] 2026-07-05 15:46:00,731 - 	loaded 997/2764 of the data.
F:\code\medical-data-quality-pipeline\src\load\load_to_raw.py - build - 73

[INFO:20] 2026-07-05 15:46:00,881 - 	loaded 998/2764 of the data.
F:\code\medical-data-quality-pipeline\src\load\load_to_raw.py - build - 73

[INFO:20] 2026-07-05 15:46:00,915 - 	loaded 999/2764 of the data.
F:\code\medical-data-quality-pipeline\src\load\load_to_raw.py - build - 73

[INFO:20] 2026-07-05 15:46:00,947 - 	loaded 1000/2764 of the data.
F:\code\medical-data-quality-pipeline\src\load\load_to_raw.py - build - 73

[INFO:20] 2026-07-05 15:46:00,992 - 	loaded 1001/2764 of the data.
F:\code\medical-data-quality-pipeline\src\load\load_to_raw.py - build - 73

[INFO:20] 2026-07-05 15:46:01,040 - 	loaded 1002/2764 of the data.
F:\code\medical-data-quality-pipeline\src\load\load_to_raw.py - build - 73

[INFO:20] 2026-07-05 15:46:01,189 - 	loaded 1003/2764 of the data.
F:\code\medical-data-quality-pipeline\src\load\load_to_raw.py - build - 73

[INFO:20] 2026-07-05 15:46:01,389 - 	loaded 1004/2764 of the data.
F:\code\medical-data-quality-pipeline\src\load\load_to_raw.py - build - 73

[INFO:20] 2026-07-05 15:46:01,539 - 	loaded 1005/2764 of the data.
F:\code\medical-data-quality-pipeline\src\load\load_to_raw.py - build - 73

[INFO:20] 2026-07-05 15:46:01,576 - 	loaded 1006/2764 of the data.
F:\code\medical-data-quality-pipeline\src\load\load_to_raw.py - build - 73

[INFO:20] 2026-07-05 15:46:01,727 - 	loaded 1007/2764 of the data.
F:\code\medical-data-quality-pipeline\src\load\load_to_raw.py - build - 73

[INFO:20] 2026-07-05 15:46:01,762 - 	loaded 1008/2764 of the data.
F:\code\medical-data-quality-pipeline\src\load\load_to_raw.py - build - 73

[INFO:20] 2026-07-05 15:46:01,794 - 	loaded 1009/2764 of the data.
F:\code\medical-data-quality-pipeline\src\load\load_to_raw.py - build - 73

[INFO:20] 2026-07-05 15:46:01,825 - 	loaded 1010/2764 of the data.
F:\code\medical-data-quality-pipeline\src\load\load_to_raw.py - build - 73

[INFO:20] 2026-07-05 15:46:01,967 - 	loaded 1011/2764 of the data.
F:\code\medical-data-quality-pipeline\src\load\load_to_raw.py - build - 73

[INFO:20] 2026-07-05 15:46:02,007 - 	loaded 1012/2764 of the data.
F:\code\medical-data-quality-pipeline\src\load\load_to_raw.py - build - 73

[INFO:20] 2026-07-05 15:46:02,049 - 	loaded 1013/2764 of the data.
F:\code\medical-data-quality-pipeline\src\load\load_to_raw.py - build - 73

[INFO:20] 2026-07-05 15:46:02,231 - 	loaded 1014/2764 of the data.
F:\code\medical-data-quality-pipeline\src\load\load_to_raw.py - build - 73

[INFO:20] 2026-07-05 15:46:02,264 - 	loaded 1015/2764 of the data.
F:\code\medical-data-quality-pipeline\src\load\load_to_raw.py - build - 73

[INFO:20] 2026-07-05 15:46:02,298 - 	loaded 1016/2764 of the data.
F:\code\medical-data-quality-pipeline\src\load\load_to_raw.py - build - 73

[INFO:20] 2026-07-05 15:46:02,329 - 	loaded 1017/2764 of the data.
F:\code\medical-data-quality-pipeline\src\load\load_to_raw.py - build - 73

[INFO:20] 2026-07-05 15:46:02,361 - 	loaded 1018/2764 of the data.
F:\code\medical-data-quality-pipeline\src\load\load_to_raw.py - build - 73

[INFO:20] 2026-07-05 15:46:02,394 - 	loaded 1019/2764 of the data.
F:\code\medical-data-quality-pipeline\src\load\load_to_raw.py - build - 73

[INFO:20] 2026-07-05 15:46:02,426 - 	loaded 1020/2764 of the data.
F:\code\medical-data-quality-pipeline\src\load\load_to_raw.py - build - 73

[INFO:20] 2026-07-05 15:46:02,461 - 	loaded 1021/2764 of the data.
F:\code\medical-data-quality-pipeline\src\load\load_to_raw.py - build - 73

[INFO:20] 2026-07-05 15:46:02,501 - 	loaded 1022/2764 of the data.
F:\code\medical-data-quality-pipeline\src\load\load_to_raw.py - build - 73

[INFO:20] 2026-07-05 15:46:02,533 - 	loaded 1023/2764 of the data.
F:\code\medical-data-quality-pipeline\src\load\load_to_raw.py - build - 73

[INFO:20] 2026-07-05 15:46:02,566 - 	loaded 1024/2764 of the data.
F:\code\medical-data-quality-pipeline\src\load\load_to_raw.py - build - 73

[INFO:20] 2026-07-05 15:46:02,599 - 	loaded 1025/2764 of the data.
F:\code\medical-data-quality-pipeline\src\load\load_to_raw.py - build - 73

[INFO:20] 2026-07-05 15:46:02,733 - 	loaded 1026/2764 of the data.
F:\code\medical-data-quality-pipeline\src\load\load_to_raw.py - build - 73

[INFO:20] 2026-07-05 15:46:02,765 - 	loaded 1027/2764 of the data.
F:\code\medical-data-quality-pipeline\src\load\load_to_raw.py - build - 73

[INFO:20] 2026-07-05 15:46:02,798 - 	loaded 1028/2764 of the data.
F:\code\medical-data-quality-pipeline\src\load\load_to_raw.py - build - 73

[INFO:20] 2026-07-05 15:46:02,831 - 	loaded 1029/2764 of the data.
F:\code\medical-data-quality-pipeline\src\load\load_to_raw.py - build - 73

[INFO:20] 2026-07-05 15:46:02,863 - 	loaded 1030/2764 of the data.
F:\code\medical-data-quality-pipeline\src\load\load_to_raw.py - build - 73

[INFO:20] 2026-07-05 15:46:02,896 - 	loaded 1031/2764 of the data.
F:\code\medical-data-quality-pipeline\src\load\load_to_raw.py - build - 73

[INFO:20] 2026-07-05 15:46:02,928 - 	loaded 1032/2764 of the data.
F:\code\medical-data-quality-pipeline\src\load\load_to_raw.py - build - 73

[INFO:20] 2026-07-05 15:46:02,964 - 	loaded 1033/2764 of the data.
F:\code\medical-data-quality-pipeline\src\load\load_to_raw.py - build - 73

[INFO:20] 2026-07-05 15:46:03,002 - 	loaded 1034/2764 of the data.
F:\code\medical-data-quality-pipeline\src\load\load_to_raw.py - build - 73

[INFO:20] 2026-07-05 15:46:03,162 - 	loaded 1035/2764 of the data.
F:\code\medical-data-quality-pipeline\src\load\load_to_raw.py - build - 73

[INFO:20] 2026-07-05 15:46:03,197 - 	loaded 1036/2764 of the data.
F:\code\medical-data-quality-pipeline\src\load\load_to_raw.py - build - 73

[INFO:20] 2026-07-05 15:46:03,251 - 	loaded 1037/2764 of the data.
F:\code\medical-data-quality-pipeline\src\load\load_to_raw.py - build - 73

[INFO:20] 2026-07-05 15:46:03,285 - 	loaded 1038/2764 of the data.
F:\code\medical-data-quality-pipeline\src\load\load_to_raw.py - build - 73

[INFO:20] 2026-07-05 15:46:03,317 - 	loaded 1039/2764 of the data.
F:\code\medical-data-quality-pipeline\src\load\load_to_raw.py - build - 73

[INFO:20] 2026-07-05 15:46:03,354 - 	loaded 1040/2764 of the data.
F:\code\medical-data-quality-pipeline\src\load\load_to_raw.py - build - 73

[INFO:20] 2026-07-05 15:46:03,493 - 	loaded 1041/2764 of the data.
F:\code\medical-data-quality-pipeline\src\load\load_to_raw.py - build - 73

[INFO:20] 2026-07-05 15:46:03,530 - 	loaded 1042/2764 of the data.
F:\code\medical-data-quality-pipeline\src\load\load_to_raw.py - build - 73

[INFO:20] 2026-07-05 15:46:03,568 - 	loaded 1043/2764 of the data.
F:\code\medical-data-quality-pipeline\src\load\load_to_raw.py - build - 73

[INFO:20] 2026-07-05 15:46:03,607 - 	loaded 1044/2764 of the data.
F:\code\medical-data-quality-pipeline\src\load\load_to_raw.py - build - 73

[INFO:20] 2026-07-05 15:46:03,647 - 	loaded 1045/2764 of the data.
F:\code\medical-data-quality-pipeline\src\load\load_to_raw.py - build - 73

[INFO:20] 2026-07-05 15:46:03,687 - 	loaded 1046/2764 of the data.
F:\code\medical-data-quality-pipeline\src\load\load_to_raw.py - build - 73

[INFO:20] 2026-07-05 15:46:03,726 - 	loaded 1047/2764 of the data.
F:\code\medical-data-quality-pipeline\src\load\load_to_raw.py - build - 73

[INFO:20] 2026-07-05 15:46:03,763 - 	loaded 1048/2764 of the data.
F:\code\medical-data-quality-pipeline\src\load\load_to_raw.py - build - 73

[INFO:20] 2026-07-05 15:46:03,901 - 	loaded 1049/2764 of the data.
F:\code\medical-data-quality-pipeline\src\load\load_to_raw.py - build - 73

[INFO:20] 2026-07-05 15:46:03,940 - 	loaded 1050/2764 of the data.
F:\code\medical-data-quality-pipeline\src\load\load_to_raw.py - build - 73

[INFO:20] 2026-07-05 15:46:03,975 - 	loaded 1051/2764 of the data.
F:\code\medical-data-quality-pipeline\src\load\load_to_raw.py - build - 73

[INFO:20] 2026-07-05 15:46:04,008 - 	loaded 1052/2764 of the data.
F:\code\medical-data-quality-pipeline\src\load\load_to_raw.py - build - 73

[INFO:20] 2026-07-05 15:46:04,042 - 	loaded 1053/2764 of the data.
F:\code\medical-data-quality-pipeline\src\load\load_to_raw.py - build - 73

[INFO:20] 2026-07-05 15:46:04,076 - 	loaded 1054/2764 of the data.
F:\code\medical-data-quality-pipeline\src\load\load_to_raw.py - build - 73

[INFO:20] 2026-07-05 15:46:04,109 - 	loaded 1055/2764 of the data.
F:\code\medical-data-quality-pipeline\src\load\load_to_raw.py - build - 73

[INFO:20] 2026-07-05 15:46:04,140 - 	loaded 1056/2764 of the data.
F:\code\medical-data-quality-pipeline\src\load\load_to_raw.py - build - 73

[INFO:20] 2026-07-05 15:46:04,179 - 	loaded 1057/2764 of the data.
F:\code\medical-data-quality-pipeline\src\load\load_to_raw.py - build - 73

[INFO:20] 2026-07-05 15:46:04,215 - 	loaded 1058/2764 of the data.
F:\code\medical-data-quality-pipeline\src\load\load_to_raw.py - build - 73

[INFO:20] 2026-07-05 15:46:04,250 - 	loaded 1059/2764 of the data.
F:\code\medical-data-quality-pipeline\src\load\load_to_raw.py - build - 73

[INFO:20] 2026-07-05 15:46:04,283 - 	loaded 1060/2764 of the data.
F:\code\medical-data-quality-pipeline\src\load\load_to_raw.py - build - 73

[INFO:20] 2026-07-05 15:46:04,318 - 	loaded 1061/2764 of the data.
F:\code\medical-data-quality-pipeline\src\load\load_to_raw.py - build - 73

[INFO:20] 2026-07-05 15:46:04,351 - 	loaded 1062/2764 of the data.
F:\code\medical-data-quality-pipeline\src\load\load_to_raw.py - build - 73

[INFO:20] 2026-07-05 15:46:04,383 - 	loaded 1063/2764 of the data.
F:\code\medical-data-quality-pipeline\src\load\load_to_raw.py - build - 73

[INFO:20] 2026-07-05 15:46:04,521 - 	loaded 1064/2764 of the data.
F:\code\medical-data-quality-pipeline\src\load\load_to_raw.py - build - 73

[INFO:20] 2026-07-05 15:46:04,673 - 	loaded 1065/2764 of the data.
F:\code\medical-data-quality-pipeline\src\load\load_to_raw.py - build - 73

[INFO:20] 2026-07-05 15:46:04,707 - 	loaded 1066/2764 of the data.
F:\code\medical-data-quality-pipeline\src\load\load_to_raw.py - build - 73

[INFO:20] 2026-07-05 15:46:04,753 - 	loaded 1067/2764 of the data.
F:\code\medical-data-quality-pipeline\src\load\load_to_raw.py - build - 73

[INFO:20] 2026-07-05 15:46:04,787 - 	loaded 1068/2764 of the data.
F:\code\medical-data-quality-pipeline\src\load\load_to_raw.py - build - 73

[INFO:20] 2026-07-05 15:46:04,833 - 	loaded 1069/2764 of the data.
F:\code\medical-data-quality-pipeline\src\load\load_to_raw.py - build - 73

[INFO:20] 2026-07-05 15:46:04,864 - 	loaded 1070/2764 of the data.
F:\code\medical-data-quality-pipeline\src\load\load_to_raw.py - build - 73

[INFO:20] 2026-07-05 15:46:04,896 - 	loaded 1071/2764 of the data.
F:\code\medical-data-quality-pipeline\src\load\load_to_raw.py - build - 73

[INFO:20] 2026-07-05 15:46:04,927 - 	loaded 1072/2764 of the data.
F:\code\medical-data-quality-pipeline\src\load\load_to_raw.py - build - 73

[INFO:20] 2026-07-05 15:46:04,961 - 	loaded 1073/2764 of the data.
F:\code\medical-data-quality-pipeline\src\load\load_to_raw.py - build - 73

[INFO:20] 2026-07-05 15:46:05,001 - 	loaded 1074/2764 of the data.
F:\code\medical-data-quality-pipeline\src\load\load_to_raw.py - build - 73

[INFO:20] 2026-07-05 15:46:05,034 - 	loaded 1075/2764 of the data.
F:\code\medical-data-quality-pipeline\src\load\load_to_raw.py - build - 73

[INFO:20] 2026-07-05 15:46:05,067 - 	loaded 1076/2764 of the data.
F:\code\medical-data-quality-pipeline\src\load\load_to_raw.py - build - 73

[INFO:20] 2026-07-05 15:46:05,098 - 	loaded 1077/2764 of the data.
F:\code\medical-data-quality-pipeline\src\load\load_to_raw.py - build - 73

[INFO:20] 2026-07-05 15:46:05,132 - 	loaded 1078/2764 of the data.
F:\code\medical-data-quality-pipeline\src\load\load_to_raw.py - build - 73

[INFO:20] 2026-07-05 15:46:05,302 - 	loaded 1079/2764 of the data.
F:\code\medical-data-quality-pipeline\src\load\load_to_raw.py - build - 73

[INFO:20] 2026-07-05 15:46:05,336 - 	loaded 1080/2764 of the data.
F:\code\medical-data-quality-pipeline\src\load\load_to_raw.py - build - 73

[INFO:20] 2026-07-05 15:46:05,367 - 	loaded 1081/2764 of the data.
F:\code\medical-data-quality-pipeline\src\load\load_to_raw.py - build - 73

[INFO:20] 2026-07-05 15:46:05,399 - 	loaded 1082/2764 of the data.
F:\code\medical-data-quality-pipeline\src\load\load_to_raw.py - build - 73

[INFO:20] 2026-07-05 15:46:05,551 - 	loaded 1083/2764 of the data.
F:\code\medical-data-quality-pipeline\src\load\load_to_raw.py - build - 73

[INFO:20] 2026-07-05 15:46:05,584 - 	loaded 1084/2764 of the data.
F:\code\medical-data-quality-pipeline\src\load\load_to_raw.py - build - 73

[INFO:20] 2026-07-05 15:46:05,615 - 	loaded 1085/2764 of the data.
F:\code\medical-data-quality-pipeline\src\load\load_to_raw.py - build - 73

[INFO:20] 2026-07-05 15:46:05,648 - 	loaded 1086/2764 of the data.
F:\code\medical-data-quality-pipeline\src\load\load_to_raw.py - build - 73

[INFO:20] 2026-07-05 15:46:05,680 - 	loaded 1087/2764 of the data.
F:\code\medical-data-quality-pipeline\src\load\load_to_raw.py - build - 73

[INFO:20] 2026-07-05 15:46:05,714 - 	loaded 1088/2764 of the data.
F:\code\medical-data-quality-pipeline\src\load\load_to_raw.py - build - 73

[INFO:20] 2026-07-05 15:46:05,745 - 	loaded 1089/2764 of the data.
F:\code\medical-data-quality-pipeline\src\load\load_to_raw.py - build - 73

[INFO:20] 2026-07-05 15:46:05,780 - 	loaded 1090/2764 of the data.
F:\code\medical-data-quality-pipeline\src\load\load_to_raw.py - build - 73

[INFO:20] 2026-07-05 15:46:05,820 - 	loaded 1091/2764 of the data.
F:\code\medical-data-quality-pipeline\src\load\load_to_raw.py - build - 73

[INFO:20] 2026-07-05 15:46:05,854 - 	loaded 1092/2764 of the data.
F:\code\medical-data-quality-pipeline\src\load\load_to_raw.py - build - 73

[INFO:20] 2026-07-05 15:46:05,887 - 	loaded 1093/2764 of the data.
F:\code\medical-data-quality-pipeline\src\load\load_to_raw.py - build - 73

[INFO:20] 2026-07-05 15:46:05,918 - 	loaded 1094/2764 of the data.
F:\code\medical-data-quality-pipeline\src\load\load_to_raw.py - build - 73

[INFO:20] 2026-07-05 15:46:05,951 - 	loaded 1095/2764 of the data.
F:\code\medical-data-quality-pipeline\src\load\load_to_raw.py - build - 73

[INFO:20] 2026-07-05 15:46:05,986 - 	loaded 1096/2764 of the data.
F:\code\medical-data-quality-pipeline\src\load\load_to_raw.py - build - 73

[INFO:20] 2026-07-05 15:46:06,026 - 	loaded 1097/2764 of the data.
F:\code\medical-data-quality-pipeline\src\load\load_to_raw.py - build - 73

[INFO:20] 2026-07-05 15:46:06,061 - 	loaded 1098/2764 of the data.
F:\code\medical-data-quality-pipeline\src\load\load_to_raw.py - build - 73

[INFO:20] 2026-07-05 15:46:06,095 - 	loaded 1099/2764 of the data.
F:\code\medical-data-quality-pipeline\src\load\load_to_raw.py - build - 73

[INFO:20] 2026-07-05 15:46:06,127 - 	loaded 1100/2764 of the data.
F:\code\medical-data-quality-pipeline\src\load\load_to_raw.py - build - 73

[INFO:20] 2026-07-05 15:46:06,161 - 	loaded 1101/2764 of the data.
F:\code\medical-data-quality-pipeline\src\load\load_to_raw.py - build - 73

[INFO:20] 2026-07-05 15:46:06,312 - 	loaded 1102/2764 of the data.
F:\code\medical-data-quality-pipeline\src\load\load_to_raw.py - build - 73

[INFO:20] 2026-07-05 15:46:06,346 - 	loaded 1103/2764 of the data.
F:\code\medical-data-quality-pipeline\src\load\load_to_raw.py - build - 73

[INFO:20] 2026-07-05 15:46:06,516 - 	loaded 1104/2764 of the data.
F:\code\medical-data-quality-pipeline\src\load\load_to_raw.py - build - 73

[INFO:20] 2026-07-05 15:46:06,554 - 	loaded 1105/2764 of the data.
F:\code\medical-data-quality-pipeline\src\load\load_to_raw.py - build - 73

[INFO:20] 2026-07-05 15:46:06,591 - 	loaded 1106/2764 of the data.
F:\code\medical-data-quality-pipeline\src\load\load_to_raw.py - build - 73

[INFO:20] 2026-07-05 15:46:06,630 - 	loaded 1107/2764 of the data.
F:\code\medical-data-quality-pipeline\src\load\load_to_raw.py - build - 73

[INFO:20] 2026-07-05 15:46:06,671 - 	loaded 1108/2764 of the data.
F:\code\medical-data-quality-pipeline\src\load\load_to_raw.py - build - 73

[INFO:20] 2026-07-05 15:46:06,702 - 	loaded 1109/2764 of the data.
F:\code\medical-data-quality-pipeline\src\load\load_to_raw.py - build - 73

[INFO:20] 2026-07-05 15:46:06,739 - 	loaded 1110/2764 of the data.
F:\code\medical-data-quality-pipeline\src\load\load_to_raw.py - build - 73

[INFO:20] 2026-07-05 15:46:06,777 - 	loaded 1111/2764 of the data.
F:\code\medical-data-quality-pipeline\src\load\load_to_raw.py - build - 73

[INFO:20] 2026-07-05 15:46:06,807 - 	loaded 1112/2764 of the data.
F:\code\medical-data-quality-pipeline\src\load\load_to_raw.py - build - 73

[INFO:20] 2026-07-05 15:46:06,840 - 	loaded 1113/2764 of the data.
F:\code\medical-data-quality-pipeline\src\load\load_to_raw.py - build - 73

[INFO:20] 2026-07-05 15:46:06,871 - 	loaded 1114/2764 of the data.
F:\code\medical-data-quality-pipeline\src\load\load_to_raw.py - build - 73

[INFO:20] 2026-07-05 15:46:06,906 - 	loaded 1115/2764 of the data.
F:\code\medical-data-quality-pipeline\src\load\load_to_raw.py - build - 73

[INFO:20] 2026-07-05 15:46:06,939 - 	loaded 1116/2764 of the data.
F:\code\medical-data-quality-pipeline\src\load\load_to_raw.py - build - 73

[INFO:20] 2026-07-05 15:46:06,974 - 	loaded 1117/2764 of the data.
F:\code\medical-data-quality-pipeline\src\load\load_to_raw.py - build - 73

[INFO:20] 2026-07-05 15:46:07,014 - 	loaded 1118/2764 of the data.
F:\code\medical-data-quality-pipeline\src\load\load_to_raw.py - build - 73

[INFO:20] 2026-07-05 15:46:07,048 - 	loaded 1119/2764 of the data.
F:\code\medical-data-quality-pipeline\src\load\load_to_raw.py - build - 73

[INFO:20] 2026-07-05 15:46:07,203 - 	loaded 1120/2764 of the data.
F:\code\medical-data-quality-pipeline\src\load\load_to_raw.py - build - 73

[INFO:20] 2026-07-05 15:46:07,347 - 	loaded 1121/2764 of the data.
F:\code\medical-data-quality-pipeline\src\load\load_to_raw.py - build - 73

[INFO:20] 2026-07-05 15:46:07,403 - 	loaded 1122/2764 of the data.
F:\code\medical-data-quality-pipeline\src\load\load_to_raw.py - build - 73

[INFO:20] 2026-07-05 15:46:07,439 - 	loaded 1123/2764 of the data.
F:\code\medical-data-quality-pipeline\src\load\load_to_raw.py - build - 73

[INFO:20] 2026-07-05 15:46:07,493 - 	loaded 1124/2764 of the data.
F:\code\medical-data-quality-pipeline\src\load\load_to_raw.py - build - 73

[INFO:20] 2026-07-05 15:46:07,541 - 	loaded 1125/2764 of the data.
F:\code\medical-data-quality-pipeline\src\load\load_to_raw.py - build - 73

[INFO:20] 2026-07-05 15:46:07,580 - 	loaded 1126/2764 of the data.
F:\code\medical-data-quality-pipeline\src\load\load_to_raw.py - build - 73

[INFO:20] 2026-07-05 15:46:07,618 - 	loaded 1127/2764 of the data.
F:\code\medical-data-quality-pipeline\src\load\load_to_raw.py - build - 73

[INFO:20] 2026-07-05 15:46:07,661 - 	loaded 1128/2764 of the data.
F:\code\medical-data-quality-pipeline\src\load\load_to_raw.py - build - 73

[INFO:20] 2026-07-05 15:46:07,807 - 	loaded 1129/2764 of the data.
F:\code\medical-data-quality-pipeline\src\load\load_to_raw.py - build - 73

[INFO:20] 2026-07-05 15:46:07,966 - 	loaded 1130/2764 of the data.
F:\code\medical-data-quality-pipeline\src\load\load_to_raw.py - build - 73

[INFO:20] 2026-07-05 15:46:08,007 - 	loaded 1131/2764 of the data.
F:\code\medical-data-quality-pipeline\src\load\load_to_raw.py - build - 73

[INFO:20] 2026-07-05 15:46:08,038 - 	loaded 1132/2764 of the data.
F:\code\medical-data-quality-pipeline\src\load\load_to_raw.py - build - 73

[INFO:20] 2026-07-05 15:46:08,073 - 	loaded 1133/2764 of the data.
F:\code\medical-data-quality-pipeline\src\load\load_to_raw.py - build - 73

[INFO:20] 2026-07-05 15:46:08,110 - 	loaded 1134/2764 of the data.
F:\code\medical-data-quality-pipeline\src\load\load_to_raw.py - build - 73

[INFO:20] 2026-07-05 15:46:08,147 - 	loaded 1135/2764 of the data.
F:\code\medical-data-quality-pipeline\src\load\load_to_raw.py - build - 73

[INFO:20] 2026-07-05 15:46:08,311 - 	loaded 1136/2764 of the data.
F:\code\medical-data-quality-pipeline\src\load\load_to_raw.py - build - 73

[INFO:20] 2026-07-05 15:46:08,344 - 	loaded 1137/2764 of the data.
F:\code\medical-data-quality-pipeline\src\load\load_to_raw.py - build - 73

[INFO:20] 2026-07-05 15:46:08,374 - 	loaded 1138/2764 of the data.
F:\code\medical-data-quality-pipeline\src\load\load_to_raw.py - build - 73

[INFO:20] 2026-07-05 15:46:08,407 - 	loaded 1139/2764 of the data.
F:\code\medical-data-quality-pipeline\src\load\load_to_raw.py - build - 73

[INFO:20] 2026-07-05 15:46:08,439 - 	loaded 1140/2764 of the data.
F:\code\medical-data-quality-pipeline\src\load\load_to_raw.py - build - 73

[INFO:20] 2026-07-05 15:46:08,472 - 	loaded 1141/2764 of the data.
F:\code\medical-data-quality-pipeline\src\load\load_to_raw.py - build - 73

[INFO:20] 2026-07-05 15:46:08,504 - 	loaded 1142/2764 of the data.
F:\code\medical-data-quality-pipeline\src\load\load_to_raw.py - build - 73

[INFO:20] 2026-07-05 15:46:08,540 - 	loaded 1143/2764 of the data.
F:\code\medical-data-quality-pipeline\src\load\load_to_raw.py - build - 73

[INFO:20] 2026-07-05 15:46:08,579 - 	loaded 1144/2764 of the data.
F:\code\medical-data-quality-pipeline\src\load\load_to_raw.py - build - 73

[INFO:20] 2026-07-05 15:46:08,613 - 	loaded 1145/2764 of the data.
F:\code\medical-data-quality-pipeline\src\load\load_to_raw.py - build - 73

[INFO:20] 2026-07-05 15:46:08,647 - 	loaded 1146/2764 of the data.
F:\code\medical-data-quality-pipeline\src\load\load_to_raw.py - build - 73

[INFO:20] 2026-07-05 15:46:08,680 - 	loaded 1147/2764 of the data.
F:\code\medical-data-quality-pipeline\src\load\load_to_raw.py - build - 73

[INFO:20] 2026-07-05 15:46:08,713 - 	loaded 1148/2764 of the data.
F:\code\medical-data-quality-pipeline\src\load\load_to_raw.py - build - 73

[INFO:20] 2026-07-05 15:46:08,749 - 	loaded 1149/2764 of the data.
F:\code\medical-data-quality-pipeline\src\load\load_to_raw.py - build - 73

[INFO:20] 2026-07-05 15:46:08,788 - 	loaded 1150/2764 of the data.
F:\code\medical-data-quality-pipeline\src\load\load_to_raw.py - build - 73

[INFO:20] 2026-07-05 15:46:08,824 - 	loaded 1151/2764 of the data.
F:\code\medical-data-quality-pipeline\src\load\load_to_raw.py - build - 73

[INFO:20] 2026-07-05 15:46:08,870 - 	loaded 1152/2764 of the data.
F:\code\medical-data-quality-pipeline\src\load\load_to_raw.py - build - 73

[INFO:20] 2026-07-05 15:46:08,912 - 	loaded 1153/2764 of the data.
F:\code\medical-data-quality-pipeline\src\load\load_to_raw.py - build - 73

[INFO:20] 2026-07-05 15:46:08,945 - 	loaded 1154/2764 of the data.
F:\code\medical-data-quality-pipeline\src\load\load_to_raw.py - build - 73

[INFO:20] 2026-07-05 15:46:08,982 - 	loaded 1155/2764 of the data.
F:\code\medical-data-quality-pipeline\src\load\load_to_raw.py - build - 73

[INFO:20] 2026-07-05 15:46:09,023 - 	loaded 1156/2764 of the data.
F:\code\medical-data-quality-pipeline\src\load\load_to_raw.py - build - 73

[INFO:20] 2026-07-05 15:46:09,056 - 	loaded 1157/2764 of the data.
F:\code\medical-data-quality-pipeline\src\load\load_to_raw.py - build - 73

[INFO:20] 2026-07-05 15:46:09,090 - 	loaded 1158/2764 of the data.
F:\code\medical-data-quality-pipeline\src\load\load_to_raw.py - build - 73

[INFO:20] 2026-07-05 15:46:09,125 - 	loaded 1159/2764 of the data.
F:\code\medical-data-quality-pipeline\src\load\load_to_raw.py - build - 73

[INFO:20] 2026-07-05 15:46:09,266 - 	loaded 1160/2764 of the data.
F:\code\medical-data-quality-pipeline\src\load\load_to_raw.py - build - 73

[INFO:20] 2026-07-05 15:46:09,302 - 	loaded 1161/2764 of the data.
F:\code\medical-data-quality-pipeline\src\load\load_to_raw.py - build - 73

[INFO:20] 2026-07-05 15:46:09,334 - 	loaded 1162/2764 of the data.
F:\code\medical-data-quality-pipeline\src\load\load_to_raw.py - build - 73

[INFO:20] 2026-07-05 15:46:09,367 - 	loaded 1163/2764 of the data.
F:\code\medical-data-quality-pipeline\src\load\load_to_raw.py - build - 73

[INFO:20] 2026-07-05 15:46:09,401 - 	loaded 1164/2764 of the data.
F:\code\medical-data-quality-pipeline\src\load\load_to_raw.py - build - 73

[INFO:20] 2026-07-05 15:46:09,551 - 	loaded 1165/2764 of the data.
F:\code\medical-data-quality-pipeline\src\load\load_to_raw.py - build - 73

[INFO:20] 2026-07-05 15:46:09,584 - 	loaded 1166/2764 of the data.
F:\code\medical-data-quality-pipeline\src\load\load_to_raw.py - build - 73

[INFO:20] 2026-07-05 15:46:09,619 - 	loaded 1167/2764 of the data.
F:\code\medical-data-quality-pipeline\src\load\load_to_raw.py - build - 73

[INFO:20] 2026-07-05 15:46:09,652 - 	loaded 1168/2764 of the data.
F:\code\medical-data-quality-pipeline\src\load\load_to_raw.py - build - 73

[INFO:20] 2026-07-05 15:46:09,685 - 	loaded 1169/2764 of the data.
F:\code\medical-data-quality-pipeline\src\load\load_to_raw.py - build - 73

[INFO:20] 2026-07-05 15:46:09,719 - 	loaded 1170/2764 of the data.
F:\code\medical-data-quality-pipeline\src\load\load_to_raw.py - build - 73

[INFO:20] 2026-07-05 15:46:09,754 - 	loaded 1171/2764 of the data.
F:\code\medical-data-quality-pipeline\src\load\load_to_raw.py - build - 73

[INFO:20] 2026-07-05 15:46:09,792 - 	loaded 1172/2764 of the data.
F:\code\medical-data-quality-pipeline\src\load\load_to_raw.py - build - 73

[INFO:20] 2026-07-05 15:46:09,829 - 	loaded 1173/2764 of the data.
F:\code\medical-data-quality-pipeline\src\load\load_to_raw.py - build - 73

[INFO:20] 2026-07-05 15:46:09,863 - 	loaded 1174/2764 of the data.
F:\code\medical-data-quality-pipeline\src\load\load_to_raw.py - build - 73

[INFO:20] 2026-07-05 15:46:09,896 - 	loaded 1175/2764 of the data.
F:\code\medical-data-quality-pipeline\src\load\load_to_raw.py - build - 73

[INFO:20] 2026-07-05 15:46:10,049 - 	loaded 1176/2764 of the data.
F:\code\medical-data-quality-pipeline\src\load\load_to_raw.py - build - 73

[INFO:20] 2026-07-05 15:46:10,087 - 	loaded 1177/2764 of the data.
F:\code\medical-data-quality-pipeline\src\load\load_to_raw.py - build - 73

[INFO:20] 2026-07-05 15:46:10,119 - 	loaded 1178/2764 of the data.
F:\code\medical-data-quality-pipeline\src\load\load_to_raw.py - build - 73

[INFO:20] 2026-07-05 15:46:10,152 - 	loaded 1179/2764 of the data.
F:\code\medical-data-quality-pipeline\src\load\load_to_raw.py - build - 73

[INFO:20] 2026-07-05 15:46:10,183 - 	loaded 1180/2764 of the data.
F:\code\medical-data-quality-pipeline\src\load\load_to_raw.py - build - 73

[INFO:20] 2026-07-05 15:46:10,217 - 	loaded 1181/2764 of the data.
F:\code\medical-data-quality-pipeline\src\load\load_to_raw.py - build - 73

[INFO:20] 2026-07-05 15:46:10,251 - 	loaded 1182/2764 of the data.
F:\code\medical-data-quality-pipeline\src\load\load_to_raw.py - build - 73

[INFO:20] 2026-07-05 15:46:10,287 - 	loaded 1183/2764 of the data.
F:\code\medical-data-quality-pipeline\src\load\load_to_raw.py - build - 73

[INFO:20] 2026-07-05 15:46:10,450 - 	loaded 1184/2764 of the data.
F:\code\medical-data-quality-pipeline\src\load\load_to_raw.py - build - 73

[INFO:20] 2026-07-05 15:46:10,510 - 	loaded 1185/2764 of the data.
F:\code\medical-data-quality-pipeline\src\load\load_to_raw.py - build - 73

[INFO:20] 2026-07-05 15:46:10,683 - 	loaded 1186/2764 of the data.
F:\code\medical-data-quality-pipeline\src\load\load_to_raw.py - build - 73

[INFO:20] 2026-07-05 15:46:10,723 - 	loaded 1187/2764 of the data.
F:\code\medical-data-quality-pipeline\src\load\load_to_raw.py - build - 73

[INFO:20] 2026-07-05 15:46:10,756 - 	loaded 1188/2764 of the data.
F:\code\medical-data-quality-pipeline\src\load\load_to_raw.py - build - 73

[INFO:20] 2026-07-05 15:46:10,791 - 	loaded 1189/2764 of the data.
F:\code\medical-data-quality-pipeline\src\load\load_to_raw.py - build - 73

[INFO:20] 2026-07-05 15:46:10,826 - 	loaded 1190/2764 of the data.
F:\code\medical-data-quality-pipeline\src\load\load_to_raw.py - build - 73

[INFO:20] 2026-07-05 15:46:10,857 - 	loaded 1191/2764 of the data.
F:\code\medical-data-quality-pipeline\src\load\load_to_raw.py - build - 73

[INFO:20] 2026-07-05 15:46:10,889 - 	loaded 1192/2764 of the data.
F:\code\medical-data-quality-pipeline\src\load\load_to_raw.py - build - 73

[INFO:20] 2026-07-05 15:46:10,922 - 	loaded 1193/2764 of the data.
F:\code\medical-data-quality-pipeline\src\load\load_to_raw.py - build - 73

[INFO:20] 2026-07-05 15:46:10,964 - 	loaded 1194/2764 of the data.
F:\code\medical-data-quality-pipeline\src\load\load_to_raw.py - build - 73

[INFO:20] 2026-07-05 15:46:11,007 - 	loaded 1195/2764 of the data.
F:\code\medical-data-quality-pipeline\src\load\load_to_raw.py - build - 73

[INFO:20] 2026-07-05 15:46:11,039 - 	loaded 1196/2764 of the data.
F:\code\medical-data-quality-pipeline\src\load\load_to_raw.py - build - 73

[INFO:20] 2026-07-05 15:46:11,072 - 	loaded 1197/2764 of the data.
F:\code\medical-data-quality-pipeline\src\load\load_to_raw.py - build - 73

[INFO:20] 2026-07-05 15:46:11,104 - 	loaded 1198/2764 of the data.
F:\code\medical-data-quality-pipeline\src\load\load_to_raw.py - build - 73

[INFO:20] 2026-07-05 15:46:11,137 - 	loaded 1199/2764 of the data.
F:\code\medical-data-quality-pipeline\src\load\load_to_raw.py - build - 73

[INFO:20] 2026-07-05 15:46:11,172 - 	loaded 1200/2764 of the data.
F:\code\medical-data-quality-pipeline\src\load\load_to_raw.py - build - 73

[INFO:20] 2026-07-05 15:46:11,210 - 	loaded 1201/2764 of the data.
F:\code\medical-data-quality-pipeline\src\load\load_to_raw.py - build - 73

[INFO:20] 2026-07-05 15:46:11,248 - 	loaded 1202/2764 of the data.
F:\code\medical-data-quality-pipeline\src\load\load_to_raw.py - build - 73

[INFO:20] 2026-07-05 15:46:11,282 - 	loaded 1203/2764 of the data.
F:\code\medical-data-quality-pipeline\src\load\load_to_raw.py - build - 73

[INFO:20] 2026-07-05 15:46:11,316 - 	loaded 1204/2764 of the data.
F:\code\medical-data-quality-pipeline\src\load\load_to_raw.py - build - 73

[INFO:20] 2026-07-05 15:46:11,350 - 	loaded 1205/2764 of the data.
F:\code\medical-data-quality-pipeline\src\load\load_to_raw.py - build - 73

[INFO:20] 2026-07-05 15:46:11,385 - 	loaded 1206/2764 of the data.
F:\code\medical-data-quality-pipeline\src\load\load_to_raw.py - build - 73

[INFO:20] 2026-07-05 15:46:11,425 - 	loaded 1207/2764 of the data.
F:\code\medical-data-quality-pipeline\src\load\load_to_raw.py - build - 73

[INFO:20] 2026-07-05 15:46:11,579 - 	loaded 1208/2764 of the data.
F:\code\medical-data-quality-pipeline\src\load\load_to_raw.py - build - 73

[INFO:20] 2026-07-05 15:46:11,618 - 	loaded 1209/2764 of the data.
F:\code\medical-data-quality-pipeline\src\load\load_to_raw.py - build - 73

[INFO:20] 2026-07-05 15:46:11,651 - 	loaded 1210/2764 of the data.
F:\code\medical-data-quality-pipeline\src\load\load_to_raw.py - build - 73

[INFO:20] 2026-07-05 15:46:11,683 - 	loaded 1211/2764 of the data.
F:\code\medical-data-quality-pipeline\src\load\load_to_raw.py - build - 73

[INFO:20] 2026-07-05 15:46:11,716 - 	loaded 1212/2764 of the data.
F:\code\medical-data-quality-pipeline\src\load\load_to_raw.py - build - 73

[INFO:20] 2026-07-05 15:46:11,747 - 	loaded 1213/2764 of the data.
F:\code\medical-data-quality-pipeline\src\load\load_to_raw.py - build - 73

[INFO:20] 2026-07-05 15:46:11,780 - 	loaded 1214/2764 of the data.
F:\code\medical-data-quality-pipeline\src\load\load_to_raw.py - build - 73

[INFO:20] 2026-07-05 15:46:11,811 - 	loaded 1215/2764 of the data.
F:\code\medical-data-quality-pipeline\src\load\load_to_raw.py - build - 73

[INFO:20] 2026-07-05 15:46:11,847 - 	loaded 1216/2764 of the data.
F:\code\medical-data-quality-pipeline\src\load\load_to_raw.py - build - 73

[INFO:20] 2026-07-05 15:46:11,889 - 	loaded 1217/2764 of the data.
F:\code\medical-data-quality-pipeline\src\load\load_to_raw.py - build - 73

[INFO:20] 2026-07-05 15:46:11,924 - 	loaded 1218/2764 of the data.
F:\code\medical-data-quality-pipeline\src\load\load_to_raw.py - build - 73

[INFO:20] 2026-07-05 15:46:11,959 - 	loaded 1219/2764 of the data.
F:\code\medical-data-quality-pipeline\src\load\load_to_raw.py - build - 73

[INFO:20] 2026-07-05 15:46:11,993 - 	loaded 1220/2764 of the data.
F:\code\medical-data-quality-pipeline\src\load\load_to_raw.py - build - 73

[INFO:20] 2026-07-05 15:46:12,024 - 	loaded 1221/2764 of the data.
F:\code\medical-data-quality-pipeline\src\load\load_to_raw.py - build - 73

[INFO:20] 2026-07-05 15:46:12,058 - 	loaded 1222/2764 of the data.
F:\code\medical-data-quality-pipeline\src\load\load_to_raw.py - build - 73

[INFO:20] 2026-07-05 15:46:12,099 - 	loaded 1223/2764 of the data.
F:\code\medical-data-quality-pipeline\src\load\load_to_raw.py - build - 73

[INFO:20] 2026-07-05 15:46:12,136 - 	loaded 1224/2764 of the data.
F:\code\medical-data-quality-pipeline\src\load\load_to_raw.py - build - 73

[INFO:20] 2026-07-05 15:46:12,171 - 	loaded 1225/2764 of the data.
F:\code\medical-data-quality-pipeline\src\load\load_to_raw.py - build - 73

[INFO:20] 2026-07-05 15:46:12,321 - 	loaded 1226/2764 of the data.
F:\code\medical-data-quality-pipeline\src\load\load_to_raw.py - build - 73

[INFO:20] 2026-07-05 15:46:12,356 - 	loaded 1227/2764 of the data.
F:\code\medical-data-quality-pipeline\src\load\load_to_raw.py - build - 73

[INFO:20] 2026-07-05 15:46:12,387 - 	loaded 1228/2764 of the data.
F:\code\medical-data-quality-pipeline\src\load\load_to_raw.py - build - 73

[INFO:20] 2026-07-05 15:46:12,419 - 	loaded 1229/2764 of the data.
F:\code\medical-data-quality-pipeline\src\load\load_to_raw.py - build - 73

[INFO:20] 2026-07-05 15:46:12,451 - 	loaded 1230/2764 of the data.
F:\code\medical-data-quality-pipeline\src\load\load_to_raw.py - build - 73

[INFO:20] 2026-07-05 15:46:12,594 - 	loaded 1231/2764 of the data.
F:\code\medical-data-quality-pipeline\src\load\load_to_raw.py - build - 73

[INFO:20] 2026-07-05 15:46:12,626 - 	loaded 1232/2764 of the data.
F:\code\medical-data-quality-pipeline\src\load\load_to_raw.py - build - 73

[INFO:20] 2026-07-05 15:46:12,659 - 	loaded 1233/2764 of the data.
F:\code\medical-data-quality-pipeline\src\load\load_to_raw.py - build - 73

[INFO:20] 2026-07-05 15:46:12,693 - 	loaded 1234/2764 of the data.
F:\code\medical-data-quality-pipeline\src\load\load_to_raw.py - build - 73

[INFO:20] 2026-07-05 15:46:12,726 - 	loaded 1235/2764 of the data.
F:\code\medical-data-quality-pipeline\src\load\load_to_raw.py - build - 73

[INFO:20] 2026-07-05 15:46:12,758 - 	loaded 1236/2764 of the data.
F:\code\medical-data-quality-pipeline\src\load\load_to_raw.py - build - 73

[INFO:20] 2026-07-05 15:46:12,791 - 	loaded 1237/2764 of the data.
F:\code\medical-data-quality-pipeline\src\load\load_to_raw.py - build - 73

[INFO:20] 2026-07-05 15:46:12,952 - 	loaded 1238/2764 of the data.
F:\code\medical-data-quality-pipeline\src\load\load_to_raw.py - build - 73

[INFO:20] 2026-07-05 15:46:12,986 - 	loaded 1239/2764 of the data.
F:\code\medical-data-quality-pipeline\src\load\load_to_raw.py - build - 73

[INFO:20] 2026-07-05 15:46:13,135 - 	loaded 1240/2764 of the data.
F:\code\medical-data-quality-pipeline\src\load\load_to_raw.py - build - 73

[INFO:20] 2026-07-05 15:46:13,169 - 	loaded 1241/2764 of the data.
F:\code\medical-data-quality-pipeline\src\load\load_to_raw.py - build - 73

[INFO:20] 2026-07-05 15:46:13,211 - 	loaded 1242/2764 of the data.
F:\code\medical-data-quality-pipeline\src\load\load_to_raw.py - build - 73

[INFO:20] 2026-07-05 15:46:13,247 - 	loaded 1243/2764 of the data.
F:\code\medical-data-quality-pipeline\src\load\load_to_raw.py - build - 73

[INFO:20] 2026-07-05 15:46:13,281 - 	loaded 1244/2764 of the data.
F:\code\medical-data-quality-pipeline\src\load\load_to_raw.py - build - 73

[INFO:20] 2026-07-05 15:46:13,323 - 	loaded 1245/2764 of the data.
F:\code\medical-data-quality-pipeline\src\load\load_to_raw.py - build - 73

[INFO:20] 2026-07-05 15:46:13,360 - 	loaded 1246/2764 of the data.
F:\code\medical-data-quality-pipeline\src\load\load_to_raw.py - build - 73

[INFO:20] 2026-07-05 15:46:13,398 - 	loaded 1247/2764 of the data.
F:\code\medical-data-quality-pipeline\src\load\load_to_raw.py - build - 73

[INFO:20] 2026-07-05 15:46:13,438 - 	loaded 1248/2764 of the data.
F:\code\medical-data-quality-pipeline\src\load\load_to_raw.py - build - 73

[INFO:20] 2026-07-05 15:46:13,471 - 	loaded 1249/2764 of the data.
F:\code\medical-data-quality-pipeline\src\load\load_to_raw.py - build - 73

[INFO:20] 2026-07-05 15:46:13,507 - 	loaded 1250/2764 of the data.
F:\code\medical-data-quality-pipeline\src\load\load_to_raw.py - build - 73

[INFO:20] 2026-07-05 15:46:13,539 - 	loaded 1251/2764 of the data.
F:\code\medical-data-quality-pipeline\src\load\load_to_raw.py - build - 73

[INFO:20] 2026-07-05 15:46:13,577 - 	loaded 1252/2764 of the data.
F:\code\medical-data-quality-pipeline\src\load\load_to_raw.py - build - 73

[INFO:20] 2026-07-05 15:46:13,614 - 	loaded 1253/2764 of the data.
F:\code\medical-data-quality-pipeline\src\load\load_to_raw.py - build - 73

[INFO:20] 2026-07-05 15:46:13,658 - 	loaded 1254/2764 of the data.
F:\code\medical-data-quality-pipeline\src\load\load_to_raw.py - build - 73

[INFO:20] 2026-07-05 15:46:13,693 - 	loaded 1255/2764 of the data.
F:\code\medical-data-quality-pipeline\src\load\load_to_raw.py - build - 73

[INFO:20] 2026-07-05 15:46:13,726 - 	loaded 1256/2764 of the data.
F:\code\medical-data-quality-pipeline\src\load\load_to_raw.py - build - 73

[INFO:20] 2026-07-05 15:46:13,761 - 	loaded 1257/2764 of the data.
F:\code\medical-data-quality-pipeline\src\load\load_to_raw.py - build - 73

[INFO:20] 2026-07-05 15:46:13,897 - 	loaded 1258/2764 of the data.
F:\code\medical-data-quality-pipeline\src\load\load_to_raw.py - build - 73

[INFO:20] 2026-07-05 15:46:13,936 - 	loaded 1259/2764 of the data.
F:\code\medical-data-quality-pipeline\src\load\load_to_raw.py - build - 73

[INFO:20] 2026-07-05 15:46:13,969 - 	loaded 1260/2764 of the data.
F:\code\medical-data-quality-pipeline\src\load\load_to_raw.py - build - 73

[INFO:20] 2026-07-05 15:46:14,003 - 	loaded 1261/2764 of the data.
F:\code\medical-data-quality-pipeline\src\load\load_to_raw.py - build - 73

[INFO:20] 2026-07-05 15:46:14,037 - 	loaded 1262/2764 of the data.
F:\code\medical-data-quality-pipeline\src\load\load_to_raw.py - build - 73

[INFO:20] 2026-07-05 15:46:14,073 - 	loaded 1263/2764 of the data.
F:\code\medical-data-quality-pipeline\src\load\load_to_raw.py - build - 73

[INFO:20] 2026-07-05 15:46:14,107 - 	loaded 1264/2764 of the data.
F:\code\medical-data-quality-pipeline\src\load\load_to_raw.py - build - 73

[INFO:20] 2026-07-05 15:46:14,255 - 	loaded 1265/2764 of the data.
F:\code\medical-data-quality-pipeline\src\load\load_to_raw.py - build - 73

[INFO:20] 2026-07-05 15:46:14,399 - 	loaded 1266/2764 of the data.
F:\code\medical-data-quality-pipeline\src\load\load_to_raw.py - build - 73

[INFO:20] 2026-07-05 15:46:14,435 - 	loaded 1267/2764 of the data.
F:\code\medical-data-quality-pipeline\src\load\load_to_raw.py - build - 73

[INFO:20] 2026-07-05 15:46:14,582 - 	loaded 1268/2764 of the data.
F:\code\medical-data-quality-pipeline\src\load\load_to_raw.py - build - 73

[INFO:20] 2026-07-05 15:46:14,626 - 	loaded 1269/2764 of the data.
F:\code\medical-data-quality-pipeline\src\load\load_to_raw.py - build - 73

[INFO:20] 2026-07-05 15:46:14,661 - 	loaded 1270/2764 of the data.
F:\code\medical-data-quality-pipeline\src\load\load_to_raw.py - build - 73

[INFO:20] 2026-07-05 15:46:14,794 - 	loaded 1271/2764 of the data.
F:\code\medical-data-quality-pipeline\src\load\load_to_raw.py - build - 73

[INFO:20] 2026-07-05 15:46:14,842 - 	loaded 1272/2764 of the data.
F:\code\medical-data-quality-pipeline\src\load\load_to_raw.py - build - 73

[INFO:20] 2026-07-05 15:46:14,877 - 	loaded 1273/2764 of the data.
F:\code\medical-data-quality-pipeline\src\load\load_to_raw.py - build - 73

[INFO:20] 2026-07-05 15:46:14,917 - 	loaded 1274/2764 of the data.
F:\code\medical-data-quality-pipeline\src\load\load_to_raw.py - build - 73

[INFO:20] 2026-07-05 15:46:14,948 - 	loaded 1275/2764 of the data.
F:\code\medical-data-quality-pipeline\src\load\load_to_raw.py - build - 73

[INFO:20] 2026-07-05 15:46:14,982 - 	loaded 1276/2764 of the data.
F:\code\medical-data-quality-pipeline\src\load\load_to_raw.py - build - 73

[INFO:20] 2026-07-05 15:46:15,020 - 	loaded 1277/2764 of the data.
F:\code\medical-data-quality-pipeline\src\load\load_to_raw.py - build - 73

[INFO:20] 2026-07-05 15:46:15,060 - 	loaded 1278/2764 of the data.
F:\code\medical-data-quality-pipeline\src\load\load_to_raw.py - build - 73

[INFO:20] 2026-07-05 15:46:15,101 - 	loaded 1279/2764 of the data.
F:\code\medical-data-quality-pipeline\src\load\load_to_raw.py - build - 73

[INFO:20] 2026-07-05 15:46:15,136 - 	loaded 1280/2764 of the data.
F:\code\medical-data-quality-pipeline\src\load\load_to_raw.py - build - 73

[INFO:20] 2026-07-05 15:46:15,168 - 	loaded 1281/2764 of the data.
F:\code\medical-data-quality-pipeline\src\load\load_to_raw.py - build - 73

[INFO:20] 2026-07-05 15:46:15,200 - 	loaded 1282/2764 of the data.
F:\code\medical-data-quality-pipeline\src\load\load_to_raw.py - build - 73

[INFO:20] 2026-07-05 15:46:15,234 - 	loaded 1283/2764 of the data.
F:\code\medical-data-quality-pipeline\src\load\load_to_raw.py - build - 73

[INFO:20] 2026-07-05 15:46:15,267 - 	loaded 1284/2764 of the data.
F:\code\medical-data-quality-pipeline\src\load\load_to_raw.py - build - 73

[INFO:20] 2026-07-05 15:46:15,305 - 	loaded 1285/2764 of the data.
F:\code\medical-data-quality-pipeline\src\load\load_to_raw.py - build - 73

[INFO:20] 2026-07-05 15:46:15,342 - 	loaded 1286/2764 of the data.
F:\code\medical-data-quality-pipeline\src\load\load_to_raw.py - build - 73

[INFO:20] 2026-07-05 15:46:15,375 - 	loaded 1287/2764 of the data.
F:\code\medical-data-quality-pipeline\src\load\load_to_raw.py - build - 73

[INFO:20] 2026-07-05 15:46:15,407 - 	loaded 1288/2764 of the data.
F:\code\medical-data-quality-pipeline\src\load\load_to_raw.py - build - 73

[INFO:20] 2026-07-05 15:46:15,444 - 	loaded 1289/2764 of the data.
F:\code\medical-data-quality-pipeline\src\load\load_to_raw.py - build - 73

[INFO:20] 2026-07-05 15:46:15,602 - 	loaded 1290/2764 of the data.
F:\code\medical-data-quality-pipeline\src\load\load_to_raw.py - build - 73

[INFO:20] 2026-07-05 15:46:15,635 - 	loaded 1291/2764 of the data.
F:\code\medical-data-quality-pipeline\src\load\load_to_raw.py - build - 73

[INFO:20] 2026-07-05 15:46:15,669 - 	loaded 1292/2764 of the data.
F:\code\medical-data-quality-pipeline\src\load\load_to_raw.py - build - 73

[INFO:20] 2026-07-05 15:46:15,702 - 	loaded 1293/2764 of the data.
F:\code\medical-data-quality-pipeline\src\load\load_to_raw.py - build - 73

[INFO:20] 2026-07-05 15:46:15,844 - 	loaded 1294/2764 of the data.
F:\code\medical-data-quality-pipeline\src\load\load_to_raw.py - build - 73

[INFO:20] 2026-07-05 15:46:15,878 - 	loaded 1295/2764 of the data.
F:\code\medical-data-quality-pipeline\src\load\load_to_raw.py - build - 73

[INFO:20] 2026-07-05 15:46:15,912 - 	loaded 1296/2764 of the data.
F:\code\medical-data-quality-pipeline\src\load\load_to_raw.py - build - 73

[INFO:20] 2026-07-05 15:46:15,947 - 	loaded 1297/2764 of the data.
F:\code\medical-data-quality-pipeline\src\load\load_to_raw.py - build - 73

[INFO:20] 2026-07-05 15:46:16,109 - 	loaded 1298/2764 of the data.
F:\code\medical-data-quality-pipeline\src\load\load_to_raw.py - build - 73

[INFO:20] 2026-07-05 15:46:16,142 - 	loaded 1299/2764 of the data.
F:\code\medical-data-quality-pipeline\src\load\load_to_raw.py - build - 73

[INFO:20] 2026-07-05 15:46:16,175 - 	loaded 1300/2764 of the data.
F:\code\medical-data-quality-pipeline\src\load\load_to_raw.py - build - 73

[INFO:20] 2026-07-05 15:46:16,209 - 	loaded 1301/2764 of the data.
F:\code\medical-data-quality-pipeline\src\load\load_to_raw.py - build - 73

[INFO:20] 2026-07-05 15:46:16,239 - 	loaded 1302/2764 of the data.
F:\code\medical-data-quality-pipeline\src\load\load_to_raw.py - build - 73

[INFO:20] 2026-07-05 15:46:16,271 - 	loaded 1303/2764 of the data.
F:\code\medical-data-quality-pipeline\src\load\load_to_raw.py - build - 73

[INFO:20] 2026-07-05 15:46:16,304 - 	loaded 1304/2764 of the data.
F:\code\medical-data-quality-pipeline\src\load\load_to_raw.py - build - 73

[INFO:20] 2026-07-05 15:46:16,343 - 	loaded 1305/2764 of the data.
F:\code\medical-data-quality-pipeline\src\load\load_to_raw.py - build - 73

[INFO:20] 2026-07-05 15:46:16,380 - 	loaded 1306/2764 of the data.
F:\code\medical-data-quality-pipeline\src\load\load_to_raw.py - build - 73

[INFO:20] 2026-07-05 15:46:16,413 - 	loaded 1307/2764 of the data.
F:\code\medical-data-quality-pipeline\src\load\load_to_raw.py - build - 73

[INFO:20] 2026-07-05 15:46:16,446 - 	loaded 1308/2764 of the data.
F:\code\medical-data-quality-pipeline\src\load\load_to_raw.py - build - 73

[INFO:20] 2026-07-05 15:46:16,480 - 	loaded 1309/2764 of the data.
F:\code\medical-data-quality-pipeline\src\load\load_to_raw.py - build - 73

[INFO:20] 2026-07-05 15:46:16,513 - 	loaded 1310/2764 of the data.
F:\code\medical-data-quality-pipeline\src\load\load_to_raw.py - build - 73

[INFO:20] 2026-07-05 15:46:16,548 - 	loaded 1311/2764 of the data.
F:\code\medical-data-quality-pipeline\src\load\load_to_raw.py - build - 73

[INFO:20] 2026-07-05 15:46:16,588 - 	loaded 1312/2764 of the data.
F:\code\medical-data-quality-pipeline\src\load\load_to_raw.py - build - 73

[INFO:20] 2026-07-05 15:46:16,625 - 	loaded 1313/2764 of the data.
F:\code\medical-data-quality-pipeline\src\load\load_to_raw.py - build - 73

[INFO:20] 2026-07-05 15:46:16,770 - 	loaded 1314/2764 of the data.
F:\code\medical-data-quality-pipeline\src\load\load_to_raw.py - build - 73

[INFO:20] 2026-07-05 15:46:16,805 - 	loaded 1315/2764 of the data.
F:\code\medical-data-quality-pipeline\src\load\load_to_raw.py - build - 73

[INFO:20] 2026-07-05 15:46:16,836 - 	loaded 1316/2764 of the data.
F:\code\medical-data-quality-pipeline\src\load\load_to_raw.py - build - 73

[INFO:20] 2026-07-05 15:46:16,868 - 	loaded 1317/2764 of the data.
F:\code\medical-data-quality-pipeline\src\load\load_to_raw.py - build - 73

[INFO:20] 2026-07-05 15:46:16,902 - 	loaded 1318/2764 of the data.
F:\code\medical-data-quality-pipeline\src\load\load_to_raw.py - build - 73

[INFO:20] 2026-07-05 15:46:16,935 - 	loaded 1319/2764 of the data.
F:\code\medical-data-quality-pipeline\src\load\load_to_raw.py - build - 73

[INFO:20] 2026-07-05 15:46:16,966 - 	loaded 1320/2764 of the data.
F:\code\medical-data-quality-pipeline\src\load\load_to_raw.py - build - 73

[INFO:20] 2026-07-05 15:46:17,002 - 	loaded 1321/2764 of the data.
F:\code\medical-data-quality-pipeline\src\load\load_to_raw.py - build - 73

[INFO:20] 2026-07-05 15:46:17,043 - 	loaded 1322/2764 of the data.
F:\code\medical-data-quality-pipeline\src\load\load_to_raw.py - build - 73

[INFO:20] 2026-07-05 15:46:17,190 - 	loaded 1323/2764 of the data.
F:\code\medical-data-quality-pipeline\src\load\load_to_raw.py - build - 73

[INFO:20] 2026-07-05 15:46:17,222 - 	loaded 1324/2764 of the data.
F:\code\medical-data-quality-pipeline\src\load\load_to_raw.py - build - 73

[INFO:20] 2026-07-05 15:46:17,256 - 	loaded 1325/2764 of the data.
F:\code\medical-data-quality-pipeline\src\load\load_to_raw.py - build - 73

[INFO:20] 2026-07-05 15:46:17,290 - 	loaded 1326/2764 of the data.
F:\code\medical-data-quality-pipeline\src\load\load_to_raw.py - build - 73

[INFO:20] 2026-07-05 15:46:17,321 - 	loaded 1327/2764 of the data.
F:\code\medical-data-quality-pipeline\src\load\load_to_raw.py - build - 73

[INFO:20] 2026-07-05 15:46:17,352 - 	loaded 1328/2764 of the data.
F:\code\medical-data-quality-pipeline\src\load\load_to_raw.py - build - 73

[INFO:20] 2026-07-05 15:46:17,388 - 	loaded 1329/2764 of the data.
F:\code\medical-data-quality-pipeline\src\load\load_to_raw.py - build - 73

[INFO:20] 2026-07-05 15:46:17,531 - 	loaded 1330/2764 of the data.
F:\code\medical-data-quality-pipeline\src\load\load_to_raw.py - build - 73

[INFO:20] 2026-07-05 15:46:17,566 - 	loaded 1331/2764 of the data.
F:\code\medical-data-quality-pipeline\src\load\load_to_raw.py - build - 73

[INFO:20] 2026-07-05 15:46:17,702 - 	loaded 1332/2764 of the data.
F:\code\medical-data-quality-pipeline\src\load\load_to_raw.py - build - 73

[INFO:20] 2026-07-05 15:46:17,735 - 	loaded 1333/2764 of the data.
F:\code\medical-data-quality-pipeline\src\load\load_to_raw.py - build - 73

[INFO:20] 2026-07-05 15:46:17,770 - 	loaded 1334/2764 of the data.
F:\code\medical-data-quality-pipeline\src\load\load_to_raw.py - build - 73

[INFO:20] 2026-07-05 15:46:17,802 - 	loaded 1335/2764 of the data.
F:\code\medical-data-quality-pipeline\src\load\load_to_raw.py - build - 73

[INFO:20] 2026-07-05 15:46:17,837 - 	loaded 1336/2764 of the data.
F:\code\medical-data-quality-pipeline\src\load\load_to_raw.py - build - 73

[INFO:20] 2026-07-05 15:46:17,870 - 	loaded 1337/2764 of the data.
F:\code\medical-data-quality-pipeline\src\load\load_to_raw.py - build - 73

[INFO:20] 2026-07-05 15:46:17,904 - 	loaded 1338/2764 of the data.
F:\code\medical-data-quality-pipeline\src\load\load_to_raw.py - build - 73

[INFO:20] 2026-07-05 15:46:17,939 - 	loaded 1339/2764 of the data.
F:\code\medical-data-quality-pipeline\src\load\load_to_raw.py - build - 73

[INFO:20] 2026-07-05 15:46:17,978 - 	loaded 1340/2764 of the data.
F:\code\medical-data-quality-pipeline\src\load\load_to_raw.py - build - 73

[INFO:20] 2026-07-05 15:46:18,015 - 	loaded 1341/2764 of the data.
F:\code\medical-data-quality-pipeline\src\load\load_to_raw.py - build - 73

[INFO:20] 2026-07-05 15:46:18,049 - 	loaded 1342/2764 of the data.
F:\code\medical-data-quality-pipeline\src\load\load_to_raw.py - build - 73

[INFO:20] 2026-07-05 15:46:18,084 - 	loaded 1343/2764 of the data.
F:\code\medical-data-quality-pipeline\src\load\load_to_raw.py - build - 73

[INFO:20] 2026-07-05 15:46:18,118 - 	loaded 1344/2764 of the data.
F:\code\medical-data-quality-pipeline\src\load\load_to_raw.py - build - 73

[INFO:20] 2026-07-05 15:46:18,153 - 	loaded 1345/2764 of the data.
F:\code\medical-data-quality-pipeline\src\load\load_to_raw.py - build - 73

[INFO:20] 2026-07-05 15:46:18,189 - 	loaded 1346/2764 of the data.
F:\code\medical-data-quality-pipeline\src\load\load_to_raw.py - build - 73

[INFO:20] 2026-07-05 15:46:18,223 - 	loaded 1347/2764 of the data.
F:\code\medical-data-quality-pipeline\src\load\load_to_raw.py - build - 73

[INFO:20] 2026-07-05 15:46:18,256 - 	loaded 1348/2764 of the data.
F:\code\medical-data-quality-pipeline\src\load\load_to_raw.py - build - 73

[INFO:20] 2026-07-05 15:46:18,290 - 	loaded 1349/2764 of the data.
F:\code\medical-data-quality-pipeline\src\load\load_to_raw.py - build - 73

[INFO:20] 2026-07-05 15:46:18,428 - 	loaded 1350/2764 of the data.
F:\code\medical-data-quality-pipeline\src\load\load_to_raw.py - build - 73

[INFO:20] 2026-07-05 15:46:18,461 - 	loaded 1351/2764 of the data.
F:\code\medical-data-quality-pipeline\src\load\load_to_raw.py - build - 73

[INFO:20] 2026-07-05 15:46:18,631 - 	loaded 1352/2764 of the data.
F:\code\medical-data-quality-pipeline\src\load\load_to_raw.py - build - 73

[INFO:20] 2026-07-05 15:46:18,672 - 	loaded 1353/2764 of the data.
F:\code\medical-data-quality-pipeline\src\load\load_to_raw.py - build - 73

[INFO:20] 2026-07-05 15:46:18,703 - 	loaded 1354/2764 of the data.
F:\code\medical-data-quality-pipeline\src\load\load_to_raw.py - build - 73

[INFO:20] 2026-07-05 15:46:18,735 - 	loaded 1355/2764 of the data.
F:\code\medical-data-quality-pipeline\src\load\load_to_raw.py - build - 73

[INFO:20] 2026-07-05 15:46:18,768 - 	loaded 1356/2764 of the data.
F:\code\medical-data-quality-pipeline\src\load\load_to_raw.py - build - 73

[INFO:20] 2026-07-05 15:46:18,803 - 	loaded 1357/2764 of the data.
F:\code\medical-data-quality-pipeline\src\load\load_to_raw.py - build - 73

[INFO:20] 2026-07-05 15:46:18,836 - 	loaded 1358/2764 of the data.
F:\code\medical-data-quality-pipeline\src\load\load_to_raw.py - build - 73

[INFO:20] 2026-07-05 15:46:18,870 - 	loaded 1359/2764 of the data.
F:\code\medical-data-quality-pipeline\src\load\load_to_raw.py - build - 73

[INFO:20] 2026-07-05 15:46:18,905 - 	loaded 1360/2764 of the data.
F:\code\medical-data-quality-pipeline\src\load\load_to_raw.py - build - 73

[INFO:20] 2026-07-05 15:46:18,945 - 	loaded 1361/2764 of the data.
F:\code\medical-data-quality-pipeline\src\load\load_to_raw.py - build - 73

[INFO:20] 2026-07-05 15:46:18,979 - 	loaded 1362/2764 of the data.
F:\code\medical-data-quality-pipeline\src\load\load_to_raw.py - build - 73

[INFO:20] 2026-07-05 15:46:19,012 - 	loaded 1363/2764 of the data.
F:\code\medical-data-quality-pipeline\src\load\load_to_raw.py - build - 73

[INFO:20] 2026-07-05 15:46:19,044 - 	loaded 1364/2764 of the data.
F:\code\medical-data-quality-pipeline\src\load\load_to_raw.py - build - 73

[INFO:20] 2026-07-05 15:46:19,079 - 	loaded 1365/2764 of the data.
F:\code\medical-data-quality-pipeline\src\load\load_to_raw.py - build - 73

[INFO:20] 2026-07-05 15:46:19,115 - 	loaded 1366/2764 of the data.
F:\code\medical-data-quality-pipeline\src\load\load_to_raw.py - build - 73

[INFO:20] 2026-07-05 15:46:19,153 - 	loaded 1367/2764 of the data.
F:\code\medical-data-quality-pipeline\src\load\load_to_raw.py - build - 73

[INFO:20] 2026-07-05 15:46:19,187 - 	loaded 1368/2764 of the data.
F:\code\medical-data-quality-pipeline\src\load\load_to_raw.py - build - 73

[INFO:20] 2026-07-05 15:46:19,219 - 	loaded 1369/2764 of the data.
F:\code\medical-data-quality-pipeline\src\load\load_to_raw.py - build - 73

[INFO:20] 2026-07-05 15:46:19,251 - 	loaded 1370/2764 of the data.
F:\code\medical-data-quality-pipeline\src\load\load_to_raw.py - build - 73

[INFO:20] 2026-07-05 15:46:19,286 - 	loaded 1371/2764 of the data.
F:\code\medical-data-quality-pipeline\src\load\load_to_raw.py - build - 73

[INFO:20] 2026-07-05 15:46:19,319 - 	loaded 1372/2764 of the data.
F:\code\medical-data-quality-pipeline\src\load\load_to_raw.py - build - 73

[INFO:20] 2026-07-05 15:46:19,356 - 	loaded 1373/2764 of the data.
F:\code\medical-data-quality-pipeline\src\load\load_to_raw.py - build - 73

[INFO:20] 2026-07-05 15:46:19,395 - 	loaded 1374/2764 of the data.
F:\code\medical-data-quality-pipeline\src\load\load_to_raw.py - build - 73

[INFO:20] 2026-07-05 15:46:19,429 - 	loaded 1375/2764 of the data.
F:\code\medical-data-quality-pipeline\src\load\load_to_raw.py - build - 73

[INFO:20] 2026-07-05 15:46:19,463 - 	loaded 1376/2764 of the data.
F:\code\medical-data-quality-pipeline\src\load\load_to_raw.py - build - 73

[INFO:20] 2026-07-05 15:46:19,494 - 	loaded 1377/2764 of the data.
F:\code\medical-data-quality-pipeline\src\load\load_to_raw.py - build - 73

[INFO:20] 2026-07-05 15:46:19,527 - 	loaded 1378/2764 of the data.
F:\code\medical-data-quality-pipeline\src\load\load_to_raw.py - build - 73

[INFO:20] 2026-07-05 15:46:19,674 - 	loaded 1379/2764 of the data.
F:\code\medical-data-quality-pipeline\src\load\load_to_raw.py - build - 73

[INFO:20] 2026-07-05 15:46:19,706 - 	loaded 1380/2764 of the data.
F:\code\medical-data-quality-pipeline\src\load\load_to_raw.py - build - 73

[INFO:20] 2026-07-05 15:46:19,738 - 	loaded 1381/2764 of the data.
F:\code\medical-data-quality-pipeline\src\load\load_to_raw.py - build - 73

[INFO:20] 2026-07-05 15:46:19,775 - 	loaded 1382/2764 of the data.
F:\code\medical-data-quality-pipeline\src\load\load_to_raw.py - build - 73

[INFO:20] 2026-07-05 15:46:19,807 - 	loaded 1383/2764 of the data.
F:\code\medical-data-quality-pipeline\src\load\load_to_raw.py - build - 73

[INFO:20] 2026-07-05 15:46:19,846 - 	loaded 1384/2764 of the data.
F:\code\medical-data-quality-pipeline\src\load\load_to_raw.py - build - 73

[INFO:20] 2026-07-05 15:46:19,882 - 	loaded 1385/2764 of the data.
F:\code\medical-data-quality-pipeline\src\load\load_to_raw.py - build - 73

[INFO:20] 2026-07-05 15:46:19,923 - 	loaded 1386/2764 of the data.
F:\code\medical-data-quality-pipeline\src\load\load_to_raw.py - build - 73

[INFO:20] 2026-07-05 15:46:19,958 - 	loaded 1387/2764 of the data.
F:\code\medical-data-quality-pipeline\src\load\load_to_raw.py - build - 73

[INFO:20] 2026-07-05 15:46:19,993 - 	loaded 1388/2764 of the data.
F:\code\medical-data-quality-pipeline\src\load\load_to_raw.py - build - 73

[INFO:20] 2026-07-05 15:46:20,027 - 	loaded 1389/2764 of the data.
F:\code\medical-data-quality-pipeline\src\load\load_to_raw.py - build - 73

[INFO:20] 2026-07-05 15:46:20,062 - 	loaded 1390/2764 of the data.
F:\code\medical-data-quality-pipeline\src\load\load_to_raw.py - build - 73

[INFO:20] 2026-07-05 15:46:20,096 - 	loaded 1391/2764 of the data.
F:\code\medical-data-quality-pipeline\src\load\load_to_raw.py - build - 73

[INFO:20] 2026-07-05 15:46:20,140 - 	loaded 1392/2764 of the data.
F:\code\medical-data-quality-pipeline\src\load\load_to_raw.py - build - 73

[INFO:20] 2026-07-05 15:46:20,173 - 	loaded 1393/2764 of the data.
F:\code\medical-data-quality-pipeline\src\load\load_to_raw.py - build - 73

[INFO:20] 2026-07-05 15:46:20,208 - 	loaded 1394/2764 of the data.
F:\code\medical-data-quality-pipeline\src\load\load_to_raw.py - build - 73

[INFO:20] 2026-07-05 15:46:20,242 - 	loaded 1395/2764 of the data.
F:\code\medical-data-quality-pipeline\src\load\load_to_raw.py - build - 73

[INFO:20] 2026-07-05 15:46:20,276 - 	loaded 1396/2764 of the data.
F:\code\medical-data-quality-pipeline\src\load\load_to_raw.py - build - 73

[INFO:20] 2026-07-05 15:46:20,310 - 	loaded 1397/2764 of the data.
F:\code\medical-data-quality-pipeline\src\load\load_to_raw.py - build - 73

[INFO:20] 2026-07-05 15:46:20,351 - 	loaded 1398/2764 of the data.
F:\code\medical-data-quality-pipeline\src\load\load_to_raw.py - build - 73

[INFO:20] 2026-07-05 15:46:20,386 - 	loaded 1399/2764 of the data.
F:\code\medical-data-quality-pipeline\src\load\load_to_raw.py - build - 73

[INFO:20] 2026-07-05 15:46:20,419 - 	loaded 1400/2764 of the data.
F:\code\medical-data-quality-pipeline\src\load\load_to_raw.py - build - 73

[INFO:20] 2026-07-05 15:46:20,455 - 	loaded 1401/2764 of the data.
F:\code\medical-data-quality-pipeline\src\load\load_to_raw.py - build - 73

[INFO:20] 2026-07-05 15:46:20,490 - 	loaded 1402/2764 of the data.
F:\code\medical-data-quality-pipeline\src\load\load_to_raw.py - build - 73

[INFO:20] 2026-07-05 15:46:20,634 - 	loaded 1403/2764 of the data.
F:\code\medical-data-quality-pipeline\src\load\load_to_raw.py - build - 73

[INFO:20] 2026-07-05 15:46:20,668 - 	loaded 1404/2764 of the data.
F:\code\medical-data-quality-pipeline\src\load\load_to_raw.py - build - 73

[INFO:20] 2026-07-05 15:46:20,702 - 	loaded 1405/2764 of the data.
F:\code\medical-data-quality-pipeline\src\load\load_to_raw.py - build - 73

[INFO:20] 2026-07-05 15:46:20,736 - 	loaded 1406/2764 of the data.
F:\code\medical-data-quality-pipeline\src\load\load_to_raw.py - build - 73

[INFO:20] 2026-07-05 15:46:20,771 - 	loaded 1407/2764 of the data.
F:\code\medical-data-quality-pipeline\src\load\load_to_raw.py - build - 73

[INFO:20] 2026-07-05 15:46:20,912 - 	loaded 1408/2764 of the data.
F:\code\medical-data-quality-pipeline\src\load\load_to_raw.py - build - 73

[INFO:20] 2026-07-05 15:46:20,946 - 	loaded 1409/2764 of the data.
F:\code\medical-data-quality-pipeline\src\load\load_to_raw.py - build - 73

[INFO:20] 2026-07-05 15:46:20,980 - 	loaded 1410/2764 of the data.
F:\code\medical-data-quality-pipeline\src\load\load_to_raw.py - build - 73

[INFO:20] 2026-07-05 15:46:21,015 - 	loaded 1411/2764 of the data.
F:\code\medical-data-quality-pipeline\src\load\load_to_raw.py - build - 73

[INFO:20] 2026-07-05 15:46:21,048 - 	loaded 1412/2764 of the data.
F:\code\medical-data-quality-pipeline\src\load\load_to_raw.py - build - 73

[INFO:20] 2026-07-05 15:46:21,080 - 	loaded 1413/2764 of the data.
F:\code\medical-data-quality-pipeline\src\load\load_to_raw.py - build - 73

[INFO:20] 2026-07-05 15:46:21,115 - 	loaded 1414/2764 of the data.
F:\code\medical-data-quality-pipeline\src\load\load_to_raw.py - build - 73

[INFO:20] 2026-07-05 15:46:21,154 - 	loaded 1415/2764 of the data.
F:\code\medical-data-quality-pipeline\src\load\load_to_raw.py - build - 73

[INFO:20] 2026-07-05 15:46:21,192 - 	loaded 1416/2764 of the data.
F:\code\medical-data-quality-pipeline\src\load\load_to_raw.py - build - 73

[INFO:20] 2026-07-05 15:46:21,225 - 	loaded 1417/2764 of the data.
F:\code\medical-data-quality-pipeline\src\load\load_to_raw.py - build - 73

[INFO:20] 2026-07-05 15:46:21,258 - 	loaded 1418/2764 of the data.
F:\code\medical-data-quality-pipeline\src\load\load_to_raw.py - build - 73

[INFO:20] 2026-07-05 15:46:21,292 - 	loaded 1419/2764 of the data.
F:\code\medical-data-quality-pipeline\src\load\load_to_raw.py - build - 73

[INFO:20] 2026-07-05 15:46:21,326 - 	loaded 1420/2764 of the data.
F:\code\medical-data-quality-pipeline\src\load\load_to_raw.py - build - 73

[INFO:20] 2026-07-05 15:46:21,364 - 	loaded 1421/2764 of the data.
F:\code\medical-data-quality-pipeline\src\load\load_to_raw.py - build - 73

[INFO:20] 2026-07-05 15:46:21,400 - 	loaded 1422/2764 of the data.
F:\code\medical-data-quality-pipeline\src\load\load_to_raw.py - build - 73

[INFO:20] 2026-07-05 15:46:21,436 - 	loaded 1423/2764 of the data.
F:\code\medical-data-quality-pipeline\src\load\load_to_raw.py - build - 73

[INFO:20] 2026-07-05 15:46:21,469 - 	loaded 1424/2764 of the data.
F:\code\medical-data-quality-pipeline\src\load\load_to_raw.py - build - 73

[INFO:20] 2026-07-05 15:46:21,503 - 	loaded 1425/2764 of the data.
F:\code\medical-data-quality-pipeline\src\load\load_to_raw.py - build - 73

[INFO:20] 2026-07-05 15:46:21,540 - 	loaded 1426/2764 of the data.
F:\code\medical-data-quality-pipeline\src\load\load_to_raw.py - build - 73

[INFO:20] 2026-07-05 15:46:21,579 - 	loaded 1427/2764 of the data.
F:\code\medical-data-quality-pipeline\src\load\load_to_raw.py - build - 73

[INFO:20] 2026-07-05 15:46:21,615 - 	loaded 1428/2764 of the data.
F:\code\medical-data-quality-pipeline\src\load\load_to_raw.py - build - 73

[INFO:20] 2026-07-05 15:46:21,650 - 	loaded 1429/2764 of the data.
F:\code\medical-data-quality-pipeline\src\load\load_to_raw.py - build - 73

[INFO:20] 2026-07-05 15:46:21,685 - 	loaded 1430/2764 of the data.
F:\code\medical-data-quality-pipeline\src\load\load_to_raw.py - build - 73

[INFO:20] 2026-07-05 15:46:21,719 - 	loaded 1431/2764 of the data.
F:\code\medical-data-quality-pipeline\src\load\load_to_raw.py - build - 73

[INFO:20] 2026-07-05 15:46:21,756 - 	loaded 1432/2764 of the data.
F:\code\medical-data-quality-pipeline\src\load\load_to_raw.py - build - 73

[INFO:20] 2026-07-05 15:46:21,796 - 	loaded 1433/2764 of the data.
F:\code\medical-data-quality-pipeline\src\load\load_to_raw.py - build - 73

[INFO:20] 2026-07-05 15:46:21,831 - 	loaded 1434/2764 of the data.
F:\code\medical-data-quality-pipeline\src\load\load_to_raw.py - build - 73

[INFO:20] 2026-07-05 15:46:21,866 - 	loaded 1435/2764 of the data.
F:\code\medical-data-quality-pipeline\src\load\load_to_raw.py - build - 73

[INFO:20] 2026-07-05 15:46:21,903 - 	loaded 1436/2764 of the data.
F:\code\medical-data-quality-pipeline\src\load\load_to_raw.py - build - 73

[INFO:20] 2026-07-05 15:46:21,936 - 	loaded 1437/2764 of the data.
F:\code\medical-data-quality-pipeline\src\load\load_to_raw.py - build - 73

[INFO:20] 2026-07-05 15:46:21,970 - 	loaded 1438/2764 of the data.
F:\code\medical-data-quality-pipeline\src\load\load_to_raw.py - build - 73

[INFO:20] 2026-07-05 15:46:22,009 - 	loaded 1439/2764 of the data.
F:\code\medical-data-quality-pipeline\src\load\load_to_raw.py - build - 73

[INFO:20] 2026-07-05 15:46:22,045 - 	loaded 1440/2764 of the data.
F:\code\medical-data-quality-pipeline\src\load\load_to_raw.py - build - 73

[INFO:20] 2026-07-05 15:46:22,079 - 	loaded 1441/2764 of the data.
F:\code\medical-data-quality-pipeline\src\load\load_to_raw.py - build - 73

[INFO:20] 2026-07-05 15:46:22,112 - 	loaded 1442/2764 of the data.
F:\code\medical-data-quality-pipeline\src\load\load_to_raw.py - build - 73

[INFO:20] 2026-07-05 15:46:22,148 - 	loaded 1443/2764 of the data.
F:\code\medical-data-quality-pipeline\src\load\load_to_raw.py - build - 73

[INFO:20] 2026-07-05 15:46:22,180 - 	loaded 1444/2764 of the data.
F:\code\medical-data-quality-pipeline\src\load\load_to_raw.py - build - 73

[INFO:20] 2026-07-05 15:46:22,219 - 	loaded 1445/2764 of the data.
F:\code\medical-data-quality-pipeline\src\load\load_to_raw.py - build - 73

[INFO:20] 2026-07-05 15:46:22,254 - 	loaded 1446/2764 of the data.
F:\code\medical-data-quality-pipeline\src\load\load_to_raw.py - build - 73

[INFO:20] 2026-07-05 15:46:22,287 - 	loaded 1447/2764 of the data.
F:\code\medical-data-quality-pipeline\src\load\load_to_raw.py - build - 73

[INFO:20] 2026-07-05 15:46:22,322 - 	loaded 1448/2764 of the data.
F:\code\medical-data-quality-pipeline\src\load\load_to_raw.py - build - 73

[INFO:20] 2026-07-05 15:46:22,356 - 	loaded 1449/2764 of the data.
F:\code\medical-data-quality-pipeline\src\load\load_to_raw.py - build - 73

[INFO:20] 2026-07-05 15:46:22,389 - 	loaded 1450/2764 of the data.
F:\code\medical-data-quality-pipeline\src\load\load_to_raw.py - build - 73

[INFO:20] 2026-07-05 15:46:22,427 - 	loaded 1451/2764 of the data.
F:\code\medical-data-quality-pipeline\src\load\load_to_raw.py - build - 73

[INFO:20] 2026-07-05 15:46:22,462 - 	loaded 1452/2764 of the data.
F:\code\medical-data-quality-pipeline\src\load\load_to_raw.py - build - 73

[INFO:20] 2026-07-05 15:46:22,496 - 	loaded 1453/2764 of the data.
F:\code\medical-data-quality-pipeline\src\load\load_to_raw.py - build - 73

[INFO:20] 2026-07-05 15:46:22,532 - 	loaded 1454/2764 of the data.
F:\code\medical-data-quality-pipeline\src\load\load_to_raw.py - build - 73

[INFO:20] 2026-07-05 15:46:22,573 - 	loaded 1455/2764 of the data.
F:\code\medical-data-quality-pipeline\src\load\load_to_raw.py - build - 73

[INFO:20] 2026-07-05 15:46:22,618 - 	loaded 1456/2764 of the data.
F:\code\medical-data-quality-pipeline\src\load\load_to_raw.py - build - 73

[INFO:20] 2026-07-05 15:46:22,659 - 	loaded 1457/2764 of the data.
F:\code\medical-data-quality-pipeline\src\load\load_to_raw.py - build - 73

[INFO:20] 2026-07-05 15:46:22,690 - 	loaded 1458/2764 of the data.
F:\code\medical-data-quality-pipeline\src\load\load_to_raw.py - build - 73

[INFO:20] 2026-07-05 15:46:22,725 - 	loaded 1459/2764 of the data.
F:\code\medical-data-quality-pipeline\src\load\load_to_raw.py - build - 73

[INFO:20] 2026-07-05 15:46:22,759 - 	loaded 1460/2764 of the data.
F:\code\medical-data-quality-pipeline\src\load\load_to_raw.py - build - 73

[INFO:20] 2026-07-05 15:46:22,792 - 	loaded 1461/2764 of the data.
F:\code\medical-data-quality-pipeline\src\load\load_to_raw.py - build - 73

[INFO:20] 2026-07-05 15:46:22,826 - 	loaded 1462/2764 of the data.
F:\code\medical-data-quality-pipeline\src\load\load_to_raw.py - build - 73

[INFO:20] 2026-07-05 15:46:22,864 - 	loaded 1463/2764 of the data.
F:\code\medical-data-quality-pipeline\src\load\load_to_raw.py - build - 73

[INFO:20] 2026-07-05 15:46:23,015 - 	loaded 1464/2764 of the data.
F:\code\medical-data-quality-pipeline\src\load\load_to_raw.py - build - 73

[INFO:20] 2026-07-05 15:46:23,054 - 	loaded 1465/2764 of the data.
F:\code\medical-data-quality-pipeline\src\load\load_to_raw.py - build - 73

[INFO:20] 2026-07-05 15:46:23,088 - 	loaded 1466/2764 of the data.
F:\code\medical-data-quality-pipeline\src\load\load_to_raw.py - build - 73

[INFO:20] 2026-07-05 15:46:23,120 - 	loaded 1467/2764 of the data.
F:\code\medical-data-quality-pipeline\src\load\load_to_raw.py - build - 73

[INFO:20] 2026-07-05 15:46:23,158 - 	loaded 1468/2764 of the data.
F:\code\medical-data-quality-pipeline\src\load\load_to_raw.py - build - 73

[INFO:20] 2026-07-05 15:46:23,190 - 	loaded 1469/2764 of the data.
F:\code\medical-data-quality-pipeline\src\load\load_to_raw.py - build - 73

[INFO:20] 2026-07-05 15:46:23,223 - 	loaded 1470/2764 of the data.
F:\code\medical-data-quality-pipeline\src\load\load_to_raw.py - build - 73

[INFO:20] 2026-07-05 15:46:23,254 - 	loaded 1471/2764 of the data.
F:\code\medical-data-quality-pipeline\src\load\load_to_raw.py - build - 73

[INFO:20] 2026-07-05 15:46:23,291 - 	loaded 1472/2764 of the data.
F:\code\medical-data-quality-pipeline\src\load\load_to_raw.py - build - 73

[INFO:20] 2026-07-05 15:46:23,328 - 	loaded 1473/2764 of the data.
F:\code\medical-data-quality-pipeline\src\load\load_to_raw.py - build - 73

[INFO:20] 2026-07-05 15:46:23,361 - 	loaded 1474/2764 of the data.
F:\code\medical-data-quality-pipeline\src\load\load_to_raw.py - build - 73

[INFO:20] 2026-07-05 15:46:23,392 - 	loaded 1475/2764 of the data.
F:\code\medical-data-quality-pipeline\src\load\load_to_raw.py - build - 73

[INFO:20] 2026-07-05 15:46:23,427 - 	loaded 1476/2764 of the data.
F:\code\medical-data-quality-pipeline\src\load\load_to_raw.py - build - 73

[INFO:20] 2026-07-05 15:46:23,460 - 	loaded 1477/2764 of the data.
F:\code\medical-data-quality-pipeline\src\load\load_to_raw.py - build - 73

[INFO:20] 2026-07-05 15:46:23,501 - 	loaded 1478/2764 of the data.
F:\code\medical-data-quality-pipeline\src\load\load_to_raw.py - build - 73

[INFO:20] 2026-07-05 15:46:23,539 - 	loaded 1479/2764 of the data.
F:\code\medical-data-quality-pipeline\src\load\load_to_raw.py - build - 73

[INFO:20] 2026-07-05 15:46:23,571 - 	loaded 1480/2764 of the data.
F:\code\medical-data-quality-pipeline\src\load\load_to_raw.py - build - 73

[INFO:20] 2026-07-05 15:46:23,606 - 	loaded 1481/2764 of the data.
F:\code\medical-data-quality-pipeline\src\load\load_to_raw.py - build - 73

[INFO:20] 2026-07-05 15:46:23,641 - 	loaded 1482/2764 of the data.
F:\code\medical-data-quality-pipeline\src\load\load_to_raw.py - build - 73

[INFO:20] 2026-07-05 15:46:23,678 - 	loaded 1483/2764 of the data.
F:\code\medical-data-quality-pipeline\src\load\load_to_raw.py - build - 73

[INFO:20] 2026-07-05 15:46:23,716 - 	loaded 1484/2764 of the data.
F:\code\medical-data-quality-pipeline\src\load\load_to_raw.py - build - 73

[INFO:20] 2026-07-05 15:46:23,750 - 	loaded 1485/2764 of the data.
F:\code\medical-data-quality-pipeline\src\load\load_to_raw.py - build - 73

[INFO:20] 2026-07-05 15:46:23,892 - 	loaded 1486/2764 of the data.
F:\code\medical-data-quality-pipeline\src\load\load_to_raw.py - build - 73

[INFO:20] 2026-07-05 15:46:23,929 - 	loaded 1487/2764 of the data.
F:\code\medical-data-quality-pipeline\src\load\load_to_raw.py - build - 73

[INFO:20] 2026-07-05 15:46:23,964 - 	loaded 1488/2764 of the data.
F:\code\medical-data-quality-pipeline\src\load\load_to_raw.py - build - 73

[INFO:20] 2026-07-05 15:46:24,001 - 	loaded 1489/2764 of the data.
F:\code\medical-data-quality-pipeline\src\load\load_to_raw.py - build - 73

[INFO:20] 2026-07-05 15:46:24,037 - 	loaded 1490/2764 of the data.
F:\code\medical-data-quality-pipeline\src\load\load_to_raw.py - build - 73

[INFO:20] 2026-07-05 15:46:24,168 - 	loaded 1491/2764 of the data.
F:\code\medical-data-quality-pipeline\src\load\load_to_raw.py - build - 73

[INFO:20] 2026-07-05 15:46:24,199 - 	loaded 1492/2764 of the data.
F:\code\medical-data-quality-pipeline\src\load\load_to_raw.py - build - 73

[INFO:20] 2026-07-05 15:46:24,232 - 	loaded 1493/2764 of the data.
F:\code\medical-data-quality-pipeline\src\load\load_to_raw.py - build - 73

[INFO:20] 2026-07-05 15:46:24,269 - 	loaded 1494/2764 of the data.
F:\code\medical-data-quality-pipeline\src\load\load_to_raw.py - build - 73

[INFO:20] 2026-07-05 15:46:24,303 - 	loaded 1495/2764 of the data.
F:\code\medical-data-quality-pipeline\src\load\load_to_raw.py - build - 73

[INFO:20] 2026-07-05 15:46:24,337 - 	loaded 1496/2764 of the data.
F:\code\medical-data-quality-pipeline\src\load\load_to_raw.py - build - 73

[INFO:20] 2026-07-05 15:46:24,376 - 	loaded 1497/2764 of the data.
F:\code\medical-data-quality-pipeline\src\load\load_to_raw.py - build - 73

[INFO:20] 2026-07-05 15:46:24,412 - 	loaded 1498/2764 of the data.
F:\code\medical-data-quality-pipeline\src\load\load_to_raw.py - build - 73

[INFO:20] 2026-07-05 15:46:24,451 - 	loaded 1499/2764 of the data.
F:\code\medical-data-quality-pipeline\src\load\load_to_raw.py - build - 73

[INFO:20] 2026-07-05 15:46:24,489 - 	loaded 1500/2764 of the data.
F:\code\medical-data-quality-pipeline\src\load\load_to_raw.py - build - 73

[INFO:20] 2026-07-05 15:46:24,522 - 	loaded 1501/2764 of the data.
F:\code\medical-data-quality-pipeline\src\load\load_to_raw.py - build - 73

[INFO:20] 2026-07-05 15:46:24,555 - 	loaded 1502/2764 of the data.
F:\code\medical-data-quality-pipeline\src\load\load_to_raw.py - build - 73

[INFO:20] 2026-07-05 15:46:24,593 - 	loaded 1503/2764 of the data.
F:\code\medical-data-quality-pipeline\src\load\load_to_raw.py - build - 73

[INFO:20] 2026-07-05 15:46:24,636 - 	loaded 1504/2764 of the data.
F:\code\medical-data-quality-pipeline\src\load\load_to_raw.py - build - 73

[INFO:20] 2026-07-05 15:46:24,672 - 	loaded 1505/2764 of the data.
F:\code\medical-data-quality-pipeline\src\load\load_to_raw.py - build - 73

[INFO:20] 2026-07-05 15:46:24,704 - 	loaded 1506/2764 of the data.
F:\code\medical-data-quality-pipeline\src\load\load_to_raw.py - build - 73

[INFO:20] 2026-07-05 15:46:24,737 - 	loaded 1507/2764 of the data.
F:\code\medical-data-quality-pipeline\src\load\load_to_raw.py - build - 73

[INFO:20] 2026-07-05 15:46:24,771 - 	loaded 1508/2764 of the data.
F:\code\medical-data-quality-pipeline\src\load\load_to_raw.py - build - 73

[INFO:20] 2026-07-05 15:46:24,805 - 	loaded 1509/2764 of the data.
F:\code\medical-data-quality-pipeline\src\load\load_to_raw.py - build - 73

[INFO:20] 2026-07-05 15:46:24,846 - 	loaded 1510/2764 of the data.
F:\code\medical-data-quality-pipeline\src\load\load_to_raw.py - build - 73

[INFO:20] 2026-07-05 15:46:24,882 - 	loaded 1511/2764 of the data.
F:\code\medical-data-quality-pipeline\src\load\load_to_raw.py - build - 73

[INFO:20] 2026-07-05 15:46:24,917 - 	loaded 1512/2764 of the data.
F:\code\medical-data-quality-pipeline\src\load\load_to_raw.py - build - 73

[INFO:20] 2026-07-05 15:46:24,952 - 	loaded 1513/2764 of the data.
F:\code\medical-data-quality-pipeline\src\load\load_to_raw.py - build - 73

[INFO:20] 2026-07-05 15:46:24,984 - 	loaded 1514/2764 of the data.
F:\code\medical-data-quality-pipeline\src\load\load_to_raw.py - build - 73

[INFO:20] 2026-07-05 15:46:25,018 - 	loaded 1515/2764 of the data.
F:\code\medical-data-quality-pipeline\src\load\load_to_raw.py - build - 73

[INFO:20] 2026-07-05 15:46:25,057 - 	loaded 1516/2764 of the data.
F:\code\medical-data-quality-pipeline\src\load\load_to_raw.py - build - 73

[INFO:20] 2026-07-05 15:46:25,094 - 	loaded 1517/2764 of the data.
F:\code\medical-data-quality-pipeline\src\load\load_to_raw.py - build - 73

[INFO:20] 2026-07-05 15:46:25,128 - 	loaded 1518/2764 of the data.
F:\code\medical-data-quality-pipeline\src\load\load_to_raw.py - build - 73

[INFO:20] 2026-07-05 15:46:25,162 - 	loaded 1519/2764 of the data.
F:\code\medical-data-quality-pipeline\src\load\load_to_raw.py - build - 73

[INFO:20] 2026-07-05 15:46:25,197 - 	loaded 1520/2764 of the data.
F:\code\medical-data-quality-pipeline\src\load\load_to_raw.py - build - 73

[INFO:20] 2026-07-05 15:46:25,231 - 	loaded 1521/2764 of the data.
F:\code\medical-data-quality-pipeline\src\load\load_to_raw.py - build - 73

[INFO:20] 2026-07-05 15:46:25,269 - 	loaded 1522/2764 of the data.
F:\code\medical-data-quality-pipeline\src\load\load_to_raw.py - build - 73

[INFO:20] 2026-07-05 15:46:25,302 - 	loaded 1523/2764 of the data.
F:\code\medical-data-quality-pipeline\src\load\load_to_raw.py - build - 73

[INFO:20] 2026-07-05 15:46:25,334 - 	loaded 1524/2764 of the data.
F:\code\medical-data-quality-pipeline\src\load\load_to_raw.py - build - 73

[INFO:20] 2026-07-05 15:46:25,367 - 	loaded 1525/2764 of the data.
F:\code\medical-data-quality-pipeline\src\load\load_to_raw.py - build - 73

[INFO:20] 2026-07-05 15:46:25,400 - 	loaded 1526/2764 of the data.
F:\code\medical-data-quality-pipeline\src\load\load_to_raw.py - build - 73

[INFO:20] 2026-07-05 15:46:25,433 - 	loaded 1527/2764 of the data.
F:\code\medical-data-quality-pipeline\src\load\load_to_raw.py - build - 73

[INFO:20] 2026-07-05 15:46:25,473 - 	loaded 1528/2764 of the data.
F:\code\medical-data-quality-pipeline\src\load\load_to_raw.py - build - 73

[INFO:20] 2026-07-05 15:46:25,511 - 	loaded 1529/2764 of the data.
F:\code\medical-data-quality-pipeline\src\load\load_to_raw.py - build - 73

[INFO:20] 2026-07-05 15:46:25,544 - 	loaded 1530/2764 of the data.
F:\code\medical-data-quality-pipeline\src\load\load_to_raw.py - build - 73

[INFO:20] 2026-07-05 15:46:25,578 - 	loaded 1531/2764 of the data.
F:\code\medical-data-quality-pipeline\src\load\load_to_raw.py - build - 73

[INFO:20] 2026-07-05 15:46:25,613 - 	loaded 1532/2764 of the data.
F:\code\medical-data-quality-pipeline\src\load\load_to_raw.py - build - 73

[INFO:20] 2026-07-05 15:46:25,647 - 	loaded 1533/2764 of the data.
F:\code\medical-data-quality-pipeline\src\load\load_to_raw.py - build - 73

[INFO:20] 2026-07-05 15:46:25,687 - 	loaded 1534/2764 of the data.
F:\code\medical-data-quality-pipeline\src\load\load_to_raw.py - build - 73

[INFO:20] 2026-07-05 15:46:25,720 - 	loaded 1535/2764 of the data.
F:\code\medical-data-quality-pipeline\src\load\load_to_raw.py - build - 73

[INFO:20] 2026-07-05 15:46:25,751 - 	loaded 1536/2764 of the data.
F:\code\medical-data-quality-pipeline\src\load\load_to_raw.py - build - 73

[INFO:20] 2026-07-05 15:46:25,902 - 	loaded 1537/2764 of the data.
F:\code\medical-data-quality-pipeline\src\load\load_to_raw.py - build - 73

[INFO:20] 2026-07-05 15:46:25,937 - 	loaded 1538/2764 of the data.
F:\code\medical-data-quality-pipeline\src\load\load_to_raw.py - build - 73

[INFO:20] 2026-07-05 15:46:25,969 - 	loaded 1539/2764 of the data.
F:\code\medical-data-quality-pipeline\src\load\load_to_raw.py - build - 73

[INFO:20] 2026-07-05 15:46:26,001 - 	loaded 1540/2764 of the data.
F:\code\medical-data-quality-pipeline\src\load\load_to_raw.py - build - 73

[INFO:20] 2026-07-05 15:46:26,033 - 	loaded 1541/2764 of the data.
F:\code\medical-data-quality-pipeline\src\load\load_to_raw.py - build - 73

[INFO:20] 2026-07-05 15:46:26,066 - 	loaded 1542/2764 of the data.
F:\code\medical-data-quality-pipeline\src\load\load_to_raw.py - build - 73

[INFO:20] 2026-07-05 15:46:26,099 - 	loaded 1543/2764 of the data.
F:\code\medical-data-quality-pipeline\src\load\load_to_raw.py - build - 73

[INFO:20] 2026-07-05 15:46:26,136 - 	loaded 1544/2764 of the data.
F:\code\medical-data-quality-pipeline\src\load\load_to_raw.py - build - 73

[INFO:20] 2026-07-05 15:46:26,175 - 	loaded 1545/2764 of the data.
F:\code\medical-data-quality-pipeline\src\load\load_to_raw.py - build - 73

[INFO:20] 2026-07-05 15:46:26,209 - 	loaded 1546/2764 of the data.
F:\code\medical-data-quality-pipeline\src\load\load_to_raw.py - build - 73

[INFO:20] 2026-07-05 15:46:26,242 - 	loaded 1547/2764 of the data.
F:\code\medical-data-quality-pipeline\src\load\load_to_raw.py - build - 73

[INFO:20] 2026-07-05 15:46:26,275 - 	loaded 1548/2764 of the data.
F:\code\medical-data-quality-pipeline\src\load\load_to_raw.py - build - 73

[INFO:20] 2026-07-05 15:46:26,410 - 	loaded 1549/2764 of the data.
F:\code\medical-data-quality-pipeline\src\load\load_to_raw.py - build - 73

[INFO:20] 2026-07-05 15:46:26,444 - 	loaded 1550/2764 of the data.
F:\code\medical-data-quality-pipeline\src\load\load_to_raw.py - build - 73

[INFO:20] 2026-07-05 15:46:26,478 - 	loaded 1551/2764 of the data.
F:\code\medical-data-quality-pipeline\src\load\load_to_raw.py - build - 73

[INFO:20] 2026-07-05 15:46:26,612 - 	loaded 1552/2764 of the data.
F:\code\medical-data-quality-pipeline\src\load\load_to_raw.py - build - 73

[INFO:20] 2026-07-05 15:46:26,659 - 	loaded 1553/2764 of the data.
F:\code\medical-data-quality-pipeline\src\load\load_to_raw.py - build - 73

[INFO:20] 2026-07-05 15:46:26,694 - 	loaded 1554/2764 of the data.
F:\code\medical-data-quality-pipeline\src\load\load_to_raw.py - build - 73

[INFO:20] 2026-07-05 15:46:26,834 - 	loaded 1555/2764 of the data.
F:\code\medical-data-quality-pipeline\src\load\load_to_raw.py - build - 73

[INFO:20] 2026-07-05 15:46:26,874 - 	loaded 1556/2764 of the data.
F:\code\medical-data-quality-pipeline\src\load\load_to_raw.py - build - 73

[INFO:20] 2026-07-05 15:46:26,908 - 	loaded 1557/2764 of the data.
F:\code\medical-data-quality-pipeline\src\load\load_to_raw.py - build - 73

[INFO:20] 2026-07-05 15:46:26,942 - 	loaded 1558/2764 of the data.
F:\code\medical-data-quality-pipeline\src\load\load_to_raw.py - build - 73

[INFO:20] 2026-07-05 15:46:26,974 - 	loaded 1559/2764 of the data.
F:\code\medical-data-quality-pipeline\src\load\load_to_raw.py - build - 73

[INFO:20] 2026-07-05 15:46:27,007 - 	loaded 1560/2764 of the data.
F:\code\medical-data-quality-pipeline\src\load\load_to_raw.py - build - 73

[INFO:20] 2026-07-05 15:46:27,039 - 	loaded 1561/2764 of the data.
F:\code\medical-data-quality-pipeline\src\load\load_to_raw.py - build - 73

[INFO:20] 2026-07-05 15:46:27,074 - 	loaded 1562/2764 of the data.
F:\code\medical-data-quality-pipeline\src\load\load_to_raw.py - build - 73

[INFO:20] 2026-07-05 15:46:27,114 - 	loaded 1563/2764 of the data.
F:\code\medical-data-quality-pipeline\src\load\load_to_raw.py - build - 73

[INFO:20] 2026-07-05 15:46:27,154 - 	loaded 1564/2764 of the data.
F:\code\medical-data-quality-pipeline\src\load\load_to_raw.py - build - 73

[INFO:20] 2026-07-05 15:46:27,187 - 	loaded 1565/2764 of the data.
F:\code\medical-data-quality-pipeline\src\load\load_to_raw.py - build - 73

[INFO:20] 2026-07-05 15:46:27,221 - 	loaded 1566/2764 of the data.
F:\code\medical-data-quality-pipeline\src\load\load_to_raw.py - build - 73

[INFO:20] 2026-07-05 15:46:27,254 - 	loaded 1567/2764 of the data.
F:\code\medical-data-quality-pipeline\src\load\load_to_raw.py - build - 73

[INFO:20] 2026-07-05 15:46:27,287 - 	loaded 1568/2764 of the data.
F:\code\medical-data-quality-pipeline\src\load\load_to_raw.py - build - 73

[INFO:20] 2026-07-05 15:46:27,325 - 	loaded 1569/2764 of the data.
F:\code\medical-data-quality-pipeline\src\load\load_to_raw.py - build - 73

[INFO:20] 2026-07-05 15:46:27,361 - 	loaded 1570/2764 of the data.
F:\code\medical-data-quality-pipeline\src\load\load_to_raw.py - build - 73

[INFO:20] 2026-07-05 15:46:27,394 - 	loaded 1571/2764 of the data.
F:\code\medical-data-quality-pipeline\src\load\load_to_raw.py - build - 73

[INFO:20] 2026-07-05 15:46:27,426 - 	loaded 1572/2764 of the data.
F:\code\medical-data-quality-pipeline\src\load\load_to_raw.py - build - 73

[INFO:20] 2026-07-05 15:46:27,458 - 	loaded 1573/2764 of the data.
F:\code\medical-data-quality-pipeline\src\load\load_to_raw.py - build - 73

[INFO:20] 2026-07-05 15:46:27,492 - 	loaded 1574/2764 of the data.
F:\code\medical-data-quality-pipeline\src\load\load_to_raw.py - build - 73

[INFO:20] 2026-07-05 15:46:27,530 - 	loaded 1575/2764 of the data.
F:\code\medical-data-quality-pipeline\src\load\load_to_raw.py - build - 73

[INFO:20] 2026-07-05 15:46:27,568 - 	loaded 1576/2764 of the data.
F:\code\medical-data-quality-pipeline\src\load\load_to_raw.py - build - 73

[INFO:20] 2026-07-05 15:46:27,724 - 	loaded 1577/2764 of the data.
F:\code\medical-data-quality-pipeline\src\load\load_to_raw.py - build - 73

[INFO:20] 2026-07-05 15:46:27,887 - 	loaded 1578/2764 of the data.
F:\code\medical-data-quality-pipeline\src\load\load_to_raw.py - build - 73

[INFO:20] 2026-07-05 15:46:27,923 - 	loaded 1579/2764 of the data.
F:\code\medical-data-quality-pipeline\src\load\load_to_raw.py - build - 73

[INFO:20] 2026-07-05 15:46:27,958 - 	loaded 1580/2764 of the data.
F:\code\medical-data-quality-pipeline\src\load\load_to_raw.py - build - 73

[INFO:20] 2026-07-05 15:46:27,990 - 	loaded 1581/2764 of the data.
F:\code\medical-data-quality-pipeline\src\load\load_to_raw.py - build - 73

[INFO:20] 2026-07-05 15:46:28,024 - 	loaded 1582/2764 of the data.
F:\code\medical-data-quality-pipeline\src\load\load_to_raw.py - build - 73

[INFO:20] 2026-07-05 15:46:28,056 - 	loaded 1583/2764 of the data.
F:\code\medical-data-quality-pipeline\src\load\load_to_raw.py - build - 73

[INFO:20] 2026-07-05 15:46:28,090 - 	loaded 1584/2764 of the data.
F:\code\medical-data-quality-pipeline\src\load\load_to_raw.py - build - 73

[INFO:20] 2026-07-05 15:46:28,124 - 	loaded 1585/2764 of the data.
F:\code\medical-data-quality-pipeline\src\load\load_to_raw.py - build - 73

[INFO:20] 2026-07-05 15:46:28,158 - 	loaded 1586/2764 of the data.
F:\code\medical-data-quality-pipeline\src\load\load_to_raw.py - build - 73

[INFO:20] 2026-07-05 15:46:28,194 - 	loaded 1587/2764 of the data.
F:\code\medical-data-quality-pipeline\src\load\load_to_raw.py - build - 73

[INFO:20] 2026-07-05 15:46:28,231 - 	loaded 1588/2764 of the data.
F:\code\medical-data-quality-pipeline\src\load\load_to_raw.py - build - 73

[INFO:20] 2026-07-05 15:46:28,264 - 	loaded 1589/2764 of the data.
F:\code\medical-data-quality-pipeline\src\load\load_to_raw.py - build - 73

[INFO:20] 2026-07-05 15:46:28,439 - 	loaded 1590/2764 of the data.
F:\code\medical-data-quality-pipeline\src\load\load_to_raw.py - build - 73

[INFO:20] 2026-07-05 15:46:28,472 - 	loaded 1591/2764 of the data.
F:\code\medical-data-quality-pipeline\src\load\load_to_raw.py - build - 73

[INFO:20] 2026-07-05 15:46:28,505 - 	loaded 1592/2764 of the data.
F:\code\medical-data-quality-pipeline\src\load\load_to_raw.py - build - 73

[INFO:20] 2026-07-05 15:46:28,536 - 	loaded 1593/2764 of the data.
F:\code\medical-data-quality-pipeline\src\load\load_to_raw.py - build - 73

[INFO:20] 2026-07-05 15:46:28,680 - 	loaded 1594/2764 of the data.
F:\code\medical-data-quality-pipeline\src\load\load_to_raw.py - build - 73

[INFO:20] 2026-07-05 15:46:28,716 - 	loaded 1595/2764 of the data.
F:\code\medical-data-quality-pipeline\src\load\load_to_raw.py - build - 73

[INFO:20] 2026-07-05 15:46:28,749 - 	loaded 1596/2764 of the data.
F:\code\medical-data-quality-pipeline\src\load\load_to_raw.py - build - 73

[INFO:20] 2026-07-05 15:46:28,920 - 	loaded 1597/2764 of the data.
F:\code\medical-data-quality-pipeline\src\load\load_to_raw.py - build - 73

[INFO:20] 2026-07-05 15:46:28,953 - 	loaded 1598/2764 of the data.
F:\code\medical-data-quality-pipeline\src\load\load_to_raw.py - build - 73

[INFO:20] 2026-07-05 15:46:28,984 - 	loaded 1599/2764 of the data.
F:\code\medical-data-quality-pipeline\src\load\load_to_raw.py - build - 73

[INFO:20] 2026-07-05 15:46:29,160 - 	loaded 1600/2764 of the data.
F:\code\medical-data-quality-pipeline\src\load\load_to_raw.py - build - 73

[INFO:20] 2026-07-05 15:46:29,193 - 	loaded 1601/2764 of the data.
F:\code\medical-data-quality-pipeline\src\load\load_to_raw.py - build - 73

[INFO:20] 2026-07-05 15:46:29,223 - 	loaded 1602/2764 of the data.
F:\code\medical-data-quality-pipeline\src\load\load_to_raw.py - build - 73

[INFO:20] 2026-07-05 15:46:29,254 - 	loaded 1603/2764 of the data.
F:\code\medical-data-quality-pipeline\src\load\load_to_raw.py - build - 73

[INFO:20] 2026-07-05 15:46:29,285 - 	loaded 1604/2764 of the data.
F:\code\medical-data-quality-pipeline\src\load\load_to_raw.py - build - 73

[INFO:20] 2026-07-05 15:46:29,316 - 	loaded 1605/2764 of the data.
F:\code\medical-data-quality-pipeline\src\load\load_to_raw.py - build - 73

[INFO:20] 2026-07-05 15:46:29,345 - 	loaded 1606/2764 of the data.
F:\code\medical-data-quality-pipeline\src\load\load_to_raw.py - build - 73

[INFO:20] 2026-07-05 15:46:29,378 - 	loaded 1607/2764 of the data.
F:\code\medical-data-quality-pipeline\src\load\load_to_raw.py - build - 73

[INFO:20] 2026-07-05 15:46:29,520 - 	loaded 1608/2764 of the data.
F:\code\medical-data-quality-pipeline\src\load\load_to_raw.py - build - 73

[INFO:20] 2026-07-05 15:46:29,551 - 	loaded 1609/2764 of the data.
F:\code\medical-data-quality-pipeline\src\load\load_to_raw.py - build - 73

[INFO:20] 2026-07-05 15:46:29,585 - 	loaded 1610/2764 of the data.
F:\code\medical-data-quality-pipeline\src\load\load_to_raw.py - build - 73

[INFO:20] 2026-07-05 15:46:29,748 - 	loaded 1611/2764 of the data.
F:\code\medical-data-quality-pipeline\src\load\load_to_raw.py - build - 73

[INFO:20] 2026-07-05 15:46:29,783 - 	loaded 1612/2764 of the data.
F:\code\medical-data-quality-pipeline\src\load\load_to_raw.py - build - 73

[INFO:20] 2026-07-05 15:46:29,817 - 	loaded 1613/2764 of the data.
F:\code\medical-data-quality-pipeline\src\load\load_to_raw.py - build - 73

[INFO:20] 2026-07-05 15:46:29,849 - 	loaded 1614/2764 of the data.
F:\code\medical-data-quality-pipeline\src\load\load_to_raw.py - build - 73

[INFO:20] 2026-07-05 15:46:29,881 - 	loaded 1615/2764 of the data.
F:\code\medical-data-quality-pipeline\src\load\load_to_raw.py - build - 73

[INFO:20] 2026-07-05 15:46:29,912 - 	loaded 1616/2764 of the data.
F:\code\medical-data-quality-pipeline\src\load\load_to_raw.py - build - 73

[INFO:20] 2026-07-05 15:46:29,944 - 	loaded 1617/2764 of the data.
F:\code\medical-data-quality-pipeline\src\load\load_to_raw.py - build - 73

[INFO:20] 2026-07-05 15:46:29,976 - 	loaded 1618/2764 of the data.
F:\code\medical-data-quality-pipeline\src\load\load_to_raw.py - build - 73

[INFO:20] 2026-07-05 15:46:30,112 - 	loaded 1619/2764 of the data.
F:\code\medical-data-quality-pipeline\src\load\load_to_raw.py - build - 73

[INFO:20] 2026-07-05 15:46:30,268 - 	loaded 1620/2764 of the data.
F:\code\medical-data-quality-pipeline\src\load\load_to_raw.py - build - 73

[INFO:20] 2026-07-05 15:46:30,340 - 	loaded 1621/2764 of the data.
F:\code\medical-data-quality-pipeline\src\load\load_to_raw.py - build - 73

[INFO:20] 2026-07-05 15:46:30,398 - 	loaded 1622/2764 of the data.
F:\code\medical-data-quality-pipeline\src\load\load_to_raw.py - build - 73

[INFO:20] 2026-07-05 15:46:30,429 - 	loaded 1623/2764 of the data.
F:\code\medical-data-quality-pipeline\src\load\load_to_raw.py - build - 73

[INFO:20] 2026-07-05 15:46:30,462 - 	loaded 1624/2764 of the data.
F:\code\medical-data-quality-pipeline\src\load\load_to_raw.py - build - 73

[INFO:20] 2026-07-05 15:46:30,493 - 	loaded 1625/2764 of the data.
F:\code\medical-data-quality-pipeline\src\load\load_to_raw.py - build - 73

[INFO:20] 2026-07-05 15:46:30,650 - 	loaded 1626/2764 of the data.
F:\code\medical-data-quality-pipeline\src\load\load_to_raw.py - build - 73

[INFO:20] 2026-07-05 15:46:30,689 - 	loaded 1627/2764 of the data.
F:\code\medical-data-quality-pipeline\src\load\load_to_raw.py - build - 73

[INFO:20] 2026-07-05 15:46:30,720 - 	loaded 1628/2764 of the data.
F:\code\medical-data-quality-pipeline\src\load\load_to_raw.py - build - 73

[INFO:20] 2026-07-05 15:46:30,891 - 	loaded 1629/2764 of the data.
F:\code\medical-data-quality-pipeline\src\load\load_to_raw.py - build - 73

[INFO:20] 2026-07-05 15:46:30,926 - 	loaded 1630/2764 of the data.
F:\code\medical-data-quality-pipeline\src\load\load_to_raw.py - build - 73

[INFO:20] 2026-07-05 15:46:30,963 - 	loaded 1631/2764 of the data.
F:\code\medical-data-quality-pipeline\src\load\load_to_raw.py - build - 73

[INFO:20] 2026-07-05 15:46:30,999 - 	loaded 1632/2764 of the data.
F:\code\medical-data-quality-pipeline\src\load\load_to_raw.py - build - 73

[INFO:20] 2026-07-05 15:46:31,034 - 	loaded 1633/2764 of the data.
F:\code\medical-data-quality-pipeline\src\load\load_to_raw.py - build - 73

[INFO:20] 2026-07-05 15:46:31,067 - 	loaded 1634/2764 of the data.
F:\code\medical-data-quality-pipeline\src\load\load_to_raw.py - build - 73

[INFO:20] 2026-07-05 15:46:31,099 - 	loaded 1635/2764 of the data.
F:\code\medical-data-quality-pipeline\src\load\load_to_raw.py - build - 73

[INFO:20] 2026-07-05 15:46:31,140 - 	loaded 1636/2764 of the data.
F:\code\medical-data-quality-pipeline\src\load\load_to_raw.py - build - 73

[INFO:20] 2026-07-05 15:46:31,178 - 	loaded 1637/2764 of the data.
F:\code\medical-data-quality-pipeline\src\load\load_to_raw.py - build - 73

[INFO:20] 2026-07-05 15:46:31,213 - 	loaded 1638/2764 of the data.
F:\code\medical-data-quality-pipeline\src\load\load_to_raw.py - build - 73

[INFO:20] 2026-07-05 15:46:31,248 - 	loaded 1639/2764 of the data.
F:\code\medical-data-quality-pipeline\src\load\load_to_raw.py - build - 73

[INFO:20] 2026-07-05 15:46:31,285 - 	loaded 1640/2764 of the data.
F:\code\medical-data-quality-pipeline\src\load\load_to_raw.py - build - 73

[INFO:20] 2026-07-05 15:46:31,319 - 	loaded 1641/2764 of the data.
F:\code\medical-data-quality-pipeline\src\load\load_to_raw.py - build - 73

[INFO:20] 2026-07-05 15:46:31,357 - 	loaded 1642/2764 of the data.
F:\code\medical-data-quality-pipeline\src\load\load_to_raw.py - build - 73

[INFO:20] 2026-07-05 15:46:31,391 - 	loaded 1643/2764 of the data.
F:\code\medical-data-quality-pipeline\src\load\load_to_raw.py - build - 73

[INFO:20] 2026-07-05 15:46:31,424 - 	loaded 1644/2764 of the data.
F:\code\medical-data-quality-pipeline\src\load\load_to_raw.py - build - 73

[INFO:20] 2026-07-05 15:46:31,459 - 	loaded 1645/2764 of the data.
F:\code\medical-data-quality-pipeline\src\load\load_to_raw.py - build - 73

[INFO:20] 2026-07-05 15:46:31,593 - 	loaded 1646/2764 of the data.
F:\code\medical-data-quality-pipeline\src\load\load_to_raw.py - build - 73

[INFO:20] 2026-07-05 15:46:31,629 - 	loaded 1647/2764 of the data.
F:\code\medical-data-quality-pipeline\src\load\load_to_raw.py - build - 73

[INFO:20] 2026-07-05 15:46:31,668 - 	loaded 1648/2764 of the data.
F:\code\medical-data-quality-pipeline\src\load\load_to_raw.py - build - 73

[INFO:20] 2026-07-05 15:46:31,701 - 	loaded 1649/2764 of the data.
F:\code\medical-data-quality-pipeline\src\load\load_to_raw.py - build - 73

[INFO:20] 2026-07-05 15:46:31,734 - 	loaded 1650/2764 of the data.
F:\code\medical-data-quality-pipeline\src\load\load_to_raw.py - build - 73

[INFO:20] 2026-07-05 15:46:31,767 - 	loaded 1651/2764 of the data.
F:\code\medical-data-quality-pipeline\src\load\load_to_raw.py - build - 73

[INFO:20] 2026-07-05 15:46:31,804 - 	loaded 1652/2764 of the data.
F:\code\medical-data-quality-pipeline\src\load\load_to_raw.py - build - 73

[INFO:20] 2026-07-05 15:46:31,842 - 	loaded 1653/2764 of the data.
F:\code\medical-data-quality-pipeline\src\load\load_to_raw.py - build - 73

[INFO:20] 2026-07-05 15:46:31,877 - 	loaded 1654/2764 of the data.
F:\code\medical-data-quality-pipeline\src\load\load_to_raw.py - build - 73

[INFO:20] 2026-07-05 15:46:32,041 - 	loaded 1655/2764 of the data.
F:\code\medical-data-quality-pipeline\src\load\load_to_raw.py - build - 73

[INFO:20] 2026-07-05 15:46:32,074 - 	loaded 1656/2764 of the data.
F:\code\medical-data-quality-pipeline\src\load\load_to_raw.py - build - 73

[INFO:20] 2026-07-05 15:46:32,104 - 	loaded 1657/2764 of the data.
F:\code\medical-data-quality-pipeline\src\load\load_to_raw.py - build - 73

[INFO:20] 2026-07-05 15:46:32,138 - 	loaded 1658/2764 of the data.
F:\code\medical-data-quality-pipeline\src\load\load_to_raw.py - build - 73

[INFO:20] 2026-07-05 15:46:32,169 - 	loaded 1659/2764 of the data.
F:\code\medical-data-quality-pipeline\src\load\load_to_raw.py - build - 73

[INFO:20] 2026-07-05 15:46:32,202 - 	loaded 1660/2764 of the data.
F:\code\medical-data-quality-pipeline\src\load\load_to_raw.py - build - 73

[INFO:20] 2026-07-05 15:46:32,233 - 	loaded 1661/2764 of the data.
F:\code\medical-data-quality-pipeline\src\load\load_to_raw.py - build - 73

[INFO:20] 2026-07-05 15:46:32,268 - 	loaded 1662/2764 of the data.
F:\code\medical-data-quality-pipeline\src\load\load_to_raw.py - build - 73

[INFO:20] 2026-07-05 15:46:32,307 - 	loaded 1663/2764 of the data.
F:\code\medical-data-quality-pipeline\src\load\load_to_raw.py - build - 73

[INFO:20] 2026-07-05 15:46:32,342 - 	loaded 1664/2764 of the data.
F:\code\medical-data-quality-pipeline\src\load\load_to_raw.py - build - 73

[INFO:20] 2026-07-05 15:46:32,374 - 	loaded 1665/2764 of the data.
F:\code\medical-data-quality-pipeline\src\load\load_to_raw.py - build - 73

[INFO:20] 2026-07-05 15:46:32,406 - 	loaded 1666/2764 of the data.
F:\code\medical-data-quality-pipeline\src\load\load_to_raw.py - build - 73

[INFO:20] 2026-07-05 15:46:32,543 - 	loaded 1667/2764 of the data.
F:\code\medical-data-quality-pipeline\src\load\load_to_raw.py - build - 73

[INFO:20] 2026-07-05 15:46:32,578 - 	loaded 1668/2764 of the data.
F:\code\medical-data-quality-pipeline\src\load\load_to_raw.py - build - 73

[INFO:20] 2026-07-05 15:46:32,611 - 	loaded 1669/2764 of the data.
F:\code\medical-data-quality-pipeline\src\load\load_to_raw.py - build - 73

[INFO:20] 2026-07-05 15:46:32,645 - 	loaded 1670/2764 of the data.
F:\code\medical-data-quality-pipeline\src\load\load_to_raw.py - build - 73

[INFO:20] 2026-07-05 15:46:32,677 - 	loaded 1671/2764 of the data.
F:\code\medical-data-quality-pipeline\src\load\load_to_raw.py - build - 73

[INFO:20] 2026-07-05 15:46:32,709 - 	loaded 1672/2764 of the data.
F:\code\medical-data-quality-pipeline\src\load\load_to_raw.py - build - 73

[INFO:20] 2026-07-05 15:46:32,741 - 	loaded 1673/2764 of the data.
F:\code\medical-data-quality-pipeline\src\load\load_to_raw.py - build - 73

[INFO:20] 2026-07-05 15:46:32,776 - 	loaded 1674/2764 of the data.
F:\code\medical-data-quality-pipeline\src\load\load_to_raw.py - build - 73

[INFO:20] 2026-07-05 15:46:32,818 - 	loaded 1675/2764 of the data.
F:\code\medical-data-quality-pipeline\src\load\load_to_raw.py - build - 73

[INFO:20] 2026-07-05 15:46:32,852 - 	loaded 1676/2764 of the data.
F:\code\medical-data-quality-pipeline\src\load\load_to_raw.py - build - 73

[INFO:20] 2026-07-05 15:46:32,886 - 	loaded 1677/2764 of the data.
F:\code\medical-data-quality-pipeline\src\load\load_to_raw.py - build - 73

[INFO:20] 2026-07-05 15:46:32,921 - 	loaded 1678/2764 of the data.
F:\code\medical-data-quality-pipeline\src\load\load_to_raw.py - build - 73

[INFO:20] 2026-07-05 15:46:33,062 - 	loaded 1679/2764 of the data.
F:\code\medical-data-quality-pipeline\src\load\load_to_raw.py - build - 73

[INFO:20] 2026-07-05 15:46:33,216 - 	loaded 1680/2764 of the data.
F:\code\medical-data-quality-pipeline\src\load\load_to_raw.py - build - 73

[INFO:20] 2026-07-05 15:46:33,246 - 	loaded 1681/2764 of the data.
F:\code\medical-data-quality-pipeline\src\load\load_to_raw.py - build - 73

[INFO:20] 2026-07-05 15:46:33,283 - 	loaded 1682/2764 of the data.
F:\code\medical-data-quality-pipeline\src\load\load_to_raw.py - build - 73

[INFO:20] 2026-07-05 15:46:33,313 - 	loaded 1683/2764 of the data.
F:\code\medical-data-quality-pipeline\src\load\load_to_raw.py - build - 73

[INFO:20] 2026-07-05 15:46:33,345 - 	loaded 1684/2764 of the data.
F:\code\medical-data-quality-pipeline\src\load\load_to_raw.py - build - 73

[INFO:20] 2026-07-05 15:46:33,376 - 	loaded 1685/2764 of the data.
F:\code\medical-data-quality-pipeline\src\load\load_to_raw.py - build - 73

[INFO:20] 2026-07-05 15:46:33,409 - 	loaded 1686/2764 of the data.
F:\code\medical-data-quality-pipeline\src\load\load_to_raw.py - build - 73

[INFO:20] 2026-07-05 15:46:33,440 - 	loaded 1687/2764 of the data.
F:\code\medical-data-quality-pipeline\src\load\load_to_raw.py - build - 73

[INFO:20] 2026-07-05 15:46:33,473 - 	loaded 1688/2764 of the data.
F:\code\medical-data-quality-pipeline\src\load\load_to_raw.py - build - 73

[INFO:20] 2026-07-05 15:46:33,509 - 	loaded 1689/2764 of the data.
F:\code\medical-data-quality-pipeline\src\load\load_to_raw.py - build - 73

[INFO:20] 2026-07-05 15:46:33,550 - 	loaded 1690/2764 of the data.
F:\code\medical-data-quality-pipeline\src\load\load_to_raw.py - build - 73

[INFO:20] 2026-07-05 15:46:33,582 - 	loaded 1691/2764 of the data.
F:\code\medical-data-quality-pipeline\src\load\load_to_raw.py - build - 73

[INFO:20] 2026-07-05 15:46:33,616 - 	loaded 1692/2764 of the data.
F:\code\medical-data-quality-pipeline\src\load\load_to_raw.py - build - 73

[INFO:20] 2026-07-05 15:46:33,648 - 	loaded 1693/2764 of the data.
F:\code\medical-data-quality-pipeline\src\load\load_to_raw.py - build - 73

[INFO:20] 2026-07-05 15:46:33,680 - 	loaded 1694/2764 of the data.
F:\code\medical-data-quality-pipeline\src\load\load_to_raw.py - build - 73

[INFO:20] 2026-07-05 15:46:33,825 - 	loaded 1695/2764 of the data.
F:\code\medical-data-quality-pipeline\src\load\load_to_raw.py - build - 73

[INFO:20] 2026-07-05 15:46:33,867 - 	loaded 1696/2764 of the data.
F:\code\medical-data-quality-pipeline\src\load\load_to_raw.py - build - 73

[INFO:20] 2026-07-05 15:46:33,905 - 	loaded 1697/2764 of the data.
F:\code\medical-data-quality-pipeline\src\load\load_to_raw.py - build - 73

[INFO:20] 2026-07-05 15:46:33,938 - 	loaded 1698/2764 of the data.
F:\code\medical-data-quality-pipeline\src\load\load_to_raw.py - build - 73

[INFO:20] 2026-07-05 15:46:33,972 - 	loaded 1699/2764 of the data.
F:\code\medical-data-quality-pipeline\src\load\load_to_raw.py - build - 73

[INFO:20] 2026-07-05 15:46:34,006 - 	loaded 1700/2764 of the data.
F:\code\medical-data-quality-pipeline\src\load\load_to_raw.py - build - 73

[INFO:20] 2026-07-05 15:46:34,042 - 	loaded 1701/2764 of the data.
F:\code\medical-data-quality-pipeline\src\load\load_to_raw.py - build - 73

[INFO:20] 2026-07-05 15:46:34,081 - 	loaded 1702/2764 of the data.
F:\code\medical-data-quality-pipeline\src\load\load_to_raw.py - build - 73

[INFO:20] 2026-07-05 15:46:34,115 - 	loaded 1703/2764 of the data.
F:\code\medical-data-quality-pipeline\src\load\load_to_raw.py - build - 73

[INFO:20] 2026-07-05 15:46:34,150 - 	loaded 1704/2764 of the data.
F:\code\medical-data-quality-pipeline\src\load\load_to_raw.py - build - 73

[INFO:20] 2026-07-05 15:46:34,182 - 	loaded 1705/2764 of the data.
F:\code\medical-data-quality-pipeline\src\load\load_to_raw.py - build - 73

[INFO:20] 2026-07-05 15:46:34,214 - 	loaded 1706/2764 of the data.
F:\code\medical-data-quality-pipeline\src\load\load_to_raw.py - build - 73

[INFO:20] 2026-07-05 15:46:34,247 - 	loaded 1707/2764 of the data.
F:\code\medical-data-quality-pipeline\src\load\load_to_raw.py - build - 73

[INFO:20] 2026-07-05 15:46:34,411 - 	loaded 1708/2764 of the data.
F:\code\medical-data-quality-pipeline\src\load\load_to_raw.py - build - 73

[INFO:20] 2026-07-05 15:46:34,450 - 	loaded 1709/2764 of the data.
F:\code\medical-data-quality-pipeline\src\load\load_to_raw.py - build - 73

[INFO:20] 2026-07-05 15:46:34,486 - 	loaded 1710/2764 of the data.
F:\code\medical-data-quality-pipeline\src\load\load_to_raw.py - build - 73

[INFO:20] 2026-07-05 15:46:34,521 - 	loaded 1711/2764 of the data.
F:\code\medical-data-quality-pipeline\src\load\load_to_raw.py - build - 73

[INFO:20] 2026-07-05 15:46:34,555 - 	loaded 1712/2764 of the data.
F:\code\medical-data-quality-pipeline\src\load\load_to_raw.py - build - 73

[INFO:20] 2026-07-05 15:46:34,591 - 	loaded 1713/2764 of the data.
F:\code\medical-data-quality-pipeline\src\load\load_to_raw.py - build - 73

[INFO:20] 2026-07-05 15:46:34,624 - 	loaded 1714/2764 of the data.
F:\code\medical-data-quality-pipeline\src\load\load_to_raw.py - build - 73

[INFO:20] 2026-07-05 15:46:34,665 - 	loaded 1715/2764 of the data.
F:\code\medical-data-quality-pipeline\src\load\load_to_raw.py - build - 73

[INFO:20] 2026-07-05 15:46:34,699 - 	loaded 1716/2764 of the data.
F:\code\medical-data-quality-pipeline\src\load\load_to_raw.py - build - 73

[INFO:20] 2026-07-05 15:46:34,731 - 	loaded 1717/2764 of the data.
F:\code\medical-data-quality-pipeline\src\load\load_to_raw.py - build - 73

[INFO:20] 2026-07-05 15:46:34,763 - 	loaded 1718/2764 of the data.
F:\code\medical-data-quality-pipeline\src\load\load_to_raw.py - build - 73

[INFO:20] 2026-07-05 15:46:34,796 - 	loaded 1719/2764 of the data.
F:\code\medical-data-quality-pipeline\src\load\load_to_raw.py - build - 73

[INFO:20] 2026-07-05 15:46:34,827 - 	loaded 1720/2764 of the data.
F:\code\medical-data-quality-pipeline\src\load\load_to_raw.py - build - 73

[INFO:20] 2026-07-05 15:46:34,868 - 	loaded 1721/2764 of the data.
F:\code\medical-data-quality-pipeline\src\load\load_to_raw.py - build - 73

[INFO:20] 2026-07-05 15:46:34,905 - 	loaded 1722/2764 of the data.
F:\code\medical-data-quality-pipeline\src\load\load_to_raw.py - build - 73

[INFO:20] 2026-07-05 15:46:34,939 - 	loaded 1723/2764 of the data.
F:\code\medical-data-quality-pipeline\src\load\load_to_raw.py - build - 73

[INFO:20] 2026-07-05 15:46:35,079 - 	loaded 1724/2764 of the data.
F:\code\medical-data-quality-pipeline\src\load\load_to_raw.py - build - 73

[INFO:20] 2026-07-05 15:46:35,112 - 	loaded 1725/2764 of the data.
F:\code\medical-data-quality-pipeline\src\load\load_to_raw.py - build - 73

[INFO:20] 2026-07-05 15:46:35,145 - 	loaded 1726/2764 of the data.
F:\code\medical-data-quality-pipeline\src\load\load_to_raw.py - build - 73

[INFO:20] 2026-07-05 15:46:35,180 - 	loaded 1727/2764 of the data.
F:\code\medical-data-quality-pipeline\src\load\load_to_raw.py - build - 73

[INFO:20] 2026-07-05 15:46:35,212 - 	loaded 1728/2764 of the data.
F:\code\medical-data-quality-pipeline\src\load\load_to_raw.py - build - 73

[INFO:20] 2026-07-05 15:46:35,243 - 	loaded 1729/2764 of the data.
F:\code\medical-data-quality-pipeline\src\load\load_to_raw.py - build - 73

[INFO:20] 2026-07-05 15:46:35,275 - 	loaded 1730/2764 of the data.
F:\code\medical-data-quality-pipeline\src\load\load_to_raw.py - build - 73

[INFO:20] 2026-07-05 15:46:35,312 - 	loaded 1731/2764 of the data.
F:\code\medical-data-quality-pipeline\src\load\load_to_raw.py - build - 73

[INFO:20] 2026-07-05 15:46:35,352 - 	loaded 1732/2764 of the data.
F:\code\medical-data-quality-pipeline\src\load\load_to_raw.py - build - 73

[INFO:20] 2026-07-05 15:46:35,384 - 	loaded 1733/2764 of the data.
F:\code\medical-data-quality-pipeline\src\load\load_to_raw.py - build - 73

[INFO:20] 2026-07-05 15:46:35,415 - 	loaded 1734/2764 of the data.
F:\code\medical-data-quality-pipeline\src\load\load_to_raw.py - build - 73

[INFO:20] 2026-07-05 15:46:35,448 - 	loaded 1735/2764 of the data.
F:\code\medical-data-quality-pipeline\src\load\load_to_raw.py - build - 73

[INFO:20] 2026-07-05 15:46:35,480 - 	loaded 1736/2764 of the data.
F:\code\medical-data-quality-pipeline\src\load\load_to_raw.py - build - 73

[INFO:20] 2026-07-05 15:46:35,510 - 	loaded 1737/2764 of the data.
F:\code\medical-data-quality-pipeline\src\load\load_to_raw.py - build - 73

[INFO:20] 2026-07-05 15:46:35,547 - 	loaded 1738/2764 of the data.
F:\code\medical-data-quality-pipeline\src\load\load_to_raw.py - build - 73

[INFO:20] 2026-07-05 15:46:35,588 - 	loaded 1739/2764 of the data.
F:\code\medical-data-quality-pipeline\src\load\load_to_raw.py - build - 73

[INFO:20] 2026-07-05 15:46:35,621 - 	loaded 1740/2764 of the data.
F:\code\medical-data-quality-pipeline\src\load\load_to_raw.py - build - 73

[INFO:20] 2026-07-05 15:46:35,655 - 	loaded 1741/2764 of the data.
F:\code\medical-data-quality-pipeline\src\load\load_to_raw.py - build - 73

[INFO:20] 2026-07-05 15:46:35,690 - 	loaded 1742/2764 of the data.
F:\code\medical-data-quality-pipeline\src\load\load_to_raw.py - build - 73

[INFO:20] 2026-07-05 15:46:35,723 - 	loaded 1743/2764 of the data.
F:\code\medical-data-quality-pipeline\src\load\load_to_raw.py - build - 73

[INFO:20] 2026-07-05 15:46:35,758 - 	loaded 1744/2764 of the data.
F:\code\medical-data-quality-pipeline\src\load\load_to_raw.py - build - 73

[INFO:20] 2026-07-05 15:46:35,796 - 	loaded 1745/2764 of the data.
F:\code\medical-data-quality-pipeline\src\load\load_to_raw.py - build - 73

[INFO:20] 2026-07-05 15:46:35,832 - 	loaded 1746/2764 of the data.
F:\code\medical-data-quality-pipeline\src\load\load_to_raw.py - build - 73

[INFO:20] 2026-07-05 15:46:35,865 - 	loaded 1747/2764 of the data.
F:\code\medical-data-quality-pipeline\src\load\load_to_raw.py - build - 73

[INFO:20] 2026-07-05 15:46:35,898 - 	loaded 1748/2764 of the data.
F:\code\medical-data-quality-pipeline\src\load\load_to_raw.py - build - 73

[INFO:20] 2026-07-05 15:46:35,931 - 	loaded 1749/2764 of the data.
F:\code\medical-data-quality-pipeline\src\load\load_to_raw.py - build - 73

[INFO:20] 2026-07-05 15:46:35,965 - 	loaded 1750/2764 of the data.
F:\code\medical-data-quality-pipeline\src\load\load_to_raw.py - build - 73

[INFO:20] 2026-07-05 15:46:36,102 - 	loaded 1751/2764 of the data.
F:\code\medical-data-quality-pipeline\src\load\load_to_raw.py - build - 73

[INFO:20] 2026-07-05 15:46:36,137 - 	loaded 1752/2764 of the data.
F:\code\medical-data-quality-pipeline\src\load\load_to_raw.py - build - 73

[INFO:20] 2026-07-05 15:46:36,294 - 	loaded 1753/2764 of the data.
F:\code\medical-data-quality-pipeline\src\load\load_to_raw.py - build - 73

[INFO:20] 2026-07-05 15:46:36,458 - 	loaded 1754/2764 of the data.
F:\code\medical-data-quality-pipeline\src\load\load_to_raw.py - build - 73

[INFO:20] 2026-07-05 15:46:36,497 - 	loaded 1755/2764 of the data.
F:\code\medical-data-quality-pipeline\src\load\load_to_raw.py - build - 73

[INFO:20] 2026-07-05 15:46:36,542 - 	loaded 1756/2764 of the data.
F:\code\medical-data-quality-pipeline\src\load\load_to_raw.py - build - 73

[INFO:20] 2026-07-05 15:46:36,697 - 	loaded 1757/2764 of the data.
F:\code\medical-data-quality-pipeline\src\load\load_to_raw.py - build - 73

[INFO:20] 2026-07-05 15:46:36,729 - 	loaded 1758/2764 of the data.
F:\code\medical-data-quality-pipeline\src\load\load_to_raw.py - build - 73

[INFO:20] 2026-07-05 15:46:36,761 - 	loaded 1759/2764 of the data.
F:\code\medical-data-quality-pipeline\src\load\load_to_raw.py - build - 73

[INFO:20] 2026-07-05 15:46:36,795 - 	loaded 1760/2764 of the data.
F:\code\medical-data-quality-pipeline\src\load\load_to_raw.py - build - 73

[INFO:20] 2026-07-05 15:46:36,827 - 	loaded 1761/2764 of the data.
F:\code\medical-data-quality-pipeline\src\load\load_to_raw.py - build - 73

[INFO:20] 2026-07-05 15:46:36,860 - 	loaded 1762/2764 of the data.
F:\code\medical-data-quality-pipeline\src\load\load_to_raw.py - build - 73

[INFO:20] 2026-07-05 15:46:36,893 - 	loaded 1763/2764 of the data.
F:\code\medical-data-quality-pipeline\src\load\load_to_raw.py - build - 73

[INFO:20] 2026-07-05 15:46:36,928 - 	loaded 1764/2764 of the data.
F:\code\medical-data-quality-pipeline\src\load\load_to_raw.py - build - 73

[INFO:20] 2026-07-05 15:46:36,961 - 	loaded 1765/2764 of the data.
F:\code\medical-data-quality-pipeline\src\load\load_to_raw.py - build - 73

[INFO:20] 2026-07-05 15:46:37,001 - 	loaded 1766/2764 of the data.
F:\code\medical-data-quality-pipeline\src\load\load_to_raw.py - build - 73

[INFO:20] 2026-07-05 15:46:37,039 - 	loaded 1767/2764 of the data.
F:\code\medical-data-quality-pipeline\src\load\load_to_raw.py - build - 73

[INFO:20] 2026-07-05 15:46:37,185 - 	loaded 1768/2764 of the data.
F:\code\medical-data-quality-pipeline\src\load\load_to_raw.py - build - 73

[INFO:20] 2026-07-05 15:46:37,222 - 	loaded 1769/2764 of the data.
F:\code\medical-data-quality-pipeline\src\load\load_to_raw.py - build - 73

[INFO:20] 2026-07-05 15:46:37,257 - 	loaded 1770/2764 of the data.
F:\code\medical-data-quality-pipeline\src\load\load_to_raw.py - build - 73

[INFO:20] 2026-07-05 15:46:37,297 - 	loaded 1771/2764 of the data.
F:\code\medical-data-quality-pipeline\src\load\load_to_raw.py - build - 73

[INFO:20] 2026-07-05 15:46:37,470 - 	loaded 1772/2764 of the data.
F:\code\medical-data-quality-pipeline\src\load\load_to_raw.py - build - 73

[INFO:20] 2026-07-05 15:46:37,502 - 	loaded 1773/2764 of the data.
F:\code\medical-data-quality-pipeline\src\load\load_to_raw.py - build - 73

[INFO:20] 2026-07-05 15:46:37,540 - 	loaded 1774/2764 of the data.
F:\code\medical-data-quality-pipeline\src\load\load_to_raw.py - build - 73

[INFO:20] 2026-07-05 15:46:37,597 - 	loaded 1775/2764 of the data.
F:\code\medical-data-quality-pipeline\src\load\load_to_raw.py - build - 73

[INFO:20] 2026-07-05 15:46:37,628 - 	loaded 1776/2764 of the data.
F:\code\medical-data-quality-pipeline\src\load\load_to_raw.py - build - 73

[INFO:20] 2026-07-05 15:46:37,665 - 	loaded 1777/2764 of the data.
F:\code\medical-data-quality-pipeline\src\load\load_to_raw.py - build - 73

[INFO:20] 2026-07-05 15:46:37,708 - 	loaded 1778/2764 of the data.
F:\code\medical-data-quality-pipeline\src\load\load_to_raw.py - build - 73

[INFO:20] 2026-07-05 15:46:37,742 - 	loaded 1779/2764 of the data.
F:\code\medical-data-quality-pipeline\src\load\load_to_raw.py - build - 73

[INFO:20] 2026-07-05 15:46:37,775 - 	loaded 1780/2764 of the data.
F:\code\medical-data-quality-pipeline\src\load\load_to_raw.py - build - 73

[INFO:20] 2026-07-05 15:46:37,807 - 	loaded 1781/2764 of the data.
F:\code\medical-data-quality-pipeline\src\load\load_to_raw.py - build - 73

[INFO:20] 2026-07-05 15:46:37,837 - 	loaded 1782/2764 of the data.
F:\code\medical-data-quality-pipeline\src\load\load_to_raw.py - build - 73

[INFO:20] 2026-07-05 15:46:37,868 - 	loaded 1783/2764 of the data.
F:\code\medical-data-quality-pipeline\src\load\load_to_raw.py - build - 73

[INFO:20] 2026-07-05 15:46:37,901 - 	loaded 1784/2764 of the data.
F:\code\medical-data-quality-pipeline\src\load\load_to_raw.py - build - 73

[INFO:20] 2026-07-05 15:46:37,938 - 	loaded 1785/2764 of the data.
F:\code\medical-data-quality-pipeline\src\load\load_to_raw.py - build - 73

[INFO:20] 2026-07-05 15:46:37,978 - 	loaded 1786/2764 of the data.
F:\code\medical-data-quality-pipeline\src\load\load_to_raw.py - build - 73

[INFO:20] 2026-07-05 15:46:38,011 - 	loaded 1787/2764 of the data.
F:\code\medical-data-quality-pipeline\src\load\load_to_raw.py - build - 73

[INFO:20] 2026-07-05 15:46:38,181 - 	loaded 1788/2764 of the data.
F:\code\medical-data-quality-pipeline\src\load\load_to_raw.py - build - 73

[INFO:20] 2026-07-05 15:46:38,214 - 	loaded 1789/2764 of the data.
F:\code\medical-data-quality-pipeline\src\load\load_to_raw.py - build - 73

[INFO:20] 2026-07-05 15:46:38,251 - 	loaded 1790/2764 of the data.
F:\code\medical-data-quality-pipeline\src\load\load_to_raw.py - build - 73

[INFO:20] 2026-07-05 15:46:38,288 - 	loaded 1791/2764 of the data.
F:\code\medical-data-quality-pipeline\src\load\load_to_raw.py - build - 73

[INFO:20] 2026-07-05 15:46:38,320 - 	loaded 1792/2764 of the data.
F:\code\medical-data-quality-pipeline\src\load\load_to_raw.py - build - 73

[INFO:20] 2026-07-05 15:46:38,353 - 	loaded 1793/2764 of the data.
F:\code\medical-data-quality-pipeline\src\load\load_to_raw.py - build - 73

[INFO:20] 2026-07-05 15:46:38,383 - 	loaded 1794/2764 of the data.
F:\code\medical-data-quality-pipeline\src\load\load_to_raw.py - build - 73

[INFO:20] 2026-07-05 15:46:38,423 - 	loaded 1795/2764 of the data.
F:\code\medical-data-quality-pipeline\src\load\load_to_raw.py - build - 73

[INFO:20] 2026-07-05 15:46:38,458 - 	loaded 1796/2764 of the data.
F:\code\medical-data-quality-pipeline\src\load\load_to_raw.py - build - 73

[INFO:20] 2026-07-05 15:46:38,489 - 	loaded 1797/2764 of the data.
F:\code\medical-data-quality-pipeline\src\load\load_to_raw.py - build - 73

[INFO:20] 2026-07-05 15:46:38,520 - 	loaded 1798/2764 of the data.
F:\code\medical-data-quality-pipeline\src\load\load_to_raw.py - build - 73

[INFO:20] 2026-07-05 15:46:38,553 - 	loaded 1799/2764 of the data.
F:\code\medical-data-quality-pipeline\src\load\load_to_raw.py - build - 73

[INFO:20] 2026-07-05 15:46:38,586 - 	loaded 1800/2764 of the data.
F:\code\medical-data-quality-pipeline\src\load\load_to_raw.py - build - 73

[INFO:20] 2026-07-05 15:46:38,622 - 	loaded 1801/2764 of the data.
F:\code\medical-data-quality-pipeline\src\load\load_to_raw.py - build - 73

[INFO:20] 2026-07-05 15:46:38,660 - 	loaded 1802/2764 of the data.
F:\code\medical-data-quality-pipeline\src\load\load_to_raw.py - build - 73

[INFO:20] 2026-07-05 15:46:38,695 - 	loaded 1803/2764 of the data.
F:\code\medical-data-quality-pipeline\src\load\load_to_raw.py - build - 73

[INFO:20] 2026-07-05 15:46:38,729 - 	loaded 1804/2764 of the data.
F:\code\medical-data-quality-pipeline\src\load\load_to_raw.py - build - 73

[INFO:20] 2026-07-05 15:46:38,763 - 	loaded 1805/2764 of the data.
F:\code\medical-data-quality-pipeline\src\load\load_to_raw.py - build - 73

[INFO:20] 2026-07-05 15:46:38,795 - 	loaded 1806/2764 of the data.
F:\code\medical-data-quality-pipeline\src\load\load_to_raw.py - build - 73

[INFO:20] 2026-07-05 15:46:38,828 - 	loaded 1807/2764 of the data.
F:\code\medical-data-quality-pipeline\src\load\load_to_raw.py - build - 73

[INFO:20] 2026-07-05 15:46:38,869 - 	loaded 1808/2764 of the data.
F:\code\medical-data-quality-pipeline\src\load\load_to_raw.py - build - 73

[INFO:20] 2026-07-05 15:46:38,905 - 	loaded 1809/2764 of the data.
F:\code\medical-data-quality-pipeline\src\load\load_to_raw.py - build - 73

[INFO:20] 2026-07-05 15:46:38,949 - 	loaded 1810/2764 of the data.
F:\code\medical-data-quality-pipeline\src\load\load_to_raw.py - build - 73

[INFO:20] 2026-07-05 15:46:38,981 - 	loaded 1811/2764 of the data.
F:\code\medical-data-quality-pipeline\src\load\load_to_raw.py - build - 73

[INFO:20] 2026-07-05 15:46:39,024 - 	loaded 1812/2764 of the data.
F:\code\medical-data-quality-pipeline\src\load\load_to_raw.py - build - 73

[INFO:20] 2026-07-05 15:46:39,058 - 	loaded 1813/2764 of the data.
F:\code\medical-data-quality-pipeline\src\load\load_to_raw.py - build - 73

[INFO:20] 2026-07-05 15:46:39,097 - 	loaded 1814/2764 of the data.
F:\code\medical-data-quality-pipeline\src\load\load_to_raw.py - build - 73

[INFO:20] 2026-07-05 15:46:39,128 - 	loaded 1815/2764 of the data.
F:\code\medical-data-quality-pipeline\src\load\load_to_raw.py - build - 73

[INFO:20] 2026-07-05 15:46:39,277 - 	loaded 1816/2764 of the data.
F:\code\medical-data-quality-pipeline\src\load\load_to_raw.py - build - 73

[INFO:20] 2026-07-05 15:46:39,317 - 	loaded 1817/2764 of the data.
F:\code\medical-data-quality-pipeline\src\load\load_to_raw.py - build - 73

[INFO:20] 2026-07-05 15:46:39,348 - 	loaded 1818/2764 of the data.
F:\code\medical-data-quality-pipeline\src\load\load_to_raw.py - build - 73

[INFO:20] 2026-07-05 15:46:39,381 - 	loaded 1819/2764 of the data.
F:\code\medical-data-quality-pipeline\src\load\load_to_raw.py - build - 73

[INFO:20] 2026-07-05 15:46:39,413 - 	loaded 1820/2764 of the data.
F:\code\medical-data-quality-pipeline\src\load\load_to_raw.py - build - 73

[INFO:20] 2026-07-05 15:46:39,444 - 	loaded 1821/2764 of the data.
F:\code\medical-data-quality-pipeline\src\load\load_to_raw.py - build - 73

[INFO:20] 2026-07-05 15:46:39,477 - 	loaded 1822/2764 of the data.
F:\code\medical-data-quality-pipeline\src\load\load_to_raw.py - build - 73

[INFO:20] 2026-07-05 15:46:39,538 - 	loaded 1823/2764 of the data.
F:\code\medical-data-quality-pipeline\src\load\load_to_raw.py - build - 73

[INFO:20] 2026-07-05 15:46:39,594 - 	loaded 1824/2764 of the data.
F:\code\medical-data-quality-pipeline\src\load\load_to_raw.py - build - 73

[INFO:20] 2026-07-05 15:46:39,644 - 	loaded 1825/2764 of the data.
F:\code\medical-data-quality-pipeline\src\load\load_to_raw.py - build - 73

[INFO:20] 2026-07-05 15:46:39,693 - 	loaded 1826/2764 of the data.
F:\code\medical-data-quality-pipeline\src\load\load_to_raw.py - build - 73

[INFO:20] 2026-07-05 15:46:39,746 - 	loaded 1827/2764 of the data.
F:\code\medical-data-quality-pipeline\src\load\load_to_raw.py - build - 73

[INFO:20] 2026-07-05 15:46:39,815 - 	loaded 1828/2764 of the data.
F:\code\medical-data-quality-pipeline\src\load\load_to_raw.py - build - 73

[INFO:20] 2026-07-05 15:46:39,868 - 	loaded 1829/2764 of the data.
F:\code\medical-data-quality-pipeline\src\load\load_to_raw.py - build - 73

[INFO:20] 2026-07-05 15:46:39,911 - 	loaded 1830/2764 of the data.
F:\code\medical-data-quality-pipeline\src\load\load_to_raw.py - build - 73

[INFO:20] 2026-07-05 15:46:39,944 - 	loaded 1831/2764 of the data.
F:\code\medical-data-quality-pipeline\src\load\load_to_raw.py - build - 73

[INFO:20] 2026-07-05 15:46:39,980 - 	loaded 1832/2764 of the data.
F:\code\medical-data-quality-pipeline\src\load\load_to_raw.py - build - 73

[INFO:20] 2026-07-05 15:46:40,127 - 	loaded 1833/2764 of the data.
F:\code\medical-data-quality-pipeline\src\load\load_to_raw.py - build - 73

[INFO:20] 2026-07-05 15:46:40,158 - 	loaded 1834/2764 of the data.
F:\code\medical-data-quality-pipeline\src\load\load_to_raw.py - build - 73

[INFO:20] 2026-07-05 15:46:40,193 - 	loaded 1835/2764 of the data.
F:\code\medical-data-quality-pipeline\src\load\load_to_raw.py - build - 73

[INFO:20] 2026-07-05 15:46:40,228 - 	loaded 1836/2764 of the data.
F:\code\medical-data-quality-pipeline\src\load\load_to_raw.py - build - 73

[INFO:20] 2026-07-05 15:46:40,262 - 	loaded 1837/2764 of the data.
F:\code\medical-data-quality-pipeline\src\load\load_to_raw.py - build - 73

[INFO:20] 2026-07-05 15:46:40,295 - 	loaded 1838/2764 of the data.
F:\code\medical-data-quality-pipeline\src\load\load_to_raw.py - build - 73

[INFO:20] 2026-07-05 15:46:40,328 - 	loaded 1839/2764 of the data.
F:\code\medical-data-quality-pipeline\src\load\load_to_raw.py - build - 73

[INFO:20] 2026-07-05 15:46:40,364 - 	loaded 1840/2764 of the data.
F:\code\medical-data-quality-pipeline\src\load\load_to_raw.py - build - 73

[INFO:20] 2026-07-05 15:46:40,503 - 	loaded 1841/2764 of the data.
F:\code\medical-data-quality-pipeline\src\load\load_to_raw.py - build - 73

[INFO:20] 2026-07-05 15:46:40,550 - 	loaded 1842/2764 of the data.
F:\code\medical-data-quality-pipeline\src\load\load_to_raw.py - build - 73

[INFO:20] 2026-07-05 15:46:40,587 - 	loaded 1843/2764 of the data.
F:\code\medical-data-quality-pipeline\src\load\load_to_raw.py - build - 73

[INFO:20] 2026-07-05 15:46:40,747 - 	loaded 1844/2764 of the data.
F:\code\medical-data-quality-pipeline\src\load\load_to_raw.py - build - 73

[INFO:20] 2026-07-05 15:46:40,784 - 	loaded 1845/2764 of the data.
F:\code\medical-data-quality-pipeline\src\load\load_to_raw.py - build - 73

[INFO:20] 2026-07-05 15:46:40,814 - 	loaded 1846/2764 of the data.
F:\code\medical-data-quality-pipeline\src\load\load_to_raw.py - build - 73

[INFO:20] 2026-07-05 15:46:40,843 - 	loaded 1847/2764 of the data.
F:\code\medical-data-quality-pipeline\src\load\load_to_raw.py - build - 73

[INFO:20] 2026-07-05 15:46:40,875 - 	loaded 1848/2764 of the data.
F:\code\medical-data-quality-pipeline\src\load\load_to_raw.py - build - 73

[INFO:20] 2026-07-05 15:46:40,908 - 	loaded 1849/2764 of the data.
F:\code\medical-data-quality-pipeline\src\load\load_to_raw.py - build - 73

[INFO:20] 2026-07-05 15:46:41,046 - 	loaded 1850/2764 of the data.
F:\code\medical-data-quality-pipeline\src\load\load_to_raw.py - build - 73

[INFO:20] 2026-07-05 15:46:41,087 - 	loaded 1851/2764 of the data.
F:\code\medical-data-quality-pipeline\src\load\load_to_raw.py - build - 73

[INFO:20] 2026-07-05 15:46:41,122 - 	loaded 1852/2764 of the data.
F:\code\medical-data-quality-pipeline\src\load\load_to_raw.py - build - 73

[INFO:20] 2026-07-05 15:46:41,155 - 	loaded 1853/2764 of the data.
F:\code\medical-data-quality-pipeline\src\load\load_to_raw.py - build - 73

[INFO:20] 2026-07-05 15:46:41,186 - 	loaded 1854/2764 of the data.
F:\code\medical-data-quality-pipeline\src\load\load_to_raw.py - build - 73

[INFO:20] 2026-07-05 15:46:41,220 - 	loaded 1855/2764 of the data.
F:\code\medical-data-quality-pipeline\src\load\load_to_raw.py - build - 73

[INFO:20] 2026-07-05 15:46:41,362 - 	loaded 1856/2764 of the data.
F:\code\medical-data-quality-pipeline\src\load\load_to_raw.py - build - 73

[INFO:20] 2026-07-05 15:46:41,393 - 	loaded 1857/2764 of the data.
F:\code\medical-data-quality-pipeline\src\load\load_to_raw.py - build - 73

[INFO:20] 2026-07-05 15:46:41,425 - 	loaded 1858/2764 of the data.
F:\code\medical-data-quality-pipeline\src\load\load_to_raw.py - build - 73

[INFO:20] 2026-07-05 15:46:41,457 - 	loaded 1859/2764 of the data.
F:\code\medical-data-quality-pipeline\src\load\load_to_raw.py - build - 73

[INFO:20] 2026-07-05 15:46:41,488 - 	loaded 1860/2764 of the data.
F:\code\medical-data-quality-pipeline\src\load\load_to_raw.py - build - 73

[INFO:20] 2026-07-05 15:46:41,524 - 	loaded 1861/2764 of the data.
F:\code\medical-data-quality-pipeline\src\load\load_to_raw.py - build - 73

[INFO:20] 2026-07-05 15:46:41,674 - 	loaded 1862/2764 of the data.
F:\code\medical-data-quality-pipeline\src\load\load_to_raw.py - build - 73

[INFO:20] 2026-07-05 15:46:41,708 - 	loaded 1863/2764 of the data.
F:\code\medical-data-quality-pipeline\src\load\load_to_raw.py - build - 73

[INFO:20] 2026-07-05 15:46:41,854 - 	loaded 1864/2764 of the data.
F:\code\medical-data-quality-pipeline\src\load\load_to_raw.py - build - 73

[INFO:20] 2026-07-05 15:46:41,902 - 	loaded 1865/2764 of the data.
F:\code\medical-data-quality-pipeline\src\load\load_to_raw.py - build - 73

[INFO:20] 2026-07-05 15:46:41,936 - 	loaded 1866/2764 of the data.
F:\code\medical-data-quality-pipeline\src\load\load_to_raw.py - build - 73

[INFO:20] 2026-07-05 15:46:41,968 - 	loaded 1867/2764 of the data.
F:\code\medical-data-quality-pipeline\src\load\load_to_raw.py - build - 73

[INFO:20] 2026-07-05 15:46:42,001 - 	loaded 1868/2764 of the data.
F:\code\medical-data-quality-pipeline\src\load\load_to_raw.py - build - 73

[INFO:20] 2026-07-05 15:46:42,035 - 	loaded 1869/2764 of the data.
F:\code\medical-data-quality-pipeline\src\load\load_to_raw.py - build - 73

[INFO:20] 2026-07-05 15:46:42,069 - 	loaded 1870/2764 of the data.
F:\code\medical-data-quality-pipeline\src\load\load_to_raw.py - build - 73

[INFO:20] 2026-07-05 15:46:42,211 - 	loaded 1871/2764 of the data.
F:\code\medical-data-quality-pipeline\src\load\load_to_raw.py - build - 73

[INFO:20] 2026-07-05 15:46:42,256 - 	loaded 1872/2764 of the data.
F:\code\medical-data-quality-pipeline\src\load\load_to_raw.py - build - 73

[INFO:20] 2026-07-05 15:46:42,286 - 	loaded 1873/2764 of the data.
F:\code\medical-data-quality-pipeline\src\load\load_to_raw.py - build - 73

[INFO:20] 2026-07-05 15:46:42,437 - 	loaded 1874/2764 of the data.
F:\code\medical-data-quality-pipeline\src\load\load_to_raw.py - build - 73

[INFO:20] 2026-07-05 15:46:42,475 - 	loaded 1875/2764 of the data.
F:\code\medical-data-quality-pipeline\src\load\load_to_raw.py - build - 73

[INFO:20] 2026-07-05 15:46:42,508 - 	loaded 1876/2764 of the data.
F:\code\medical-data-quality-pipeline\src\load\load_to_raw.py - build - 73

[INFO:20] 2026-07-05 15:46:42,540 - 	loaded 1877/2764 of the data.
F:\code\medical-data-quality-pipeline\src\load\load_to_raw.py - build - 73

[INFO:20] 2026-07-05 15:46:42,573 - 	loaded 1878/2764 of the data.
F:\code\medical-data-quality-pipeline\src\load\load_to_raw.py - build - 73

[INFO:20] 2026-07-05 15:46:42,605 - 	loaded 1879/2764 of the data.
F:\code\medical-data-quality-pipeline\src\load\load_to_raw.py - build - 73

[INFO:20] 2026-07-05 15:46:42,638 - 	loaded 1880/2764 of the data.
F:\code\medical-data-quality-pipeline\src\load\load_to_raw.py - build - 73

[INFO:20] 2026-07-05 15:46:42,676 - 	loaded 1881/2764 of the data.
F:\code\medical-data-quality-pipeline\src\load\load_to_raw.py - build - 73

[INFO:20] 2026-07-05 15:46:42,715 - 	loaded 1882/2764 of the data.
F:\code\medical-data-quality-pipeline\src\load\load_to_raw.py - build - 73

[INFO:20] 2026-07-05 15:46:42,748 - 	loaded 1883/2764 of the data.
F:\code\medical-data-quality-pipeline\src\load\load_to_raw.py - build - 73

[INFO:20] 2026-07-05 15:46:42,783 - 	loaded 1884/2764 of the data.
F:\code\medical-data-quality-pipeline\src\load\load_to_raw.py - build - 73

[INFO:20] 2026-07-05 15:46:42,814 - 	loaded 1885/2764 of the data.
F:\code\medical-data-quality-pipeline\src\load\load_to_raw.py - build - 73

[INFO:20] 2026-07-05 15:46:42,847 - 	loaded 1886/2764 of the data.
F:\code\medical-data-quality-pipeline\src\load\load_to_raw.py - build - 73

[INFO:20] 2026-07-05 15:46:42,880 - 	loaded 1887/2764 of the data.
F:\code\medical-data-quality-pipeline\src\load\load_to_raw.py - build - 73

[INFO:20] 2026-07-05 15:46:42,918 - 	loaded 1888/2764 of the data.
F:\code\medical-data-quality-pipeline\src\load\load_to_raw.py - build - 73

[INFO:20] 2026-07-05 15:46:42,955 - 	loaded 1889/2764 of the data.
F:\code\medical-data-quality-pipeline\src\load\load_to_raw.py - build - 73

[INFO:20] 2026-07-05 15:46:42,988 - 	loaded 1890/2764 of the data.
F:\code\medical-data-quality-pipeline\src\load\load_to_raw.py - build - 73

[INFO:20] 2026-07-05 15:46:43,020 - 	loaded 1891/2764 of the data.
F:\code\medical-data-quality-pipeline\src\load\load_to_raw.py - build - 73

[INFO:20] 2026-07-05 15:46:43,054 - 	loaded 1892/2764 of the data.
F:\code\medical-data-quality-pipeline\src\load\load_to_raw.py - build - 73

[INFO:20] 2026-07-05 15:46:43,089 - 	loaded 1893/2764 of the data.
F:\code\medical-data-quality-pipeline\src\load\load_to_raw.py - build - 73

[INFO:20] 2026-07-05 15:46:43,130 - 	loaded 1894/2764 of the data.
F:\code\medical-data-quality-pipeline\src\load\load_to_raw.py - build - 73

[INFO:20] 2026-07-05 15:46:43,165 - 	loaded 1895/2764 of the data.
F:\code\medical-data-quality-pipeline\src\load\load_to_raw.py - build - 73

[INFO:20] 2026-07-05 15:46:43,198 - 	loaded 1896/2764 of the data.
F:\code\medical-data-quality-pipeline\src\load\load_to_raw.py - build - 73

[INFO:20] 2026-07-05 15:46:43,231 - 	loaded 1897/2764 of the data.
F:\code\medical-data-quality-pipeline\src\load\load_to_raw.py - build - 73

[INFO:20] 2026-07-05 15:46:43,260 - 	loaded 1898/2764 of the data.
F:\code\medical-data-quality-pipeline\src\load\load_to_raw.py - build - 73

[INFO:20] 2026-07-05 15:46:43,292 - 	loaded 1899/2764 of the data.
F:\code\medical-data-quality-pipeline\src\load\load_to_raw.py - build - 73

[INFO:20] 2026-07-05 15:46:43,328 - 	loaded 1900/2764 of the data.
F:\code\medical-data-quality-pipeline\src\load\load_to_raw.py - build - 73

[INFO:20] 2026-07-05 15:46:43,367 - 	loaded 1901/2764 of the data.
F:\code\medical-data-quality-pipeline\src\load\load_to_raw.py - build - 73

[INFO:20] 2026-07-05 15:46:43,398 - 	loaded 1902/2764 of the data.
F:\code\medical-data-quality-pipeline\src\load\load_to_raw.py - build - 73

[INFO:20] 2026-07-05 15:46:43,430 - 	loaded 1903/2764 of the data.
F:\code\medical-data-quality-pipeline\src\load\load_to_raw.py - build - 73

[INFO:20] 2026-07-05 15:46:43,462 - 	loaded 1904/2764 of the data.
F:\code\medical-data-quality-pipeline\src\load\load_to_raw.py - build - 73

[INFO:20] 2026-07-05 15:46:43,495 - 	loaded 1905/2764 of the data.
F:\code\medical-data-quality-pipeline\src\load\load_to_raw.py - build - 73

[INFO:20] 2026-07-05 15:46:43,528 - 	loaded 1906/2764 of the data.
F:\code\medical-data-quality-pipeline\src\load\load_to_raw.py - build - 73

[INFO:20] 2026-07-05 15:46:43,563 - 	loaded 1907/2764 of the data.
F:\code\medical-data-quality-pipeline\src\load\load_to_raw.py - build - 73

[INFO:20] 2026-07-05 15:46:43,603 - 	loaded 1908/2764 of the data.
F:\code\medical-data-quality-pipeline\src\load\load_to_raw.py - build - 73

[INFO:20] 2026-07-05 15:46:43,637 - 	loaded 1909/2764 of the data.
F:\code\medical-data-quality-pipeline\src\load\load_to_raw.py - build - 73

[INFO:20] 2026-07-05 15:46:43,671 - 	loaded 1910/2764 of the data.
F:\code\medical-data-quality-pipeline\src\load\load_to_raw.py - build - 73

[INFO:20] 2026-07-05 15:46:43,703 - 	loaded 1911/2764 of the data.
F:\code\medical-data-quality-pipeline\src\load\load_to_raw.py - build - 73

[INFO:20] 2026-07-05 15:46:43,736 - 	loaded 1912/2764 of the data.
F:\code\medical-data-quality-pipeline\src\load\load_to_raw.py - build - 73

[INFO:20] 2026-07-05 15:46:43,768 - 	loaded 1913/2764 of the data.
F:\code\medical-data-quality-pipeline\src\load\load_to_raw.py - build - 73

[INFO:20] 2026-07-05 15:46:43,928 - 	loaded 1914/2764 of the data.
F:\code\medical-data-quality-pipeline\src\load\load_to_raw.py - build - 73

[INFO:20] 2026-07-05 15:46:44,073 - 	loaded 1915/2764 of the data.
F:\code\medical-data-quality-pipeline\src\load\load_to_raw.py - build - 73

[INFO:20] 2026-07-05 15:46:44,115 - 	loaded 1916/2764 of the data.
F:\code\medical-data-quality-pipeline\src\load\load_to_raw.py - build - 73

[INFO:20] 2026-07-05 15:46:44,165 - 	loaded 1917/2764 of the data.
F:\code\medical-data-quality-pipeline\src\load\load_to_raw.py - build - 73

[INFO:20] 2026-07-05 15:46:44,199 - 	loaded 1918/2764 of the data.
F:\code\medical-data-quality-pipeline\src\load\load_to_raw.py - build - 73

[INFO:20] 2026-07-05 15:46:44,231 - 	loaded 1919/2764 of the data.
F:\code\medical-data-quality-pipeline\src\load\load_to_raw.py - build - 73

[INFO:20] 2026-07-05 15:46:44,263 - 	loaded 1920/2764 of the data.
F:\code\medical-data-quality-pipeline\src\load\load_to_raw.py - build - 73

[INFO:20] 2026-07-05 15:46:44,298 - 	loaded 1921/2764 of the data.
F:\code\medical-data-quality-pipeline\src\load\load_to_raw.py - build - 73

[INFO:20] 2026-07-05 15:46:44,335 - 	loaded 1922/2764 of the data.
F:\code\medical-data-quality-pipeline\src\load\load_to_raw.py - build - 73

[INFO:20] 2026-07-05 15:46:44,367 - 	loaded 1923/2764 of the data.
F:\code\medical-data-quality-pipeline\src\load\load_to_raw.py - build - 73

[INFO:20] 2026-07-05 15:46:44,521 - 	loaded 1924/2764 of the data.
F:\code\medical-data-quality-pipeline\src\load\load_to_raw.py - build - 73

[INFO:20] 2026-07-05 15:46:44,555 - 	loaded 1925/2764 of the data.
F:\code\medical-data-quality-pipeline\src\load\load_to_raw.py - build - 73

[INFO:20] 2026-07-05 15:46:44,590 - 	loaded 1926/2764 of the data.
F:\code\medical-data-quality-pipeline\src\load\load_to_raw.py - build - 73

[INFO:20] 2026-07-05 15:46:44,622 - 	loaded 1927/2764 of the data.
F:\code\medical-data-quality-pipeline\src\load\load_to_raw.py - build - 73

[INFO:20] 2026-07-05 15:46:44,655 - 	loaded 1928/2764 of the data.
F:\code\medical-data-quality-pipeline\src\load\load_to_raw.py - build - 73

[INFO:20] 2026-07-05 15:46:44,687 - 	loaded 1929/2764 of the data.
F:\code\medical-data-quality-pipeline\src\load\load_to_raw.py - build - 73

[INFO:20] 2026-07-05 15:46:44,721 - 	loaded 1930/2764 of the data.
F:\code\medical-data-quality-pipeline\src\load\load_to_raw.py - build - 73

[INFO:20] 2026-07-05 15:46:44,858 - 	loaded 1931/2764 of the data.
F:\code\medical-data-quality-pipeline\src\load\load_to_raw.py - build - 73

[INFO:20] 2026-07-05 15:46:44,892 - 	loaded 1932/2764 of the data.
F:\code\medical-data-quality-pipeline\src\load\load_to_raw.py - build - 73

[INFO:20] 2026-07-05 15:46:44,923 - 	loaded 1933/2764 of the data.
F:\code\medical-data-quality-pipeline\src\load\load_to_raw.py - build - 73

[INFO:20] 2026-07-05 15:46:44,955 - 	loaded 1934/2764 of the data.
F:\code\medical-data-quality-pipeline\src\load\load_to_raw.py - build - 73

[INFO:20] 2026-07-05 15:46:45,106 - 	loaded 1935/2764 of the data.
F:\code\medical-data-quality-pipeline\src\load\load_to_raw.py - build - 73

[INFO:20] 2026-07-05 15:46:45,144 - 	loaded 1936/2764 of the data.
F:\code\medical-data-quality-pipeline\src\load\load_to_raw.py - build - 73

[INFO:20] 2026-07-05 15:46:45,175 - 	loaded 1937/2764 of the data.
F:\code\medical-data-quality-pipeline\src\load\load_to_raw.py - build - 73

[INFO:20] 2026-07-05 15:46:45,206 - 	loaded 1938/2764 of the data.
F:\code\medical-data-quality-pipeline\src\load\load_to_raw.py - build - 73

[INFO:20] 2026-07-05 15:46:45,238 - 	loaded 1939/2764 of the data.
F:\code\medical-data-quality-pipeline\src\load\load_to_raw.py - build - 73

[INFO:20] 2026-07-05 15:46:45,269 - 	loaded 1940/2764 of the data.
F:\code\medical-data-quality-pipeline\src\load\load_to_raw.py - build - 73

[INFO:20] 2026-07-05 15:46:45,300 - 	loaded 1941/2764 of the data.
F:\code\medical-data-quality-pipeline\src\load\load_to_raw.py - build - 73

[INFO:20] 2026-07-05 15:46:45,334 - 	loaded 1942/2764 of the data.
F:\code\medical-data-quality-pipeline\src\load\load_to_raw.py - build - 73

[INFO:20] 2026-07-05 15:46:45,374 - 	loaded 1943/2764 of the data.
F:\code\medical-data-quality-pipeline\src\load\load_to_raw.py - build - 73

[INFO:20] 2026-07-05 15:46:45,407 - 	loaded 1944/2764 of the data.
F:\code\medical-data-quality-pipeline\src\load\load_to_raw.py - build - 73

[INFO:20] 2026-07-05 15:46:45,439 - 	loaded 1945/2764 of the data.
F:\code\medical-data-quality-pipeline\src\load\load_to_raw.py - build - 73

[INFO:20] 2026-07-05 15:46:45,586 - 	loaded 1946/2764 of the data.
F:\code\medical-data-quality-pipeline\src\load\load_to_raw.py - build - 73

[INFO:20] 2026-07-05 15:46:45,617 - 	loaded 1947/2764 of the data.
F:\code\medical-data-quality-pipeline\src\load\load_to_raw.py - build - 73

[INFO:20] 2026-07-05 15:46:45,649 - 	loaded 1948/2764 of the data.
F:\code\medical-data-quality-pipeline\src\load\load_to_raw.py - build - 73

[INFO:20] 2026-07-05 15:46:45,682 - 	loaded 1949/2764 of the data.
F:\code\medical-data-quality-pipeline\src\load\load_to_raw.py - build - 73

[INFO:20] 2026-07-05 15:46:45,714 - 	loaded 1950/2764 of the data.
F:\code\medical-data-quality-pipeline\src\load\load_to_raw.py - build - 73

[INFO:20] 2026-07-05 15:46:45,746 - 	loaded 1951/2764 of the data.
F:\code\medical-data-quality-pipeline\src\load\load_to_raw.py - build - 73

[INFO:20] 2026-07-05 15:46:45,782 - 	loaded 1952/2764 of the data.
F:\code\medical-data-quality-pipeline\src\load\load_to_raw.py - build - 73

[INFO:20] 2026-07-05 15:46:45,821 - 	loaded 1953/2764 of the data.
F:\code\medical-data-quality-pipeline\src\load\load_to_raw.py - build - 73

[INFO:20] 2026-07-05 15:46:45,861 - 	loaded 1954/2764 of the data.
F:\code\medical-data-quality-pipeline\src\load\load_to_raw.py - build - 73

[INFO:20] 2026-07-05 15:46:45,993 - 	loaded 1955/2764 of the data.
F:\code\medical-data-quality-pipeline\src\load\load_to_raw.py - build - 73

[INFO:20] 2026-07-05 15:46:46,025 - 	loaded 1956/2764 of the data.
F:\code\medical-data-quality-pipeline\src\load\load_to_raw.py - build - 73

[INFO:20] 2026-07-05 15:46:46,061 - 	loaded 1957/2764 of the data.
F:\code\medical-data-quality-pipeline\src\load\load_to_raw.py - build - 73

[INFO:20] 2026-07-05 15:46:46,202 - 	loaded 1958/2764 of the data.
F:\code\medical-data-quality-pipeline\src\load\load_to_raw.py - build - 73

[INFO:20] 2026-07-05 15:46:46,233 - 	loaded 1959/2764 of the data.
F:\code\medical-data-quality-pipeline\src\load\load_to_raw.py - build - 73

[INFO:20] 2026-07-05 15:46:46,269 - 	loaded 1960/2764 of the data.
F:\code\medical-data-quality-pipeline\src\load\load_to_raw.py - build - 73

[INFO:20] 2026-07-05 15:46:46,302 - 	loaded 1961/2764 of the data.
F:\code\medical-data-quality-pipeline\src\load\load_to_raw.py - build - 73

[INFO:20] 2026-07-05 15:46:46,333 - 	loaded 1962/2764 of the data.
F:\code\medical-data-quality-pipeline\src\load\load_to_raw.py - build - 73

[INFO:20] 2026-07-05 15:46:46,514 - 	loaded 1963/2764 of the data.
F:\code\medical-data-quality-pipeline\src\load\load_to_raw.py - build - 73

[INFO:20] 2026-07-05 15:46:46,677 - 	loaded 1964/2764 of the data.
F:\code\medical-data-quality-pipeline\src\load\load_to_raw.py - build - 73

[INFO:20] 2026-07-05 15:46:46,714 - 	loaded 1965/2764 of the data.
F:\code\medical-data-quality-pipeline\src\load\load_to_raw.py - build - 73

[INFO:20] 2026-07-05 15:46:46,749 - 	loaded 1966/2764 of the data.
F:\code\medical-data-quality-pipeline\src\load\load_to_raw.py - build - 73

[INFO:20] 2026-07-05 15:46:46,780 - 	loaded 1967/2764 of the data.
F:\code\medical-data-quality-pipeline\src\load\load_to_raw.py - build - 73

[INFO:20] 2026-07-05 15:46:46,812 - 	loaded 1968/2764 of the data.
F:\code\medical-data-quality-pipeline\src\load\load_to_raw.py - build - 73

[INFO:20] 2026-07-05 15:46:46,846 - 	loaded 1969/2764 of the data.
F:\code\medical-data-quality-pipeline\src\load\load_to_raw.py - build - 73

[INFO:20] 2026-07-05 15:46:46,879 - 	loaded 1970/2764 of the data.
F:\code\medical-data-quality-pipeline\src\load\load_to_raw.py - build - 73

[INFO:20] 2026-07-05 15:46:46,911 - 	loaded 1971/2764 of the data.
F:\code\medical-data-quality-pipeline\src\load\load_to_raw.py - build - 73

[INFO:20] 2026-07-05 15:46:46,945 - 	loaded 1972/2764 of the data.
F:\code\medical-data-quality-pipeline\src\load\load_to_raw.py - build - 73

[INFO:20] 2026-07-05 15:46:46,987 - 	loaded 1973/2764 of the data.
F:\code\medical-data-quality-pipeline\src\load\load_to_raw.py - build - 73

[INFO:20] 2026-07-05 15:46:47,021 - 	loaded 1974/2764 of the data.
F:\code\medical-data-quality-pipeline\src\load\load_to_raw.py - build - 73

[INFO:20] 2026-07-05 15:46:47,207 - 	loaded 1975/2764 of the data.
F:\code\medical-data-quality-pipeline\src\load\load_to_raw.py - build - 73

[INFO:20] 2026-07-05 15:46:47,240 - 	loaded 1976/2764 of the data.
F:\code\medical-data-quality-pipeline\src\load\load_to_raw.py - build - 73

[INFO:20] 2026-07-05 15:46:47,270 - 	loaded 1977/2764 of the data.
F:\code\medical-data-quality-pipeline\src\load\load_to_raw.py - build - 73

[INFO:20] 2026-07-05 15:46:47,302 - 	loaded 1978/2764 of the data.
F:\code\medical-data-quality-pipeline\src\load\load_to_raw.py - build - 73

[INFO:20] 2026-07-05 15:46:47,475 - 	loaded 1979/2764 of the data.
F:\code\medical-data-quality-pipeline\src\load\load_to_raw.py - build - 73

[INFO:20] 2026-07-05 15:46:47,513 - 	loaded 1980/2764 of the data.
F:\code\medical-data-quality-pipeline\src\load\load_to_raw.py - build - 73

[INFO:20] 2026-07-05 15:46:47,547 - 	loaded 1981/2764 of the data.
F:\code\medical-data-quality-pipeline\src\load\load_to_raw.py - build - 73

[INFO:20] 2026-07-05 15:46:47,583 - 	loaded 1982/2764 of the data.
F:\code\medical-data-quality-pipeline\src\load\load_to_raw.py - build - 73

[INFO:20] 2026-07-05 15:46:47,624 - 	loaded 1983/2764 of the data.
F:\code\medical-data-quality-pipeline\src\load\load_to_raw.py - build - 73

[INFO:20] 2026-07-05 15:46:47,674 - 	loaded 1984/2764 of the data.
F:\code\medical-data-quality-pipeline\src\load\load_to_raw.py - build - 73

[INFO:20] 2026-07-05 15:46:47,716 - 	loaded 1985/2764 of the data.
F:\code\medical-data-quality-pipeline\src\load\load_to_raw.py - build - 73

[INFO:20] 2026-07-05 15:46:47,749 - 	loaded 1986/2764 of the data.
F:\code\medical-data-quality-pipeline\src\load\load_to_raw.py - build - 73

[INFO:20] 2026-07-05 15:46:47,783 - 	loaded 1987/2764 of the data.
F:\code\medical-data-quality-pipeline\src\load\load_to_raw.py - build - 73

[INFO:20] 2026-07-05 15:46:47,817 - 	loaded 1988/2764 of the data.
F:\code\medical-data-quality-pipeline\src\load\load_to_raw.py - build - 73

[INFO:20] 2026-07-05 15:46:47,849 - 	loaded 1989/2764 of the data.
F:\code\medical-data-quality-pipeline\src\load\load_to_raw.py - build - 73

[INFO:20] 2026-07-05 15:46:47,882 - 	loaded 1990/2764 of the data.
F:\code\medical-data-quality-pipeline\src\load\load_to_raw.py - build - 73

[INFO:20] 2026-07-05 15:46:47,916 - 	loaded 1991/2764 of the data.
F:\code\medical-data-quality-pipeline\src\load\load_to_raw.py - build - 73

[INFO:20] 2026-07-05 15:46:47,952 - 	loaded 1992/2764 of the data.
F:\code\medical-data-quality-pipeline\src\load\load_to_raw.py - build - 73

[INFO:20] 2026-07-05 15:46:47,989 - 	loaded 1993/2764 of the data.
F:\code\medical-data-quality-pipeline\src\load\load_to_raw.py - build - 73

[INFO:20] 2026-07-05 15:46:48,021 - 	loaded 1994/2764 of the data.
F:\code\medical-data-quality-pipeline\src\load\load_to_raw.py - build - 73

[INFO:20] 2026-07-05 15:46:48,056 - 	loaded 1995/2764 of the data.
F:\code\medical-data-quality-pipeline\src\load\load_to_raw.py - build - 73

[INFO:20] 2026-07-05 15:46:48,093 - 	loaded 1996/2764 of the data.
F:\code\medical-data-quality-pipeline\src\load\load_to_raw.py - build - 73

[INFO:20] 2026-07-05 15:46:48,127 - 	loaded 1997/2764 of the data.
F:\code\medical-data-quality-pipeline\src\load\load_to_raw.py - build - 73

[INFO:20] 2026-07-05 15:46:48,169 - 	loaded 1998/2764 of the data.
F:\code\medical-data-quality-pipeline\src\load\load_to_raw.py - build - 73

[INFO:20] 2026-07-05 15:46:48,209 - 	loaded 1999/2764 of the data.
F:\code\medical-data-quality-pipeline\src\load\load_to_raw.py - build - 73

[INFO:20] 2026-07-05 15:46:48,246 - 	loaded 2000/2764 of the data.
F:\code\medical-data-quality-pipeline\src\load\load_to_raw.py - build - 73

[INFO:20] 2026-07-05 15:46:48,279 - 	loaded 2001/2764 of the data.
F:\code\medical-data-quality-pipeline\src\load\load_to_raw.py - build - 73

[INFO:20] 2026-07-05 15:46:48,311 - 	loaded 2002/2764 of the data.
F:\code\medical-data-quality-pipeline\src\load\load_to_raw.py - build - 73

[INFO:20] 2026-07-05 15:46:48,344 - 	loaded 2003/2764 of the data.
F:\code\medical-data-quality-pipeline\src\load\load_to_raw.py - build - 73

[INFO:20] 2026-07-05 15:46:48,375 - 	loaded 2004/2764 of the data.
F:\code\medical-data-quality-pipeline\src\load\load_to_raw.py - build - 73

[INFO:20] 2026-07-05 15:46:48,413 - 	loaded 2005/2764 of the data.
F:\code\medical-data-quality-pipeline\src\load\load_to_raw.py - build - 73

[INFO:20] 2026-07-05 15:46:48,571 - 	loaded 2006/2764 of the data.
F:\code\medical-data-quality-pipeline\src\load\load_to_raw.py - build - 73

[INFO:20] 2026-07-05 15:46:48,616 - 	loaded 2007/2764 of the data.
F:\code\medical-data-quality-pipeline\src\load\load_to_raw.py - build - 73

[INFO:20] 2026-07-05 15:46:48,647 - 	loaded 2008/2764 of the data.
F:\code\medical-data-quality-pipeline\src\load\load_to_raw.py - build - 73

[INFO:20] 2026-07-05 15:46:48,681 - 	loaded 2009/2764 of the data.
F:\code\medical-data-quality-pipeline\src\load\load_to_raw.py - build - 73

[INFO:20] 2026-07-05 15:46:48,715 - 	loaded 2010/2764 of the data.
F:\code\medical-data-quality-pipeline\src\load\load_to_raw.py - build - 73

[INFO:20] 2026-07-05 15:46:48,749 - 	loaded 2011/2764 of the data.
F:\code\medical-data-quality-pipeline\src\load\load_to_raw.py - build - 73

[INFO:20] 2026-07-05 15:46:48,783 - 	loaded 2012/2764 of the data.
F:\code\medical-data-quality-pipeline\src\load\load_to_raw.py - build - 73

[INFO:20] 2026-07-05 15:46:48,816 - 	loaded 2013/2764 of the data.
F:\code\medical-data-quality-pipeline\src\load\load_to_raw.py - build - 73

[INFO:20] 2026-07-05 15:46:48,856 - 	loaded 2014/2764 of the data.
F:\code\medical-data-quality-pipeline\src\load\load_to_raw.py - build - 73

[INFO:20] 2026-07-05 15:46:48,893 - 	loaded 2015/2764 of the data.
F:\code\medical-data-quality-pipeline\src\load\load_to_raw.py - build - 73

[INFO:20] 2026-07-05 15:46:48,925 - 	loaded 2016/2764 of the data.
F:\code\medical-data-quality-pipeline\src\load\load_to_raw.py - build - 73

[INFO:20] 2026-07-05 15:46:48,958 - 	loaded 2017/2764 of the data.
F:\code\medical-data-quality-pipeline\src\load\load_to_raw.py - build - 73

[INFO:20] 2026-07-05 15:46:48,993 - 	loaded 2018/2764 of the data.
F:\code\medical-data-quality-pipeline\src\load\load_to_raw.py - build - 73

[INFO:20] 2026-07-05 15:46:49,029 - 	loaded 2019/2764 of the data.
F:\code\medical-data-quality-pipeline\src\load\load_to_raw.py - build - 73

[INFO:20] 2026-07-05 15:46:49,062 - 	loaded 2020/2764 of the data.
F:\code\medical-data-quality-pipeline\src\load\load_to_raw.py - build - 73

[INFO:20] 2026-07-05 15:46:49,107 - 	loaded 2021/2764 of the data.
F:\code\medical-data-quality-pipeline\src\load\load_to_raw.py - build - 73

[INFO:20] 2026-07-05 15:46:49,286 - 	loaded 2022/2764 of the data.
F:\code\medical-data-quality-pipeline\src\load\load_to_raw.py - build - 73

[INFO:20] 2026-07-05 15:46:49,320 - 	loaded 2023/2764 of the data.
F:\code\medical-data-quality-pipeline\src\load\load_to_raw.py - build - 73

[INFO:20] 2026-07-05 15:46:49,350 - 	loaded 2024/2764 of the data.
F:\code\medical-data-quality-pipeline\src\load\load_to_raw.py - build - 73

[INFO:20] 2026-07-05 15:46:49,388 - 	loaded 2025/2764 of the data.
F:\code\medical-data-quality-pipeline\src\load\load_to_raw.py - build - 73

[INFO:20] 2026-07-05 15:46:49,423 - 	loaded 2026/2764 of the data.
F:\code\medical-data-quality-pipeline\src\load\load_to_raw.py - build - 73

[INFO:20] 2026-07-05 15:46:49,456 - 	loaded 2027/2764 of the data.
F:\code\medical-data-quality-pipeline\src\load\load_to_raw.py - build - 73

[INFO:20] 2026-07-05 15:46:49,490 - 	loaded 2028/2764 of the data.
F:\code\medical-data-quality-pipeline\src\load\load_to_raw.py - build - 73

[INFO:20] 2026-07-05 15:46:49,527 - 	loaded 2029/2764 of the data.
F:\code\medical-data-quality-pipeline\src\load\load_to_raw.py - build - 73

[INFO:20] 2026-07-05 15:46:49,676 - 	loaded 2030/2764 of the data.
F:\code\medical-data-quality-pipeline\src\load\load_to_raw.py - build - 73

[INFO:20] 2026-07-05 15:46:49,716 - 	loaded 2031/2764 of the data.
F:\code\medical-data-quality-pipeline\src\load\load_to_raw.py - build - 73

[INFO:20] 2026-07-05 15:46:49,754 - 	loaded 2032/2764 of the data.
F:\code\medical-data-quality-pipeline\src\load\load_to_raw.py - build - 73

[INFO:20] 2026-07-05 15:46:49,790 - 	loaded 2033/2764 of the data.
F:\code\medical-data-quality-pipeline\src\load\load_to_raw.py - build - 73

[INFO:20] 2026-07-05 15:46:49,937 - 	loaded 2034/2764 of the data.
F:\code\medical-data-quality-pipeline\src\load\load_to_raw.py - build - 73

[INFO:20] 2026-07-05 15:46:49,969 - 	loaded 2035/2764 of the data.
F:\code\medical-data-quality-pipeline\src\load\load_to_raw.py - build - 73

[INFO:20] 2026-07-05 15:46:50,127 - 	loaded 2036/2764 of the data.
F:\code\medical-data-quality-pipeline\src\load\load_to_raw.py - build - 73

[INFO:20] 2026-07-05 15:46:50,178 - 	loaded 2037/2764 of the data.
F:\code\medical-data-quality-pipeline\src\load\load_to_raw.py - build - 73

[INFO:20] 2026-07-05 15:46:50,207 - 	loaded 2038/2764 of the data.
F:\code\medical-data-quality-pipeline\src\load\load_to_raw.py - build - 73

[INFO:20] 2026-07-05 15:46:50,241 - 	loaded 2039/2764 of the data.
F:\code\medical-data-quality-pipeline\src\load\load_to_raw.py - build - 73

[INFO:20] 2026-07-05 15:46:50,275 - 	loaded 2040/2764 of the data.
F:\code\medical-data-quality-pipeline\src\load\load_to_raw.py - build - 73

[INFO:20] 2026-07-05 15:46:50,308 - 	loaded 2041/2764 of the data.
F:\code\medical-data-quality-pipeline\src\load\load_to_raw.py - build - 73

[INFO:20] 2026-07-05 15:46:50,340 - 	loaded 2042/2764 of the data.
F:\code\medical-data-quality-pipeline\src\load\load_to_raw.py - build - 73

[INFO:20] 2026-07-05 15:46:50,372 - 	loaded 2043/2764 of the data.
F:\code\medical-data-quality-pipeline\src\load\load_to_raw.py - build - 73

[INFO:20] 2026-07-05 15:46:50,412 - 	loaded 2044/2764 of the data.
F:\code\medical-data-quality-pipeline\src\load\load_to_raw.py - build - 73

[INFO:20] 2026-07-05 15:46:50,450 - 	loaded 2045/2764 of the data.
F:\code\medical-data-quality-pipeline\src\load\load_to_raw.py - build - 73

[INFO:20] 2026-07-05 15:46:50,485 - 	loaded 2046/2764 of the data.
F:\code\medical-data-quality-pipeline\src\load\load_to_raw.py - build - 73

[INFO:20] 2026-07-05 15:46:50,520 - 	loaded 2047/2764 of the data.
F:\code\medical-data-quality-pipeline\src\load\load_to_raw.py - build - 73

[INFO:20] 2026-07-05 15:46:50,664 - 	loaded 2048/2764 of the data.
F:\code\medical-data-quality-pipeline\src\load\load_to_raw.py - build - 73

[INFO:20] 2026-07-05 15:46:50,696 - 	loaded 2049/2764 of the data.
F:\code\medical-data-quality-pipeline\src\load\load_to_raw.py - build - 73

[INFO:20] 2026-07-05 15:46:50,729 - 	loaded 2050/2764 of the data.
F:\code\medical-data-quality-pipeline\src\load\load_to_raw.py - build - 73

[INFO:20] 2026-07-05 15:46:50,760 - 	loaded 2051/2764 of the data.
F:\code\medical-data-quality-pipeline\src\load\load_to_raw.py - build - 73

[INFO:20] 2026-07-05 15:46:50,793 - 	loaded 2052/2764 of the data.
F:\code\medical-data-quality-pipeline\src\load\load_to_raw.py - build - 73

[INFO:20] 2026-07-05 15:46:50,824 - 	loaded 2053/2764 of the data.
F:\code\medical-data-quality-pipeline\src\load\load_to_raw.py - build - 73

[INFO:20] 2026-07-05 15:46:50,961 - 	loaded 2054/2764 of the data.
F:\code\medical-data-quality-pipeline\src\load\load_to_raw.py - build - 73

[INFO:20] 2026-07-05 15:46:51,121 - 	loaded 2055/2764 of the data.
F:\code\medical-data-quality-pipeline\src\load\load_to_raw.py - build - 73

[INFO:20] 2026-07-05 15:46:51,152 - 	loaded 2056/2764 of the data.
F:\code\medical-data-quality-pipeline\src\load\load_to_raw.py - build - 73

[INFO:20] 2026-07-05 15:46:51,190 - 	loaded 2057/2764 of the data.
F:\code\medical-data-quality-pipeline\src\load\load_to_raw.py - build - 73

[INFO:20] 2026-07-05 15:46:51,220 - 	loaded 2058/2764 of the data.
F:\code\medical-data-quality-pipeline\src\load\load_to_raw.py - build - 73

[INFO:20] 2026-07-05 15:46:51,250 - 	loaded 2059/2764 of the data.
F:\code\medical-data-quality-pipeline\src\load\load_to_raw.py - build - 73

[INFO:20] 2026-07-05 15:46:51,281 - 	loaded 2060/2764 of the data.
F:\code\medical-data-quality-pipeline\src\load\load_to_raw.py - build - 73

[INFO:20] 2026-07-05 15:46:51,318 - 	loaded 2061/2764 of the data.
F:\code\medical-data-quality-pipeline\src\load\load_to_raw.py - build - 73

[INFO:20] 2026-07-05 15:46:51,453 - 	loaded 2062/2764 of the data.
F:\code\medical-data-quality-pipeline\src\load\load_to_raw.py - build - 73

[INFO:20] 2026-07-05 15:46:51,484 - 	loaded 2063/2764 of the data.
F:\code\medical-data-quality-pipeline\src\load\load_to_raw.py - build - 73

[INFO:20] 2026-07-05 15:46:51,516 - 	loaded 2064/2764 of the data.
F:\code\medical-data-quality-pipeline\src\load\load_to_raw.py - build - 73

[INFO:20] 2026-07-05 15:46:51,547 - 	loaded 2065/2764 of the data.
F:\code\medical-data-quality-pipeline\src\load\load_to_raw.py - build - 73

[INFO:20] 2026-07-05 15:46:51,581 - 	loaded 2066/2764 of the data.
F:\code\medical-data-quality-pipeline\src\load\load_to_raw.py - build - 73

[INFO:20] 2026-07-05 15:46:51,612 - 	loaded 2067/2764 of the data.
F:\code\medical-data-quality-pipeline\src\load\load_to_raw.py - build - 73

[INFO:20] 2026-07-05 15:46:51,644 - 	loaded 2068/2764 of the data.
F:\code\medical-data-quality-pipeline\src\load\load_to_raw.py - build - 73

[INFO:20] 2026-07-05 15:46:51,682 - 	loaded 2069/2764 of the data.
F:\code\medical-data-quality-pipeline\src\load\load_to_raw.py - build - 73

[INFO:20] 2026-07-05 15:46:51,724 - 	loaded 2070/2764 of the data.
F:\code\medical-data-quality-pipeline\src\load\load_to_raw.py - build - 73

[INFO:20] 2026-07-05 15:46:51,757 - 	loaded 2071/2764 of the data.
F:\code\medical-data-quality-pipeline\src\load\load_to_raw.py - build - 73

[INFO:20] 2026-07-05 15:46:51,791 - 	loaded 2072/2764 of the data.
F:\code\medical-data-quality-pipeline\src\load\load_to_raw.py - build - 73

[INFO:20] 2026-07-05 15:46:51,826 - 	loaded 2073/2764 of the data.
F:\code\medical-data-quality-pipeline\src\load\load_to_raw.py - build - 73

[INFO:20] 2026-07-05 15:46:51,859 - 	loaded 2074/2764 of the data.
F:\code\medical-data-quality-pipeline\src\load\load_to_raw.py - build - 73

[INFO:20] 2026-07-05 15:46:52,020 - 	loaded 2075/2764 of the data.
F:\code\medical-data-quality-pipeline\src\load\load_to_raw.py - build - 73

[INFO:20] 2026-07-05 15:46:52,189 - 	loaded 2076/2764 of the data.
F:\code\medical-data-quality-pipeline\src\load\load_to_raw.py - build - 73

[INFO:20] 2026-07-05 15:46:52,224 - 	loaded 2077/2764 of the data.
F:\code\medical-data-quality-pipeline\src\load\load_to_raw.py - build - 73

[INFO:20] 2026-07-05 15:46:52,257 - 	loaded 2078/2764 of the data.
F:\code\medical-data-quality-pipeline\src\load\load_to_raw.py - build - 73

[INFO:20] 2026-07-05 15:46:52,288 - 	loaded 2079/2764 of the data.
F:\code\medical-data-quality-pipeline\src\load\load_to_raw.py - build - 73

[INFO:20] 2026-07-05 15:46:52,317 - 	loaded 2080/2764 of the data.
F:\code\medical-data-quality-pipeline\src\load\load_to_raw.py - build - 73

[INFO:20] 2026-07-05 15:46:52,352 - 	loaded 2081/2764 of the data.
F:\code\medical-data-quality-pipeline\src\load\load_to_raw.py - build - 73

[INFO:20] 2026-07-05 15:46:52,385 - 	loaded 2082/2764 of the data.
F:\code\medical-data-quality-pipeline\src\load\load_to_raw.py - build - 73

[INFO:20] 2026-07-05 15:46:52,418 - 	loaded 2083/2764 of the data.
F:\code\medical-data-quality-pipeline\src\load\load_to_raw.py - build - 73

[INFO:20] 2026-07-05 15:46:52,451 - 	loaded 2084/2764 of the data.
F:\code\medical-data-quality-pipeline\src\load\load_to_raw.py - build - 73

[INFO:20] 2026-07-05 15:46:52,488 - 	loaded 2085/2764 of the data.
F:\code\medical-data-quality-pipeline\src\load\load_to_raw.py - build - 73

[INFO:20] 2026-07-05 15:46:52,529 - 	loaded 2086/2764 of the data.
F:\code\medical-data-quality-pipeline\src\load\load_to_raw.py - build - 73

[INFO:20] 2026-07-05 15:46:52,565 - 	loaded 2087/2764 of the data.
F:\code\medical-data-quality-pipeline\src\load\load_to_raw.py - build - 73

[INFO:20] 2026-07-05 15:46:52,600 - 	loaded 2088/2764 of the data.
F:\code\medical-data-quality-pipeline\src\load\load_to_raw.py - build - 73

[INFO:20] 2026-07-05 15:46:52,636 - 	loaded 2089/2764 of the data.
F:\code\medical-data-quality-pipeline\src\load\load_to_raw.py - build - 73

[INFO:20] 2026-07-05 15:46:52,672 - 	loaded 2090/2764 of the data.
F:\code\medical-data-quality-pipeline\src\load\load_to_raw.py - build - 73

[INFO:20] 2026-07-05 15:46:52,708 - 	loaded 2091/2764 of the data.
F:\code\medical-data-quality-pipeline\src\load\load_to_raw.py - build - 73

[INFO:20] 2026-07-05 15:46:52,750 - 	loaded 2092/2764 of the data.
F:\code\medical-data-quality-pipeline\src\load\load_to_raw.py - build - 73

[INFO:20] 2026-07-05 15:46:52,785 - 	loaded 2093/2764 of the data.
F:\code\medical-data-quality-pipeline\src\load\load_to_raw.py - build - 73

[INFO:20] 2026-07-05 15:46:52,817 - 	loaded 2094/2764 of the data.
F:\code\medical-data-quality-pipeline\src\load\load_to_raw.py - build - 73

[INFO:20] 2026-07-05 15:46:52,856 - 	loaded 2095/2764 of the data.
F:\code\medical-data-quality-pipeline\src\load\load_to_raw.py - build - 73

[INFO:20] 2026-07-05 15:46:52,892 - 	loaded 2096/2764 of the data.
F:\code\medical-data-quality-pipeline\src\load\load_to_raw.py - build - 73

[INFO:20] 2026-07-05 15:46:53,031 - 	loaded 2097/2764 of the data.
F:\code\medical-data-quality-pipeline\src\load\load_to_raw.py - build - 73

[INFO:20] 2026-07-05 15:46:53,072 - 	loaded 2098/2764 of the data.
F:\code\medical-data-quality-pipeline\src\load\load_to_raw.py - build - 73

[INFO:20] 2026-07-05 15:46:53,104 - 	loaded 2099/2764 of the data.
F:\code\medical-data-quality-pipeline\src\load\load_to_raw.py - build - 73

[INFO:20] 2026-07-05 15:46:53,138 - 	loaded 2100/2764 of the data.
F:\code\medical-data-quality-pipeline\src\load\load_to_raw.py - build - 73

[INFO:20] 2026-07-05 15:46:53,171 - 	loaded 2101/2764 of the data.
F:\code\medical-data-quality-pipeline\src\load\load_to_raw.py - build - 73

[INFO:20] 2026-07-05 15:46:53,205 - 	loaded 2102/2764 of the data.
F:\code\medical-data-quality-pipeline\src\load\load_to_raw.py - build - 73

[INFO:20] 2026-07-05 15:46:53,239 - 	loaded 2103/2764 of the data.
F:\code\medical-data-quality-pipeline\src\load\load_to_raw.py - build - 73

[INFO:20] 2026-07-05 15:46:53,278 - 	loaded 2104/2764 of the data.
F:\code\medical-data-quality-pipeline\src\load\load_to_raw.py - build - 73

[INFO:20] 2026-07-05 15:46:53,314 - 	loaded 2105/2764 of the data.
F:\code\medical-data-quality-pipeline\src\load\load_to_raw.py - build - 73

[INFO:20] 2026-07-05 15:46:53,348 - 	loaded 2106/2764 of the data.
F:\code\medical-data-quality-pipeline\src\load\load_to_raw.py - build - 73

[INFO:20] 2026-07-05 15:46:53,379 - 	loaded 2107/2764 of the data.
F:\code\medical-data-quality-pipeline\src\load\load_to_raw.py - build - 73

[INFO:20] 2026-07-05 15:46:53,409 - 	loaded 2108/2764 of the data.
F:\code\medical-data-quality-pipeline\src\load\load_to_raw.py - build - 73

[INFO:20] 2026-07-05 15:46:53,442 - 	loaded 2109/2764 of the data.
F:\code\medical-data-quality-pipeline\src\load\load_to_raw.py - build - 73

[INFO:20] 2026-07-05 15:46:53,479 - 	loaded 2110/2764 of the data.
F:\code\medical-data-quality-pipeline\src\load\load_to_raw.py - build - 73

[INFO:20] 2026-07-05 15:46:53,518 - 	loaded 2111/2764 of the data.
F:\code\medical-data-quality-pipeline\src\load\load_to_raw.py - build - 73

[INFO:20] 2026-07-05 15:46:53,552 - 	loaded 2112/2764 of the data.
F:\code\medical-data-quality-pipeline\src\load\load_to_raw.py - build - 73

[INFO:20] 2026-07-05 15:46:53,584 - 	loaded 2113/2764 of the data.
F:\code\medical-data-quality-pipeline\src\load\load_to_raw.py - build - 73

[INFO:20] 2026-07-05 15:46:53,734 - 	loaded 2114/2764 of the data.
F:\code\medical-data-quality-pipeline\src\load\load_to_raw.py - build - 73

[INFO:20] 2026-07-05 15:46:53,767 - 	loaded 2115/2764 of the data.
F:\code\medical-data-quality-pipeline\src\load\load_to_raw.py - build - 73

[INFO:20] 2026-07-05 15:46:53,799 - 	loaded 2116/2764 of the data.
F:\code\medical-data-quality-pipeline\src\load\load_to_raw.py - build - 73

[INFO:20] 2026-07-05 15:46:53,831 - 	loaded 2117/2764 of the data.
F:\code\medical-data-quality-pipeline\src\load\load_to_raw.py - build - 73

[INFO:20] 2026-07-05 15:46:53,863 - 	loaded 2118/2764 of the data.
F:\code\medical-data-quality-pipeline\src\load\load_to_raw.py - build - 73

[INFO:20] 2026-07-05 15:46:53,896 - 	loaded 2119/2764 of the data.
F:\code\medical-data-quality-pipeline\src\load\load_to_raw.py - build - 73

[INFO:20] 2026-07-05 15:46:53,929 - 	loaded 2120/2764 of the data.
F:\code\medical-data-quality-pipeline\src\load\load_to_raw.py - build - 73

[INFO:20] 2026-07-05 15:46:53,966 - 	loaded 2121/2764 of the data.
F:\code\medical-data-quality-pipeline\src\load\load_to_raw.py - build - 73

[INFO:20] 2026-07-05 15:46:54,005 - 	loaded 2122/2764 of the data.
F:\code\medical-data-quality-pipeline\src\load\load_to_raw.py - build - 73

[INFO:20] 2026-07-05 15:46:54,148 - 	loaded 2123/2764 of the data.
F:\code\medical-data-quality-pipeline\src\load\load_to_raw.py - build - 73

[INFO:20] 2026-07-05 15:46:54,189 - 	loaded 2124/2764 of the data.
F:\code\medical-data-quality-pipeline\src\load\load_to_raw.py - build - 73

[INFO:20] 2026-07-05 15:46:54,224 - 	loaded 2125/2764 of the data.
F:\code\medical-data-quality-pipeline\src\load\load_to_raw.py - build - 73

[INFO:20] 2026-07-05 15:46:54,257 - 	loaded 2126/2764 of the data.
F:\code\medical-data-quality-pipeline\src\load\load_to_raw.py - build - 73

[INFO:20] 2026-07-05 15:46:54,289 - 	loaded 2127/2764 of the data.
F:\code\medical-data-quality-pipeline\src\load\load_to_raw.py - build - 73

[INFO:20] 2026-07-05 15:46:54,322 - 	loaded 2128/2764 of the data.
F:\code\medical-data-quality-pipeline\src\load\load_to_raw.py - build - 73

[INFO:20] 2026-07-05 15:46:54,354 - 	loaded 2129/2764 of the data.
F:\code\medical-data-quality-pipeline\src\load\load_to_raw.py - build - 73

[INFO:20] 2026-07-05 15:46:54,387 - 	loaded 2130/2764 of the data.
F:\code\medical-data-quality-pipeline\src\load\load_to_raw.py - build - 73

[INFO:20] 2026-07-05 15:46:54,422 - 	loaded 2131/2764 of the data.
F:\code\medical-data-quality-pipeline\src\load\load_to_raw.py - build - 73

[INFO:20] 2026-07-05 15:46:54,463 - 	loaded 2132/2764 of the data.
F:\code\medical-data-quality-pipeline\src\load\load_to_raw.py - build - 73

[INFO:20] 2026-07-05 15:46:54,597 - 	loaded 2133/2764 of the data.
F:\code\medical-data-quality-pipeline\src\load\load_to_raw.py - build - 73

[INFO:20] 2026-07-05 15:46:54,629 - 	loaded 2134/2764 of the data.
F:\code\medical-data-quality-pipeline\src\load\load_to_raw.py - build - 73

[INFO:20] 2026-07-05 15:46:54,791 - 	loaded 2135/2764 of the data.
F:\code\medical-data-quality-pipeline\src\load\load_to_raw.py - build - 73

[INFO:20] 2026-07-05 15:46:54,837 - 	loaded 2136/2764 of the data.
F:\code\medical-data-quality-pipeline\src\load\load_to_raw.py - build - 73

[INFO:20] 2026-07-05 15:46:54,870 - 	loaded 2137/2764 of the data.
F:\code\medical-data-quality-pipeline\src\load\load_to_raw.py - build - 73

[INFO:20] 2026-07-05 15:46:54,903 - 	loaded 2138/2764 of the data.
F:\code\medical-data-quality-pipeline\src\load\load_to_raw.py - build - 73

[INFO:20] 2026-07-05 15:46:54,935 - 	loaded 2139/2764 of the data.
F:\code\medical-data-quality-pipeline\src\load\load_to_raw.py - build - 73

[INFO:20] 2026-07-05 15:46:54,968 - 	loaded 2140/2764 of the data.
F:\code\medical-data-quality-pipeline\src\load\load_to_raw.py - build - 73

[INFO:20] 2026-07-05 15:46:55,116 - 	loaded 2141/2764 of the data.
F:\code\medical-data-quality-pipeline\src\load\load_to_raw.py - build - 73

[INFO:20] 2026-07-05 15:46:55,146 - 	loaded 2142/2764 of the data.
F:\code\medical-data-quality-pipeline\src\load\load_to_raw.py - build - 73

[INFO:20] 2026-07-05 15:46:55,178 - 	loaded 2143/2764 of the data.
F:\code\medical-data-quality-pipeline\src\load\load_to_raw.py - build - 73

[INFO:20] 2026-07-05 15:46:55,209 - 	loaded 2144/2764 of the data.
F:\code\medical-data-quality-pipeline\src\load\load_to_raw.py - build - 73

[INFO:20] 2026-07-05 15:46:55,241 - 	loaded 2145/2764 of the data.
F:\code\medical-data-quality-pipeline\src\load\load_to_raw.py - build - 73

[INFO:20] 2026-07-05 15:46:55,383 - 	loaded 2146/2764 of the data.
F:\code\medical-data-quality-pipeline\src\load\load_to_raw.py - build - 73

[INFO:20] 2026-07-05 15:46:55,526 - 	loaded 2147/2764 of the data.
F:\code\medical-data-quality-pipeline\src\load\load_to_raw.py - build - 73

[INFO:20] 2026-07-05 15:46:55,562 - 	loaded 2148/2764 of the data.
F:\code\medical-data-quality-pipeline\src\load\load_to_raw.py - build - 73

[INFO:20] 2026-07-05 15:46:55,599 - 	loaded 2149/2764 of the data.
F:\code\medical-data-quality-pipeline\src\load\load_to_raw.py - build - 73

[INFO:20] 2026-07-05 15:46:55,633 - 	loaded 2150/2764 of the data.
F:\code\medical-data-quality-pipeline\src\load\load_to_raw.py - build - 73

[INFO:20] 2026-07-05 15:46:55,679 - 	loaded 2151/2764 of the data.
F:\code\medical-data-quality-pipeline\src\load\load_to_raw.py - build - 73

[INFO:20] 2026-07-05 15:46:55,715 - 	loaded 2152/2764 of the data.
F:\code\medical-data-quality-pipeline\src\load\load_to_raw.py - build - 73

[INFO:20] 2026-07-05 15:46:55,754 - 	loaded 2153/2764 of the data.
F:\code\medical-data-quality-pipeline\src\load\load_to_raw.py - build - 73

[INFO:20] 2026-07-05 15:46:55,789 - 	loaded 2154/2764 of the data.
F:\code\medical-data-quality-pipeline\src\load\load_to_raw.py - build - 73

[INFO:20] 2026-07-05 15:46:55,830 - 	loaded 2155/2764 of the data.
F:\code\medical-data-quality-pipeline\src\load\load_to_raw.py - build - 73

[INFO:20] 2026-07-05 15:46:55,868 - 	loaded 2156/2764 of the data.
F:\code\medical-data-quality-pipeline\src\load\load_to_raw.py - build - 73

[INFO:20] 2026-07-05 15:46:55,905 - 	loaded 2157/2764 of the data.
F:\code\medical-data-quality-pipeline\src\load\load_to_raw.py - build - 73

[INFO:20] 2026-07-05 15:46:55,937 - 	loaded 2158/2764 of the data.
F:\code\medical-data-quality-pipeline\src\load\load_to_raw.py - build - 73

[INFO:20] 2026-07-05 15:46:55,970 - 	loaded 2159/2764 of the data.
F:\code\medical-data-quality-pipeline\src\load\load_to_raw.py - build - 73

[INFO:20] 2026-07-05 15:46:56,001 - 	loaded 2160/2764 of the data.
F:\code\medical-data-quality-pipeline\src\load\load_to_raw.py - build - 73

[INFO:20] 2026-07-05 15:46:56,031 - 	loaded 2161/2764 of the data.
F:\code\medical-data-quality-pipeline\src\load\load_to_raw.py - build - 73

[INFO:20] 2026-07-05 15:46:56,075 - 	loaded 2162/2764 of the data.
F:\code\medical-data-quality-pipeline\src\load\load_to_raw.py - build - 73

[INFO:20] 2026-07-05 15:46:56,111 - 	loaded 2163/2764 of the data.
F:\code\medical-data-quality-pipeline\src\load\load_to_raw.py - build - 73

[INFO:20] 2026-07-05 15:46:56,265 - 	loaded 2164/2764 of the data.
F:\code\medical-data-quality-pipeline\src\load\load_to_raw.py - build - 73

[INFO:20] 2026-07-05 15:46:56,305 - 	loaded 2165/2764 of the data.
F:\code\medical-data-quality-pipeline\src\load\load_to_raw.py - build - 73

[INFO:20] 2026-07-05 15:46:56,336 - 	loaded 2166/2764 of the data.
F:\code\medical-data-quality-pipeline\src\load\load_to_raw.py - build - 73

[INFO:20] 2026-07-05 15:46:56,366 - 	loaded 2167/2764 of the data.
F:\code\medical-data-quality-pipeline\src\load\load_to_raw.py - build - 73

[INFO:20] 2026-07-05 15:46:56,400 - 	loaded 2168/2764 of the data.
F:\code\medical-data-quality-pipeline\src\load\load_to_raw.py - build - 73

[INFO:20] 2026-07-05 15:46:56,441 - 	loaded 2169/2764 of the data.
F:\code\medical-data-quality-pipeline\src\load\load_to_raw.py - build - 73

[INFO:20] 2026-07-05 15:46:56,473 - 	loaded 2170/2764 of the data.
F:\code\medical-data-quality-pipeline\src\load\load_to_raw.py - build - 73

[INFO:20] 2026-07-05 15:46:56,621 - 	loaded 2171/2764 of the data.
F:\code\medical-data-quality-pipeline\src\load\load_to_raw.py - build - 73

[INFO:20] 2026-07-05 15:46:56,660 - 	loaded 2172/2764 of the data.
F:\code\medical-data-quality-pipeline\src\load\load_to_raw.py - build - 73

[INFO:20] 2026-07-05 15:46:56,700 - 	loaded 2173/2764 of the data.
F:\code\medical-data-quality-pipeline\src\load\load_to_raw.py - build - 73

[INFO:20] 2026-07-05 15:46:56,736 - 	loaded 2174/2764 of the data.
F:\code\medical-data-quality-pipeline\src\load\load_to_raw.py - build - 73

[INFO:20] 2026-07-05 15:46:56,774 - 	loaded 2175/2764 of the data.
F:\code\medical-data-quality-pipeline\src\load\load_to_raw.py - build - 73

[INFO:20] 2026-07-05 15:46:56,915 - 	loaded 2176/2764 of the data.
F:\code\medical-data-quality-pipeline\src\load\load_to_raw.py - build - 73

[INFO:20] 2026-07-05 15:46:56,949 - 	loaded 2177/2764 of the data.
F:\code\medical-data-quality-pipeline\src\load\load_to_raw.py - build - 73

[INFO:20] 2026-07-05 15:46:57,011 - 	loaded 2178/2764 of the data.
F:\code\medical-data-quality-pipeline\src\load\load_to_raw.py - build - 73

[INFO:20] 2026-07-05 15:46:57,044 - 	loaded 2179/2764 of the data.
F:\code\medical-data-quality-pipeline\src\load\load_to_raw.py - build - 73

[INFO:20] 2026-07-05 15:46:57,075 - 	loaded 2180/2764 of the data.
F:\code\medical-data-quality-pipeline\src\load\load_to_raw.py - build - 73

[INFO:20] 2026-07-05 15:46:57,109 - 	loaded 2181/2764 of the data.
F:\code\medical-data-quality-pipeline\src\load\load_to_raw.py - build - 73

[INFO:20] 2026-07-05 15:46:57,146 - 	loaded 2182/2764 of the data.
F:\code\medical-data-quality-pipeline\src\load\load_to_raw.py - build - 73

[INFO:20] 2026-07-05 15:46:57,183 - 	loaded 2183/2764 of the data.
F:\code\medical-data-quality-pipeline\src\load\load_to_raw.py - build - 73

[INFO:20] 2026-07-05 15:46:57,218 - 	loaded 2184/2764 of the data.
F:\code\medical-data-quality-pipeline\src\load\load_to_raw.py - build - 73

[INFO:20] 2026-07-05 15:46:57,249 - 	loaded 2185/2764 of the data.
F:\code\medical-data-quality-pipeline\src\load\load_to_raw.py - build - 73

[INFO:20] 2026-07-05 15:46:57,281 - 	loaded 2186/2764 of the data.
F:\code\medical-data-quality-pipeline\src\load\load_to_raw.py - build - 73

[INFO:20] 2026-07-05 15:46:57,314 - 	loaded 2187/2764 of the data.
F:\code\medical-data-quality-pipeline\src\load\load_to_raw.py - build - 73

[INFO:20] 2026-07-05 15:46:57,348 - 	loaded 2188/2764 of the data.
F:\code\medical-data-quality-pipeline\src\load\load_to_raw.py - build - 73

[INFO:20] 2026-07-05 15:46:57,384 - 	loaded 2189/2764 of the data.
F:\code\medical-data-quality-pipeline\src\load\load_to_raw.py - build - 73

[INFO:20] 2026-07-05 15:46:57,421 - 	loaded 2190/2764 of the data.
F:\code\medical-data-quality-pipeline\src\load\load_to_raw.py - build - 73

[INFO:20] 2026-07-05 15:46:57,577 - 	loaded 2191/2764 of the data.
F:\code\medical-data-quality-pipeline\src\load\load_to_raw.py - build - 73

[INFO:20] 2026-07-05 15:46:57,629 - 	loaded 2192/2764 of the data.
F:\code\medical-data-quality-pipeline\src\load\load_to_raw.py - build - 73

[INFO:20] 2026-07-05 15:46:57,675 - 	loaded 2193/2764 of the data.
F:\code\medical-data-quality-pipeline\src\load\load_to_raw.py - build - 73

[INFO:20] 2026-07-05 15:46:57,712 - 	loaded 2194/2764 of the data.
F:\code\medical-data-quality-pipeline\src\load\load_to_raw.py - build - 73

[INFO:20] 2026-07-05 15:46:57,745 - 	loaded 2195/2764 of the data.
F:\code\medical-data-quality-pipeline\src\load\load_to_raw.py - build - 73

[INFO:20] 2026-07-05 15:46:57,778 - 	loaded 2196/2764 of the data.
F:\code\medical-data-quality-pipeline\src\load\load_to_raw.py - build - 73

[INFO:20] 2026-07-05 15:46:57,812 - 	loaded 2197/2764 of the data.
F:\code\medical-data-quality-pipeline\src\load\load_to_raw.py - build - 73

[INFO:20] 2026-07-05 15:46:57,847 - 	loaded 2198/2764 of the data.
F:\code\medical-data-quality-pipeline\src\load\load_to_raw.py - build - 73

[INFO:20] 2026-07-05 15:46:57,887 - 	loaded 2199/2764 of the data.
F:\code\medical-data-quality-pipeline\src\load\load_to_raw.py - build - 73

[INFO:20] 2026-07-05 15:46:57,919 - 	loaded 2200/2764 of the data.
F:\code\medical-data-quality-pipeline\src\load\load_to_raw.py - build - 73

[INFO:20] 2026-07-05 15:46:57,952 - 	loaded 2201/2764 of the data.
F:\code\medical-data-quality-pipeline\src\load\load_to_raw.py - build - 73

[INFO:20] 2026-07-05 15:46:57,986 - 	loaded 2202/2764 of the data.
F:\code\medical-data-quality-pipeline\src\load\load_to_raw.py - build - 73

[INFO:20] 2026-07-05 15:46:58,133 - 	loaded 2203/2764 of the data.
F:\code\medical-data-quality-pipeline\src\load\load_to_raw.py - build - 73

[INFO:20] 2026-07-05 15:46:58,177 - 	loaded 2204/2764 of the data.
F:\code\medical-data-quality-pipeline\src\load\load_to_raw.py - build - 73

[INFO:20] 2026-07-05 15:46:58,207 - 	loaded 2205/2764 of the data.
F:\code\medical-data-quality-pipeline\src\load\load_to_raw.py - build - 73

[INFO:20] 2026-07-05 15:46:58,240 - 	loaded 2206/2764 of the data.
F:\code\medical-data-quality-pipeline\src\load\load_to_raw.py - build - 73

[INFO:20] 2026-07-05 15:46:58,273 - 	loaded 2207/2764 of the data.
F:\code\medical-data-quality-pipeline\src\load\load_to_raw.py - build - 73

[INFO:20] 2026-07-05 15:46:58,305 - 	loaded 2208/2764 of the data.
F:\code\medical-data-quality-pipeline\src\load\load_to_raw.py - build - 73

[INFO:20] 2026-07-05 15:46:58,340 - 	loaded 2209/2764 of the data.
F:\code\medical-data-quality-pipeline\src\load\load_to_raw.py - build - 73

[INFO:20] 2026-07-05 15:46:58,379 - 	loaded 2210/2764 of the data.
F:\code\medical-data-quality-pipeline\src\load\load_to_raw.py - build - 73

[INFO:20] 2026-07-05 15:46:58,414 - 	loaded 2211/2764 of the data.
F:\code\medical-data-quality-pipeline\src\load\load_to_raw.py - build - 73

[INFO:20] 2026-07-05 15:46:58,446 - 	loaded 2212/2764 of the data.
F:\code\medical-data-quality-pipeline\src\load\load_to_raw.py - build - 73

[INFO:20] 2026-07-05 15:46:58,479 - 	loaded 2213/2764 of the data.
F:\code\medical-data-quality-pipeline\src\load\load_to_raw.py - build - 73

[INFO:20] 2026-07-05 15:46:58,513 - 	loaded 2214/2764 of the data.
F:\code\medical-data-quality-pipeline\src\load\load_to_raw.py - build - 73

[INFO:20] 2026-07-05 15:46:58,546 - 	loaded 2215/2764 of the data.
F:\code\medical-data-quality-pipeline\src\load\load_to_raw.py - build - 73

[INFO:20] 2026-07-05 15:46:58,588 - 	loaded 2216/2764 of the data.
F:\code\medical-data-quality-pipeline\src\load\load_to_raw.py - build - 73

[INFO:20] 2026-07-05 15:46:58,623 - 	loaded 2217/2764 of the data.
F:\code\medical-data-quality-pipeline\src\load\load_to_raw.py - build - 73

[INFO:20] 2026-07-05 15:46:58,657 - 	loaded 2218/2764 of the data.
F:\code\medical-data-quality-pipeline\src\load\load_to_raw.py - build - 73

[INFO:20] 2026-07-05 15:46:58,689 - 	loaded 2219/2764 of the data.
F:\code\medical-data-quality-pipeline\src\load\load_to_raw.py - build - 73

[INFO:20] 2026-07-05 15:46:58,722 - 	loaded 2220/2764 of the data.
F:\code\medical-data-quality-pipeline\src\load\load_to_raw.py - build - 73

[INFO:20] 2026-07-05 15:46:58,757 - 	loaded 2221/2764 of the data.
F:\code\medical-data-quality-pipeline\src\load\load_to_raw.py - build - 73

[INFO:20] 2026-07-05 15:46:58,798 - 	loaded 2222/2764 of the data.
F:\code\medical-data-quality-pipeline\src\load\load_to_raw.py - build - 73

[INFO:20] 2026-07-05 15:46:58,835 - 	loaded 2223/2764 of the data.
F:\code\medical-data-quality-pipeline\src\load\load_to_raw.py - build - 73

[INFO:20] 2026-07-05 15:46:58,869 - 	loaded 2224/2764 of the data.
F:\code\medical-data-quality-pipeline\src\load\load_to_raw.py - build - 73

[INFO:20] 2026-07-05 15:46:58,902 - 	loaded 2225/2764 of the data.
F:\code\medical-data-quality-pipeline\src\load\load_to_raw.py - build - 73

[INFO:20] 2026-07-05 15:46:58,935 - 	loaded 2226/2764 of the data.
F:\code\medical-data-quality-pipeline\src\load\load_to_raw.py - build - 73

[INFO:20] 2026-07-05 15:46:58,971 - 	loaded 2227/2764 of the data.
F:\code\medical-data-quality-pipeline\src\load\load_to_raw.py - build - 73

[INFO:20] 2026-07-05 15:46:59,013 - 	loaded 2228/2764 of the data.
F:\code\medical-data-quality-pipeline\src\load\load_to_raw.py - build - 73

[INFO:20] 2026-07-05 15:46:59,053 - 	loaded 2229/2764 of the data.
F:\code\medical-data-quality-pipeline\src\load\load_to_raw.py - build - 73

[INFO:20] 2026-07-05 15:46:59,084 - 	loaded 2230/2764 of the data.
F:\code\medical-data-quality-pipeline\src\load\load_to_raw.py - build - 73

[INFO:20] 2026-07-05 15:46:59,116 - 	loaded 2231/2764 of the data.
F:\code\medical-data-quality-pipeline\src\load\load_to_raw.py - build - 73

[INFO:20] 2026-07-05 15:46:59,150 - 	loaded 2232/2764 of the data.
F:\code\medical-data-quality-pipeline\src\load\load_to_raw.py - build - 73

[INFO:20] 2026-07-05 15:46:59,186 - 	loaded 2233/2764 of the data.
F:\code\medical-data-quality-pipeline\src\load\load_to_raw.py - build - 73

[INFO:20] 2026-07-05 15:46:59,227 - 	loaded 2234/2764 of the data.
F:\code\medical-data-quality-pipeline\src\load\load_to_raw.py - build - 73

[INFO:20] 2026-07-05 15:46:59,259 - 	loaded 2235/2764 of the data.
F:\code\medical-data-quality-pipeline\src\load\load_to_raw.py - build - 73

[INFO:20] 2026-07-05 15:46:59,293 - 	loaded 2236/2764 of the data.
F:\code\medical-data-quality-pipeline\src\load\load_to_raw.py - build - 73

[INFO:20] 2026-07-05 15:46:59,325 - 	loaded 2237/2764 of the data.
F:\code\medical-data-quality-pipeline\src\load\load_to_raw.py - build - 73

[INFO:20] 2026-07-05 15:46:59,360 - 	loaded 2238/2764 of the data.
F:\code\medical-data-quality-pipeline\src\load\load_to_raw.py - build - 73

[INFO:20] 2026-07-05 15:46:59,497 - 	loaded 2239/2764 of the data.
F:\code\medical-data-quality-pipeline\src\load\load_to_raw.py - build - 73

[INFO:20] 2026-07-05 15:46:59,533 - 	loaded 2240/2764 of the data.
F:\code\medical-data-quality-pipeline\src\load\load_to_raw.py - build - 73

[INFO:20] 2026-07-05 15:46:59,564 - 	loaded 2241/2764 of the data.
F:\code\medical-data-quality-pipeline\src\load\load_to_raw.py - build - 73

[INFO:20] 2026-07-05 15:46:59,597 - 	loaded 2242/2764 of the data.
F:\code\medical-data-quality-pipeline\src\load\load_to_raw.py - build - 73

[INFO:20] 2026-07-05 15:46:59,632 - 	loaded 2243/2764 of the data.
F:\code\medical-data-quality-pipeline\src\load\load_to_raw.py - build - 73

[INFO:20] 2026-07-05 15:46:59,668 - 	loaded 2244/2764 of the data.
F:\code\medical-data-quality-pipeline\src\load\load_to_raw.py - build - 73

[INFO:20] 2026-07-05 15:46:59,707 - 	loaded 2245/2764 of the data.
F:\code\medical-data-quality-pipeline\src\load\load_to_raw.py - build - 73

[INFO:20] 2026-07-05 15:46:59,745 - 	loaded 2246/2764 of the data.
F:\code\medical-data-quality-pipeline\src\load\load_to_raw.py - build - 73

[INFO:20] 2026-07-05 15:46:59,782 - 	loaded 2247/2764 of the data.
F:\code\medical-data-quality-pipeline\src\load\load_to_raw.py - build - 73

[INFO:20] 2026-07-05 15:46:59,814 - 	loaded 2248/2764 of the data.
F:\code\medical-data-quality-pipeline\src\load\load_to_raw.py - build - 73

[INFO:20] 2026-07-05 15:46:59,844 - 	loaded 2249/2764 of the data.
F:\code\medical-data-quality-pipeline\src\load\load_to_raw.py - build - 73

[INFO:20] 2026-07-05 15:46:59,878 - 	loaded 2250/2764 of the data.
F:\code\medical-data-quality-pipeline\src\load\load_to_raw.py - build - 73

[INFO:20] 2026-07-05 15:46:59,916 - 	loaded 2251/2764 of the data.
F:\code\medical-data-quality-pipeline\src\load\load_to_raw.py - build - 73

[INFO:20] 2026-07-05 15:46:59,959 - 	loaded 2252/2764 of the data.
F:\code\medical-data-quality-pipeline\src\load\load_to_raw.py - build - 73

[INFO:20] 2026-07-05 15:46:59,996 - 	loaded 2253/2764 of the data.
F:\code\medical-data-quality-pipeline\src\load\load_to_raw.py - build - 73

[INFO:20] 2026-07-05 15:47:00,042 - 	loaded 2254/2764 of the data.
F:\code\medical-data-quality-pipeline\src\load\load_to_raw.py - build - 73

[INFO:20] 2026-07-05 15:47:00,082 - 	loaded 2255/2764 of the data.
F:\code\medical-data-quality-pipeline\src\load\load_to_raw.py - build - 73

[INFO:20] 2026-07-05 15:47:00,236 - 	loaded 2256/2764 of the data.
F:\code\medical-data-quality-pipeline\src\load\load_to_raw.py - build - 73

[INFO:20] 2026-07-05 15:47:00,267 - 	loaded 2257/2764 of the data.
F:\code\medical-data-quality-pipeline\src\load\load_to_raw.py - build - 73

[INFO:20] 2026-07-05 15:47:00,301 - 	loaded 2258/2764 of the data.
F:\code\medical-data-quality-pipeline\src\load\load_to_raw.py - build - 73

[INFO:20] 2026-07-05 15:47:00,338 - 	loaded 2259/2764 of the data.
F:\code\medical-data-quality-pipeline\src\load\load_to_raw.py - build - 73

[INFO:20] 2026-07-05 15:47:00,375 - 	loaded 2260/2764 of the data.
F:\code\medical-data-quality-pipeline\src\load\load_to_raw.py - build - 73

[INFO:20] 2026-07-05 15:47:00,552 - 	loaded 2261/2764 of the data.
F:\code\medical-data-quality-pipeline\src\load\load_to_raw.py - build - 73

[INFO:20] 2026-07-05 15:47:00,595 - 	loaded 2262/2764 of the data.
F:\code\medical-data-quality-pipeline\src\load\load_to_raw.py - build - 73

[INFO:20] 2026-07-05 15:47:00,630 - 	loaded 2263/2764 of the data.
F:\code\medical-data-quality-pipeline\src\load\load_to_raw.py - build - 73

[INFO:20] 2026-07-05 15:47:00,664 - 	loaded 2264/2764 of the data.
F:\code\medical-data-quality-pipeline\src\load\load_to_raw.py - build - 73

[INFO:20] 2026-07-05 15:47:00,698 - 	loaded 2265/2764 of the data.
F:\code\medical-data-quality-pipeline\src\load\load_to_raw.py - build - 73

[INFO:20] 2026-07-05 15:47:00,730 - 	loaded 2266/2764 of the data.
F:\code\medical-data-quality-pipeline\src\load\load_to_raw.py - build - 73

[INFO:20] 2026-07-05 15:47:00,764 - 	loaded 2267/2764 of the data.
F:\code\medical-data-quality-pipeline\src\load\load_to_raw.py - build - 73

[INFO:20] 2026-07-05 15:47:00,807 - 	loaded 2268/2764 of the data.
F:\code\medical-data-quality-pipeline\src\load\load_to_raw.py - build - 73

[INFO:20] 2026-07-05 15:47:00,841 - 	loaded 2269/2764 of the data.
F:\code\medical-data-quality-pipeline\src\load\load_to_raw.py - build - 73

[INFO:20] 2026-07-05 15:47:00,874 - 	loaded 2270/2764 of the data.
F:\code\medical-data-quality-pipeline\src\load\load_to_raw.py - build - 73

[INFO:20] 2026-07-05 15:47:00,906 - 	loaded 2271/2764 of the data.
F:\code\medical-data-quality-pipeline\src\load\load_to_raw.py - build - 73

[INFO:20] 2026-07-05 15:47:00,940 - 	loaded 2272/2764 of the data.
F:\code\medical-data-quality-pipeline\src\load\load_to_raw.py - build - 73

[INFO:20] 2026-07-05 15:47:00,973 - 	loaded 2273/2764 of the data.
F:\code\medical-data-quality-pipeline\src\load\load_to_raw.py - build - 73

[INFO:20] 2026-07-05 15:47:01,013 - 	loaded 2274/2764 of the data.
F:\code\medical-data-quality-pipeline\src\load\load_to_raw.py - build - 73

[INFO:20] 2026-07-05 15:47:01,156 - 	loaded 2275/2764 of the data.
F:\code\medical-data-quality-pipeline\src\load\load_to_raw.py - build - 73

[INFO:20] 2026-07-05 15:47:01,195 - 	loaded 2276/2764 of the data.
F:\code\medical-data-quality-pipeline\src\load\load_to_raw.py - build - 73

[INFO:20] 2026-07-05 15:47:01,230 - 	loaded 2277/2764 of the data.
F:\code\medical-data-quality-pipeline\src\load\load_to_raw.py - build - 73

[INFO:20] 2026-07-05 15:47:01,263 - 	loaded 2278/2764 of the data.
F:\code\medical-data-quality-pipeline\src\load\load_to_raw.py - build - 73

[INFO:20] 2026-07-05 15:47:01,408 - 	loaded 2279/2764 of the data.
F:\code\medical-data-quality-pipeline\src\load\load_to_raw.py - build - 73

[INFO:20] 2026-07-05 15:47:01,554 - 	loaded 2280/2764 of the data.
F:\code\medical-data-quality-pipeline\src\load\load_to_raw.py - build - 73

[INFO:20] 2026-07-05 15:47:01,596 - 	loaded 2281/2764 of the data.
F:\code\medical-data-quality-pipeline\src\load\load_to_raw.py - build - 73

[INFO:20] 2026-07-05 15:47:01,638 - 	loaded 2282/2764 of the data.
F:\code\medical-data-quality-pipeline\src\load\load_to_raw.py - build - 73

[INFO:20] 2026-07-05 15:47:01,671 - 	loaded 2283/2764 of the data.
F:\code\medical-data-quality-pipeline\src\load\load_to_raw.py - build - 73

[INFO:20] 2026-07-05 15:47:01,703 - 	loaded 2284/2764 of the data.
F:\code\medical-data-quality-pipeline\src\load\load_to_raw.py - build - 73

[INFO:20] 2026-07-05 15:47:01,735 - 	loaded 2285/2764 of the data.
F:\code\medical-data-quality-pipeline\src\load\load_to_raw.py - build - 73

[INFO:20] 2026-07-05 15:47:01,880 - 	loaded 2286/2764 of the data.
F:\code\medical-data-quality-pipeline\src\load\load_to_raw.py - build - 73

[INFO:20] 2026-07-05 15:47:01,915 - 	loaded 2287/2764 of the data.
F:\code\medical-data-quality-pipeline\src\load\load_to_raw.py - build - 73

[INFO:20] 2026-07-05 15:47:01,945 - 	loaded 2288/2764 of the data.
F:\code\medical-data-quality-pipeline\src\load\load_to_raw.py - build - 73

[INFO:20] 2026-07-05 15:47:01,977 - 	loaded 2289/2764 of the data.
F:\code\medical-data-quality-pipeline\src\load\load_to_raw.py - build - 73

[INFO:20] 2026-07-05 15:47:02,011 - 	loaded 2290/2764 of the data.
F:\code\medical-data-quality-pipeline\src\load\load_to_raw.py - build - 73

[INFO:20] 2026-07-05 15:47:02,047 - 	loaded 2291/2764 of the data.
F:\code\medical-data-quality-pipeline\src\load\load_to_raw.py - build - 73

[INFO:20] 2026-07-05 15:47:02,080 - 	loaded 2292/2764 of the data.
F:\code\medical-data-quality-pipeline\src\load\load_to_raw.py - build - 73

[INFO:20] 2026-07-05 15:47:02,118 - 	loaded 2293/2764 of the data.
F:\code\medical-data-quality-pipeline\src\load\load_to_raw.py - build - 73

[INFO:20] 2026-07-05 15:47:02,155 - 	loaded 2294/2764 of the data.
F:\code\medical-data-quality-pipeline\src\load\load_to_raw.py - build - 73

[INFO:20] 2026-07-05 15:47:02,190 - 	loaded 2295/2764 of the data.
F:\code\medical-data-quality-pipeline\src\load\load_to_raw.py - build - 73

[INFO:20] 2026-07-05 15:47:02,224 - 	loaded 2296/2764 of the data.
F:\code\medical-data-quality-pipeline\src\load\load_to_raw.py - build - 73

[INFO:20] 2026-07-05 15:47:02,367 - 	loaded 2297/2764 of the data.
F:\code\medical-data-quality-pipeline\src\load\load_to_raw.py - build - 73

[INFO:20] 2026-07-05 15:47:02,404 - 	loaded 2298/2764 of the data.
F:\code\medical-data-quality-pipeline\src\load\load_to_raw.py - build - 73

[INFO:20] 2026-07-05 15:47:02,438 - 	loaded 2299/2764 of the data.
F:\code\medical-data-quality-pipeline\src\load\load_to_raw.py - build - 73

[INFO:20] 2026-07-05 15:47:02,469 - 	loaded 2300/2764 of the data.
F:\code\medical-data-quality-pipeline\src\load\load_to_raw.py - build - 73

[INFO:20] 2026-07-05 15:47:02,619 - 	loaded 2301/2764 of the data.
F:\code\medical-data-quality-pipeline\src\load\load_to_raw.py - build - 73

[INFO:20] 2026-07-05 15:47:02,660 - 	loaded 2302/2764 of the data.
F:\code\medical-data-quality-pipeline\src\load\load_to_raw.py - build - 73

[INFO:20] 2026-07-05 15:47:02,694 - 	loaded 2303/2764 of the data.
F:\code\medical-data-quality-pipeline\src\load\load_to_raw.py - build - 73

[INFO:20] 2026-07-05 15:47:02,731 - 	loaded 2304/2764 of the data.
F:\code\medical-data-quality-pipeline\src\load\load_to_raw.py - build - 73

[INFO:20] 2026-07-05 15:47:02,765 - 	loaded 2305/2764 of the data.
F:\code\medical-data-quality-pipeline\src\load\load_to_raw.py - build - 73

[INFO:20] 2026-07-05 15:47:02,799 - 	loaded 2306/2764 of the data.
F:\code\medical-data-quality-pipeline\src\load\load_to_raw.py - build - 73

[INFO:20] 2026-07-05 15:47:02,833 - 	loaded 2307/2764 of the data.
F:\code\medical-data-quality-pipeline\src\load\load_to_raw.py - build - 73

[INFO:20] 2026-07-05 15:47:02,875 - 	loaded 2308/2764 of the data.
F:\code\medical-data-quality-pipeline\src\load\load_to_raw.py - build - 73

[INFO:20] 2026-07-05 15:47:02,911 - 	loaded 2309/2764 of the data.
F:\code\medical-data-quality-pipeline\src\load\load_to_raw.py - build - 73

[INFO:20] 2026-07-05 15:47:02,946 - 	loaded 2310/2764 of the data.
F:\code\medical-data-quality-pipeline\src\load\load_to_raw.py - build - 73

[INFO:20] 2026-07-05 15:47:02,981 - 	loaded 2311/2764 of the data.
F:\code\medical-data-quality-pipeline\src\load\load_to_raw.py - build - 73

[INFO:20] 2026-07-05 15:47:03,016 - 	loaded 2312/2764 of the data.
F:\code\medical-data-quality-pipeline\src\load\load_to_raw.py - build - 73

[INFO:20] 2026-07-05 15:47:03,051 - 	loaded 2313/2764 of the data.
F:\code\medical-data-quality-pipeline\src\load\load_to_raw.py - build - 73

[INFO:20] 2026-07-05 15:47:03,092 - 	loaded 2314/2764 of the data.
F:\code\medical-data-quality-pipeline\src\load\load_to_raw.py - build - 73

[INFO:20] 2026-07-05 15:47:03,128 - 	loaded 2315/2764 of the data.
F:\code\medical-data-quality-pipeline\src\load\load_to_raw.py - build - 73

[INFO:20] 2026-07-05 15:47:03,162 - 	loaded 2316/2764 of the data.
F:\code\medical-data-quality-pipeline\src\load\load_to_raw.py - build - 73

[INFO:20] 2026-07-05 15:47:03,196 - 	loaded 2317/2764 of the data.
F:\code\medical-data-quality-pipeline\src\load\load_to_raw.py - build - 73

[INFO:20] 2026-07-05 15:47:03,388 - 	loaded 2318/2764 of the data.
F:\code\medical-data-quality-pipeline\src\load\load_to_raw.py - build - 73

[INFO:20] 2026-07-05 15:47:03,432 - 	loaded 2319/2764 of the data.
F:\code\medical-data-quality-pipeline\src\load\load_to_raw.py - build - 73

[INFO:20] 2026-07-05 15:47:03,466 - 	loaded 2320/2764 of the data.
F:\code\medical-data-quality-pipeline\src\load\load_to_raw.py - build - 73

[INFO:20] 2026-07-05 15:47:03,513 - 	loaded 2321/2764 of the data.
F:\code\medical-data-quality-pipeline\src\load\load_to_raw.py - build - 73

[INFO:20] 2026-07-05 15:47:03,550 - 	loaded 2322/2764 of the data.
F:\code\medical-data-quality-pipeline\src\load\load_to_raw.py - build - 73

[INFO:20] 2026-07-05 15:47:03,588 - 	loaded 2323/2764 of the data.
F:\code\medical-data-quality-pipeline\src\load\load_to_raw.py - build - 73

[INFO:20] 2026-07-05 15:47:03,631 - 	loaded 2324/2764 of the data.
F:\code\medical-data-quality-pipeline\src\load\load_to_raw.py - build - 73

[INFO:20] 2026-07-05 15:47:03,668 - 	loaded 2325/2764 of the data.
F:\code\medical-data-quality-pipeline\src\load\load_to_raw.py - build - 73

[INFO:20] 2026-07-05 15:47:03,703 - 	loaded 2326/2764 of the data.
F:\code\medical-data-quality-pipeline\src\load\load_to_raw.py - build - 73

[INFO:20] 2026-07-05 15:47:03,737 - 	loaded 2327/2764 of the data.
F:\code\medical-data-quality-pipeline\src\load\load_to_raw.py - build - 73

[INFO:20] 2026-07-05 15:47:03,771 - 	loaded 2328/2764 of the data.
F:\code\medical-data-quality-pipeline\src\load\load_to_raw.py - build - 73

[INFO:20] 2026-07-05 15:47:03,806 - 	loaded 2329/2764 of the data.
F:\code\medical-data-quality-pipeline\src\load\load_to_raw.py - build - 73

[INFO:20] 2026-07-05 15:47:03,844 - 	loaded 2330/2764 of the data.
F:\code\medical-data-quality-pipeline\src\load\load_to_raw.py - build - 73

[INFO:20] 2026-07-05 15:47:03,888 - 	loaded 2331/2764 of the data.
F:\code\medical-data-quality-pipeline\src\load\load_to_raw.py - build - 73

[INFO:20] 2026-07-05 15:47:03,924 - 	loaded 2332/2764 of the data.
F:\code\medical-data-quality-pipeline\src\load\load_to_raw.py - build - 73

[INFO:20] 2026-07-05 15:47:03,960 - 	loaded 2333/2764 of the data.
F:\code\medical-data-quality-pipeline\src\load\load_to_raw.py - build - 73

[INFO:20] 2026-07-05 15:47:03,997 - 	loaded 2334/2764 of the data.
F:\code\medical-data-quality-pipeline\src\load\load_to_raw.py - build - 73

[INFO:20] 2026-07-05 15:47:04,032 - 	loaded 2335/2764 of the data.
F:\code\medical-data-quality-pipeline\src\load\load_to_raw.py - build - 73

[INFO:20] 2026-07-05 15:47:04,073 - 	loaded 2336/2764 of the data.
F:\code\medical-data-quality-pipeline\src\load\load_to_raw.py - build - 73

[INFO:20] 2026-07-05 15:47:04,118 - 	loaded 2337/2764 of the data.
F:\code\medical-data-quality-pipeline\src\load\load_to_raw.py - build - 73

[INFO:20] 2026-07-05 15:47:04,265 - 	loaded 2338/2764 of the data.
F:\code\medical-data-quality-pipeline\src\load\load_to_raw.py - build - 73

[INFO:20] 2026-07-05 15:47:04,326 - 	loaded 2339/2764 of the data.
F:\code\medical-data-quality-pipeline\src\load\load_to_raw.py - build - 73

[INFO:20] 2026-07-05 15:47:04,363 - 	loaded 2340/2764 of the data.
F:\code\medical-data-quality-pipeline\src\load\load_to_raw.py - build - 73

[INFO:20] 2026-07-05 15:47:04,395 - 	loaded 2341/2764 of the data.
F:\code\medical-data-quality-pipeline\src\load\load_to_raw.py - build - 73

[INFO:20] 2026-07-05 15:47:04,428 - 	loaded 2342/2764 of the data.
F:\code\medical-data-quality-pipeline\src\load\load_to_raw.py - build - 73

[INFO:20] 2026-07-05 15:47:04,462 - 	loaded 2343/2764 of the data.
F:\code\medical-data-quality-pipeline\src\load\load_to_raw.py - build - 73

[INFO:20] 2026-07-05 15:47:04,494 - 	loaded 2344/2764 of the data.
F:\code\medical-data-quality-pipeline\src\load\load_to_raw.py - build - 73

[INFO:20] 2026-07-05 15:47:04,528 - 	loaded 2345/2764 of the data.
F:\code\medical-data-quality-pipeline\src\load\load_to_raw.py - build - 73

[INFO:20] 2026-07-05 15:47:04,568 - 	loaded 2346/2764 of the data.
F:\code\medical-data-quality-pipeline\src\load\load_to_raw.py - build - 73

[INFO:20] 2026-07-05 15:47:04,607 - 	loaded 2347/2764 of the data.
F:\code\medical-data-quality-pipeline\src\load\load_to_raw.py - build - 73

[INFO:20] 2026-07-05 15:47:04,640 - 	loaded 2348/2764 of the data.
F:\code\medical-data-quality-pipeline\src\load\load_to_raw.py - build - 73

[INFO:20] 2026-07-05 15:47:04,778 - 	loaded 2349/2764 of the data.
F:\code\medical-data-quality-pipeline\src\load\load_to_raw.py - build - 73

[INFO:20] 2026-07-05 15:47:04,812 - 	loaded 2350/2764 of the data.
F:\code\medical-data-quality-pipeline\src\load\load_to_raw.py - build - 73

[INFO:20] 2026-07-05 15:47:04,846 - 	loaded 2351/2764 of the data.
F:\code\medical-data-quality-pipeline\src\load\load_to_raw.py - build - 73

[INFO:20] 2026-07-05 15:47:04,879 - 	loaded 2352/2764 of the data.
F:\code\medical-data-quality-pipeline\src\load\load_to_raw.py - build - 73

[INFO:20] 2026-07-05 15:47:04,910 - 	loaded 2353/2764 of the data.
F:\code\medical-data-quality-pipeline\src\load\load_to_raw.py - build - 73

[INFO:20] 2026-07-05 15:47:05,044 - 	loaded 2354/2764 of the data.
F:\code\medical-data-quality-pipeline\src\load\load_to_raw.py - build - 73

[INFO:20] 2026-07-05 15:47:05,188 - 	loaded 2355/2764 of the data.
F:\code\medical-data-quality-pipeline\src\load\load_to_raw.py - build - 73

[INFO:20] 2026-07-05 15:47:05,217 - 	loaded 2356/2764 of the data.
F:\code\medical-data-quality-pipeline\src\load\load_to_raw.py - build - 73

[INFO:20] 2026-07-05 15:47:05,255 - 	loaded 2357/2764 of the data.
F:\code\medical-data-quality-pipeline\src\load\load_to_raw.py - build - 73

[INFO:20] 2026-07-05 15:47:05,292 - 	loaded 2358/2764 of the data.
F:\code\medical-data-quality-pipeline\src\load\load_to_raw.py - build - 73

[INFO:20] 2026-07-05 15:47:05,323 - 	loaded 2359/2764 of the data.
F:\code\medical-data-quality-pipeline\src\load\load_to_raw.py - build - 73

[INFO:20] 2026-07-05 15:47:05,356 - 	loaded 2360/2764 of the data.
F:\code\medical-data-quality-pipeline\src\load\load_to_raw.py - build - 73

[INFO:20] 2026-07-05 15:47:05,501 - 	loaded 2361/2764 of the data.
F:\code\medical-data-quality-pipeline\src\load\load_to_raw.py - build - 73

[INFO:20] 2026-07-05 15:47:05,541 - 	loaded 2362/2764 of the data.
F:\code\medical-data-quality-pipeline\src\load\load_to_raw.py - build - 73

[INFO:20] 2026-07-05 15:47:05,574 - 	loaded 2363/2764 of the data.
F:\code\medical-data-quality-pipeline\src\load\load_to_raw.py - build - 73

[INFO:20] 2026-07-05 15:47:05,607 - 	loaded 2364/2764 of the data.
F:\code\medical-data-quality-pipeline\src\load\load_to_raw.py - build - 73

[INFO:20] 2026-07-05 15:47:05,641 - 	loaded 2365/2764 of the data.
F:\code\medical-data-quality-pipeline\src\load\load_to_raw.py - build - 73

[INFO:20] 2026-07-05 15:47:05,676 - 	loaded 2366/2764 of the data.
F:\code\medical-data-quality-pipeline\src\load\load_to_raw.py - build - 73

[INFO:20] 2026-07-05 15:47:05,817 - 	loaded 2367/2764 of the data.
F:\code\medical-data-quality-pipeline\src\load\load_to_raw.py - build - 73

[INFO:20] 2026-07-05 15:47:05,852 - 	loaded 2368/2764 of the data.
F:\code\medical-data-quality-pipeline\src\load\load_to_raw.py - build - 73

[INFO:20] 2026-07-05 15:47:05,889 - 	loaded 2369/2764 of the data.
F:\code\medical-data-quality-pipeline\src\load\load_to_raw.py - build - 73

[INFO:20] 2026-07-05 15:47:05,923 - 	loaded 2370/2764 of the data.
F:\code\medical-data-quality-pipeline\src\load\load_to_raw.py - build - 73

[INFO:20] 2026-07-05 15:47:05,956 - 	loaded 2371/2764 of the data.
F:\code\medical-data-quality-pipeline\src\load\load_to_raw.py - build - 73

[INFO:20] 2026-07-05 15:47:05,988 - 	loaded 2372/2764 of the data.
F:\code\medical-data-quality-pipeline\src\load\load_to_raw.py - build - 73

[INFO:20] 2026-07-05 15:47:06,132 - 	loaded 2373/2764 of the data.
F:\code\medical-data-quality-pipeline\src\load\load_to_raw.py - build - 73

[INFO:20] 2026-07-05 15:47:06,164 - 	loaded 2374/2764 of the data.
F:\code\medical-data-quality-pipeline\src\load\load_to_raw.py - build - 73

[INFO:20] 2026-07-05 15:47:06,308 - 	loaded 2375/2764 of the data.
F:\code\medical-data-quality-pipeline\src\load\load_to_raw.py - build - 73

[INFO:20] 2026-07-05 15:47:06,349 - 	loaded 2376/2764 of the data.
F:\code\medical-data-quality-pipeline\src\load\load_to_raw.py - build - 73

[INFO:20] 2026-07-05 15:47:06,382 - 	loaded 2377/2764 of the data.
F:\code\medical-data-quality-pipeline\src\load\load_to_raw.py - build - 73

[INFO:20] 2026-07-05 15:47:06,414 - 	loaded 2378/2764 of the data.
F:\code\medical-data-quality-pipeline\src\load\load_to_raw.py - build - 73

[INFO:20] 2026-07-05 15:47:06,448 - 	loaded 2379/2764 of the data.
F:\code\medical-data-quality-pipeline\src\load\load_to_raw.py - build - 73

[INFO:20] 2026-07-05 15:47:06,598 - 	loaded 2380/2764 of the data.
F:\code\medical-data-quality-pipeline\src\load\load_to_raw.py - build - 73

[INFO:20] 2026-07-05 15:47:06,745 - 	loaded 2381/2764 of the data.
F:\code\medical-data-quality-pipeline\src\load\load_to_raw.py - build - 73

[INFO:20] 2026-07-05 15:47:06,798 - 	loaded 2382/2764 of the data.
F:\code\medical-data-quality-pipeline\src\load\load_to_raw.py - build - 73

[INFO:20] 2026-07-05 15:47:06,939 - 	loaded 2383/2764 of the data.
F:\code\medical-data-quality-pipeline\src\load\load_to_raw.py - build - 73

[INFO:20] 2026-07-05 15:47:07,081 - 	loaded 2384/2764 of the data.
F:\code\medical-data-quality-pipeline\src\load\load_to_raw.py - build - 73

[INFO:20] 2026-07-05 15:47:07,229 - 	loaded 2385/2764 of the data.
F:\code\medical-data-quality-pipeline\src\load\load_to_raw.py - build - 73

[INFO:20] 2026-07-05 15:47:07,378 - 	loaded 2386/2764 of the data.
F:\code\medical-data-quality-pipeline\src\load\load_to_raw.py - build - 73

[INFO:20] 2026-07-05 15:47:07,519 - 	loaded 2387/2764 of the data.
F:\code\medical-data-quality-pipeline\src\load\load_to_raw.py - build - 73

[INFO:20] 2026-07-05 15:47:07,551 - 	loaded 2388/2764 of the data.
F:\code\medical-data-quality-pipeline\src\load\load_to_raw.py - build - 73

[INFO:20] 2026-07-05 15:47:07,689 - 	loaded 2389/2764 of the data.
F:\code\medical-data-quality-pipeline\src\load\load_to_raw.py - build - 73

[INFO:20] 2026-07-05 15:47:07,728 - 	loaded 2390/2764 of the data.
F:\code\medical-data-quality-pipeline\src\load\load_to_raw.py - build - 73

[INFO:20] 2026-07-05 15:47:07,767 - 	loaded 2391/2764 of the data.
F:\code\medical-data-quality-pipeline\src\load\load_to_raw.py - build - 73

[INFO:20] 2026-07-05 15:47:07,803 - 	loaded 2392/2764 of the data.
F:\code\medical-data-quality-pipeline\src\load\load_to_raw.py - build - 73

[INFO:20] 2026-07-05 15:47:07,838 - 	loaded 2393/2764 of the data.
F:\code\medical-data-quality-pipeline\src\load\load_to_raw.py - build - 73

[INFO:20] 2026-07-05 15:47:07,873 - 	loaded 2394/2764 of the data.
F:\code\medical-data-quality-pipeline\src\load\load_to_raw.py - build - 73

[INFO:20] 2026-07-05 15:47:07,906 - 	loaded 2395/2764 of the data.
F:\code\medical-data-quality-pipeline\src\load\load_to_raw.py - build - 73

[INFO:20] 2026-07-05 15:47:08,044 - 	loaded 2396/2764 of the data.
F:\code\medical-data-quality-pipeline\src\load\load_to_raw.py - build - 73

[INFO:20] 2026-07-05 15:47:08,077 - 	loaded 2397/2764 of the data.
F:\code\medical-data-quality-pipeline\src\load\load_to_raw.py - build - 73

[INFO:20] 2026-07-05 15:47:08,109 - 	loaded 2398/2764 of the data.
F:\code\medical-data-quality-pipeline\src\load\load_to_raw.py - build - 73

[INFO:20] 2026-07-05 15:47:08,140 - 	loaded 2399/2764 of the data.
F:\code\medical-data-quality-pipeline\src\load\load_to_raw.py - build - 73

[INFO:20] 2026-07-05 15:47:08,173 - 	loaded 2400/2764 of the data.
F:\code\medical-data-quality-pipeline\src\load\load_to_raw.py - build - 73

[INFO:20] 2026-07-05 15:47:08,207 - 	loaded 2401/2764 of the data.
F:\code\medical-data-quality-pipeline\src\load\load_to_raw.py - build - 73

[INFO:20] 2026-07-05 15:47:08,240 - 	loaded 2402/2764 of the data.
F:\code\medical-data-quality-pipeline\src\load\load_to_raw.py - build - 73

[INFO:20] 2026-07-05 15:47:08,276 - 	loaded 2403/2764 of the data.
F:\code\medical-data-quality-pipeline\src\load\load_to_raw.py - build - 73

[INFO:20] 2026-07-05 15:47:08,313 - 	loaded 2404/2764 of the data.
F:\code\medical-data-quality-pipeline\src\load\load_to_raw.py - build - 73

[INFO:20] 2026-07-05 15:47:08,346 - 	loaded 2405/2764 of the data.
F:\code\medical-data-quality-pipeline\src\load\load_to_raw.py - build - 73

[INFO:20] 2026-07-05 15:47:08,381 - 	loaded 2406/2764 of the data.
F:\code\medical-data-quality-pipeline\src\load\load_to_raw.py - build - 73

[INFO:20] 2026-07-05 15:47:08,415 - 	loaded 2407/2764 of the data.
F:\code\medical-data-quality-pipeline\src\load\load_to_raw.py - build - 73

[INFO:20] 2026-07-05 15:47:08,449 - 	loaded 2408/2764 of the data.
F:\code\medical-data-quality-pipeline\src\load\load_to_raw.py - build - 73

[INFO:20] 2026-07-05 15:47:08,484 - 	loaded 2409/2764 of the data.
F:\code\medical-data-quality-pipeline\src\load\load_to_raw.py - build - 73

[INFO:20] 2026-07-05 15:47:08,523 - 	loaded 2410/2764 of the data.
F:\code\medical-data-quality-pipeline\src\load\load_to_raw.py - build - 73

[INFO:20] 2026-07-05 15:47:08,560 - 	loaded 2411/2764 of the data.
F:\code\medical-data-quality-pipeline\src\load\load_to_raw.py - build - 73

[INFO:20] 2026-07-05 15:47:08,595 - 	loaded 2412/2764 of the data.
F:\code\medical-data-quality-pipeline\src\load\load_to_raw.py - build - 73

[INFO:20] 2026-07-05 15:47:08,630 - 	loaded 2413/2764 of the data.
F:\code\medical-data-quality-pipeline\src\load\load_to_raw.py - build - 73

[INFO:20] 2026-07-05 15:47:08,665 - 	loaded 2414/2764 of the data.
F:\code\medical-data-quality-pipeline\src\load\load_to_raw.py - build - 73

[INFO:20] 2026-07-05 15:47:08,700 - 	loaded 2415/2764 of the data.
F:\code\medical-data-quality-pipeline\src\load\load_to_raw.py - build - 73

[INFO:20] 2026-07-05 15:47:08,742 - 	loaded 2416/2764 of the data.
F:\code\medical-data-quality-pipeline\src\load\load_to_raw.py - build - 73

[INFO:20] 2026-07-05 15:47:08,777 - 	loaded 2417/2764 of the data.
F:\code\medical-data-quality-pipeline\src\load\load_to_raw.py - build - 73

[INFO:20] 2026-07-05 15:47:08,811 - 	loaded 2418/2764 of the data.
F:\code\medical-data-quality-pipeline\src\load\load_to_raw.py - build - 73

[INFO:20] 2026-07-05 15:47:08,844 - 	loaded 2419/2764 of the data.
F:\code\medical-data-quality-pipeline\src\load\load_to_raw.py - build - 73

[INFO:20] 2026-07-05 15:47:08,877 - 	loaded 2420/2764 of the data.
F:\code\medical-data-quality-pipeline\src\load\load_to_raw.py - build - 73

[INFO:20] 2026-07-05 15:47:08,913 - 	loaded 2421/2764 of the data.
F:\code\medical-data-quality-pipeline\src\load\load_to_raw.py - build - 73

[INFO:20] 2026-07-05 15:47:08,954 - 	loaded 2422/2764 of the data.
F:\code\medical-data-quality-pipeline\src\load\load_to_raw.py - build - 73

[INFO:20] 2026-07-05 15:47:09,115 - 	loaded 2423/2764 of the data.
F:\code\medical-data-quality-pipeline\src\load\load_to_raw.py - build - 73

[INFO:20] 2026-07-05 15:47:09,152 - 	loaded 2424/2764 of the data.
F:\code\medical-data-quality-pipeline\src\load\load_to_raw.py - build - 73

[INFO:20] 2026-07-05 15:47:09,183 - 	loaded 2425/2764 of the data.
F:\code\medical-data-quality-pipeline\src\load\load_to_raw.py - build - 73

[INFO:20] 2026-07-05 15:47:09,214 - 	loaded 2426/2764 of the data.
F:\code\medical-data-quality-pipeline\src\load\load_to_raw.py - build - 73

[INFO:20] 2026-07-05 15:47:09,247 - 	loaded 2427/2764 of the data.
F:\code\medical-data-quality-pipeline\src\load\load_to_raw.py - build - 73

[INFO:20] 2026-07-05 15:47:09,280 - 	loaded 2428/2764 of the data.
F:\code\medical-data-quality-pipeline\src\load\load_to_raw.py - build - 73

[INFO:20] 2026-07-05 15:47:09,312 - 	loaded 2429/2764 of the data.
F:\code\medical-data-quality-pipeline\src\load\load_to_raw.py - build - 73

[INFO:20] 2026-07-05 15:47:09,348 - 	loaded 2430/2764 of the data.
F:\code\medical-data-quality-pipeline\src\load\load_to_raw.py - build - 73

[INFO:20] 2026-07-05 15:47:09,387 - 	loaded 2431/2764 of the data.
F:\code\medical-data-quality-pipeline\src\load\load_to_raw.py - build - 73

[INFO:20] 2026-07-05 15:47:09,418 - 	loaded 2432/2764 of the data.
F:\code\medical-data-quality-pipeline\src\load\load_to_raw.py - build - 73

[INFO:20] 2026-07-05 15:47:09,452 - 	loaded 2433/2764 of the data.
F:\code\medical-data-quality-pipeline\src\load\load_to_raw.py - build - 73

[INFO:20] 2026-07-05 15:47:09,486 - 	loaded 2434/2764 of the data.
F:\code\medical-data-quality-pipeline\src\load\load_to_raw.py - build - 73

[INFO:20] 2026-07-05 15:47:09,520 - 	loaded 2435/2764 of the data.
F:\code\medical-data-quality-pipeline\src\load\load_to_raw.py - build - 73

[INFO:20] 2026-07-05 15:47:09,664 - 	loaded 2436/2764 of the data.
F:\code\medical-data-quality-pipeline\src\load\load_to_raw.py - build - 73

[INFO:20] 2026-07-05 15:47:09,697 - 	loaded 2437/2764 of the data.
F:\code\medical-data-quality-pipeline\src\load\load_to_raw.py - build - 73

[INFO:20] 2026-07-05 15:47:09,835 - 	loaded 2438/2764 of the data.
F:\code\medical-data-quality-pipeline\src\load\load_to_raw.py - build - 73

[INFO:20] 2026-07-05 15:47:09,871 - 	loaded 2439/2764 of the data.
F:\code\medical-data-quality-pipeline\src\load\load_to_raw.py - build - 73

[INFO:20] 2026-07-05 15:47:09,908 - 	loaded 2440/2764 of the data.
F:\code\medical-data-quality-pipeline\src\load\load_to_raw.py - build - 73

[INFO:20] 2026-07-05 15:47:09,941 - 	loaded 2441/2764 of the data.
F:\code\medical-data-quality-pipeline\src\load\load_to_raw.py - build - 73

[INFO:20] 2026-07-05 15:47:09,974 - 	loaded 2442/2764 of the data.
F:\code\medical-data-quality-pipeline\src\load\load_to_raw.py - build - 73

[INFO:20] 2026-07-05 15:47:10,009 - 	loaded 2443/2764 of the data.
F:\code\medical-data-quality-pipeline\src\load\load_to_raw.py - build - 73

[INFO:20] 2026-07-05 15:47:10,042 - 	loaded 2444/2764 of the data.
F:\code\medical-data-quality-pipeline\src\load\load_to_raw.py - build - 73

[INFO:20] 2026-07-05 15:47:10,076 - 	loaded 2445/2764 of the data.
F:\code\medical-data-quality-pipeline\src\load\load_to_raw.py - build - 73

[INFO:20] 2026-07-05 15:47:10,117 - 	loaded 2446/2764 of the data.
F:\code\medical-data-quality-pipeline\src\load\load_to_raw.py - build - 73

[INFO:20] 2026-07-05 15:47:10,154 - 	loaded 2447/2764 of the data.
F:\code\medical-data-quality-pipeline\src\load\load_to_raw.py - build - 73

[INFO:20] 2026-07-05 15:47:10,189 - 	loaded 2448/2764 of the data.
F:\code\medical-data-quality-pipeline\src\load\load_to_raw.py - build - 73

[INFO:20] 2026-07-05 15:47:10,223 - 	loaded 2449/2764 of the data.
F:\code\medical-data-quality-pipeline\src\load\load_to_raw.py - build - 73

[INFO:20] 2026-07-05 15:47:10,256 - 	loaded 2450/2764 of the data.
F:\code\medical-data-quality-pipeline\src\load\load_to_raw.py - build - 73

[INFO:20] 2026-07-05 15:47:10,291 - 	loaded 2451/2764 of the data.
F:\code\medical-data-quality-pipeline\src\load\load_to_raw.py - build - 73

[INFO:20] 2026-07-05 15:47:10,329 - 	loaded 2452/2764 of the data.
F:\code\medical-data-quality-pipeline\src\load\load_to_raw.py - build - 73

[INFO:20] 2026-07-05 15:47:10,362 - 	loaded 2453/2764 of the data.
F:\code\medical-data-quality-pipeline\src\load\load_to_raw.py - build - 73

[INFO:20] 2026-07-05 15:47:10,396 - 	loaded 2454/2764 of the data.
F:\code\medical-data-quality-pipeline\src\load\load_to_raw.py - build - 73

[INFO:20] 2026-07-05 15:47:10,430 - 	loaded 2455/2764 of the data.
F:\code\medical-data-quality-pipeline\src\load\load_to_raw.py - build - 73

[INFO:20] 2026-07-05 15:47:10,464 - 	loaded 2456/2764 of the data.
F:\code\medical-data-quality-pipeline\src\load\load_to_raw.py - build - 73

[INFO:20] 2026-07-05 15:47:10,499 - 	loaded 2457/2764 of the data.
F:\code\medical-data-quality-pipeline\src\load\load_to_raw.py - build - 73

[INFO:20] 2026-07-05 15:47:10,542 - 	loaded 2458/2764 of the data.
F:\code\medical-data-quality-pipeline\src\load\load_to_raw.py - build - 73

[INFO:20] 2026-07-05 15:47:10,578 - 	loaded 2459/2764 of the data.
F:\code\medical-data-quality-pipeline\src\load\load_to_raw.py - build - 73

[INFO:20] 2026-07-05 15:47:10,611 - 	loaded 2460/2764 of the data.
F:\code\medical-data-quality-pipeline\src\load\load_to_raw.py - build - 73

[INFO:20] 2026-07-05 15:47:10,645 - 	loaded 2461/2764 of the data.
F:\code\medical-data-quality-pipeline\src\load\load_to_raw.py - build - 73

[INFO:20] 2026-07-05 15:47:10,679 - 	loaded 2462/2764 of the data.
F:\code\medical-data-quality-pipeline\src\load\load_to_raw.py - build - 73

[INFO:20] 2026-07-05 15:47:10,716 - 	loaded 2463/2764 of the data.
F:\code\medical-data-quality-pipeline\src\load\load_to_raw.py - build - 73

[INFO:20] 2026-07-05 15:47:10,759 - 	loaded 2464/2764 of the data.
F:\code\medical-data-quality-pipeline\src\load\load_to_raw.py - build - 73

[INFO:20] 2026-07-05 15:47:10,793 - 	loaded 2465/2764 of the data.
F:\code\medical-data-quality-pipeline\src\load\load_to_raw.py - build - 73

[INFO:20] 2026-07-05 15:47:10,828 - 	loaded 2466/2764 of the data.
F:\code\medical-data-quality-pipeline\src\load\load_to_raw.py - build - 73

[INFO:20] 2026-07-05 15:47:10,864 - 	loaded 2467/2764 of the data.
F:\code\medical-data-quality-pipeline\src\load\load_to_raw.py - build - 73

[INFO:20] 2026-07-05 15:47:10,897 - 	loaded 2468/2764 of the data.
F:\code\medical-data-quality-pipeline\src\load\load_to_raw.py - build - 73

[INFO:20] 2026-07-05 15:47:10,934 - 	loaded 2469/2764 of the data.
F:\code\medical-data-quality-pipeline\src\load\load_to_raw.py - build - 73

[INFO:20] 2026-07-05 15:47:10,976 - 	loaded 2470/2764 of the data.
F:\code\medical-data-quality-pipeline\src\load\load_to_raw.py - build - 73

[INFO:20] 2026-07-05 15:47:11,010 - 	loaded 2471/2764 of the data.
F:\code\medical-data-quality-pipeline\src\load\load_to_raw.py - build - 73

[INFO:20] 2026-07-05 15:47:11,043 - 	loaded 2472/2764 of the data.
F:\code\medical-data-quality-pipeline\src\load\load_to_raw.py - build - 73

[INFO:20] 2026-07-05 15:47:11,077 - 	loaded 2473/2764 of the data.
F:\code\medical-data-quality-pipeline\src\load\load_to_raw.py - build - 73

[INFO:20] 2026-07-05 15:47:11,113 - 	loaded 2474/2764 of the data.
F:\code\medical-data-quality-pipeline\src\load\load_to_raw.py - build - 73

[INFO:20] 2026-07-05 15:47:11,266 - 	loaded 2475/2764 of the data.
F:\code\medical-data-quality-pipeline\src\load\load_to_raw.py - build - 73

[INFO:20] 2026-07-05 15:47:11,300 - 	loaded 2476/2764 of the data.
F:\code\medical-data-quality-pipeline\src\load\load_to_raw.py - build - 73

[INFO:20] 2026-07-05 15:47:11,459 - 	loaded 2477/2764 of the data.
F:\code\medical-data-quality-pipeline\src\load\load_to_raw.py - build - 73

[INFO:20] 2026-07-05 15:47:11,618 - 	loaded 2478/2764 of the data.
F:\code\medical-data-quality-pipeline\src\load\load_to_raw.py - build - 73

[INFO:20] 2026-07-05 15:47:11,653 - 	loaded 2479/2764 of the data.
F:\code\medical-data-quality-pipeline\src\load\load_to_raw.py - build - 73

[INFO:20] 2026-07-05 15:47:11,685 - 	loaded 2480/2764 of the data.
F:\code\medical-data-quality-pipeline\src\load\load_to_raw.py - build - 73

[INFO:20] 2026-07-05 15:47:11,716 - 	loaded 2481/2764 of the data.
F:\code\medical-data-quality-pipeline\src\load\load_to_raw.py - build - 73

[INFO:20] 2026-07-05 15:47:11,750 - 	loaded 2482/2764 of the data.
F:\code\medical-data-quality-pipeline\src\load\load_to_raw.py - build - 73

[INFO:20] 2026-07-05 15:47:11,783 - 	loaded 2483/2764 of the data.
F:\code\medical-data-quality-pipeline\src\load\load_to_raw.py - build - 73

[INFO:20] 2026-07-05 15:47:11,824 - 	loaded 2484/2764 of the data.
F:\code\medical-data-quality-pipeline\src\load\load_to_raw.py - build - 73

[INFO:20] 2026-07-05 15:47:11,866 - 	loaded 2485/2764 of the data.
F:\code\medical-data-quality-pipeline\src\load\load_to_raw.py - build - 73

[INFO:20] 2026-07-05 15:47:11,900 - 	loaded 2486/2764 of the data.
F:\code\medical-data-quality-pipeline\src\load\load_to_raw.py - build - 73

[INFO:20] 2026-07-05 15:47:11,945 - 	loaded 2487/2764 of the data.
F:\code\medical-data-quality-pipeline\src\load\load_to_raw.py - build - 73

[INFO:20] 2026-07-05 15:47:12,092 - 	loaded 2488/2764 of the data.
F:\code\medical-data-quality-pipeline\src\load\load_to_raw.py - build - 73

[INFO:20] 2026-07-05 15:47:12,124 - 	loaded 2489/2764 of the data.
F:\code\medical-data-quality-pipeline\src\load\load_to_raw.py - build - 73

[INFO:20] 2026-07-05 15:47:12,157 - 	loaded 2490/2764 of the data.
F:\code\medical-data-quality-pipeline\src\load\load_to_raw.py - build - 73

[INFO:20] 2026-07-05 15:47:12,205 - 	loaded 2491/2764 of the data.
F:\code\medical-data-quality-pipeline\src\load\load_to_raw.py - build - 73

[INFO:20] 2026-07-05 15:47:12,236 - 	loaded 2492/2764 of the data.
F:\code\medical-data-quality-pipeline\src\load\load_to_raw.py - build - 73

[INFO:20] 2026-07-05 15:47:12,266 - 	loaded 2493/2764 of the data.
F:\code\medical-data-quality-pipeline\src\load\load_to_raw.py - build - 73

[INFO:20] 2026-07-05 15:47:12,301 - 	loaded 2494/2764 of the data.
F:\code\medical-data-quality-pipeline\src\load\load_to_raw.py - build - 73

[INFO:20] 2026-07-05 15:47:12,340 - 	loaded 2495/2764 of the data.
F:\code\medical-data-quality-pipeline\src\load\load_to_raw.py - build - 73

[INFO:20] 2026-07-05 15:47:12,374 - 	loaded 2496/2764 of the data.
F:\code\medical-data-quality-pipeline\src\load\load_to_raw.py - build - 73

[INFO:20] 2026-07-05 15:47:12,408 - 	loaded 2497/2764 of the data.
F:\code\medical-data-quality-pipeline\src\load\load_to_raw.py - build - 73

[INFO:20] 2026-07-05 15:47:12,441 - 	loaded 2498/2764 of the data.
F:\code\medical-data-quality-pipeline\src\load\load_to_raw.py - build - 73

[INFO:20] 2026-07-05 15:47:12,583 - 	loaded 2499/2764 of the data.
F:\code\medical-data-quality-pipeline\src\load\load_to_raw.py - build - 73

[INFO:20] 2026-07-05 15:47:12,617 - 	loaded 2500/2764 of the data.
F:\code\medical-data-quality-pipeline\src\load\load_to_raw.py - build - 73

[INFO:20] 2026-07-05 15:47:12,652 - 	loaded 2501/2764 of the data.
F:\code\medical-data-quality-pipeline\src\load\load_to_raw.py - build - 73

[INFO:20] 2026-07-05 15:47:12,685 - 	loaded 2502/2764 of the data.
F:\code\medical-data-quality-pipeline\src\load\load_to_raw.py - build - 73

[INFO:20] 2026-07-05 15:47:12,837 - 	loaded 2503/2764 of the data.
F:\code\medical-data-quality-pipeline\src\load\load_to_raw.py - build - 73

[INFO:20] 2026-07-05 15:47:12,868 - 	loaded 2504/2764 of the data.
F:\code\medical-data-quality-pipeline\src\load\load_to_raw.py - build - 73

[INFO:20] 2026-07-05 15:47:12,905 - 	loaded 2505/2764 of the data.
F:\code\medical-data-quality-pipeline\src\load\load_to_raw.py - build - 73

[INFO:20] 2026-07-05 15:47:12,938 - 	loaded 2506/2764 of the data.
F:\code\medical-data-quality-pipeline\src\load\load_to_raw.py - build - 73

[INFO:20] 2026-07-05 15:47:12,971 - 	loaded 2507/2764 of the data.
F:\code\medical-data-quality-pipeline\src\load\load_to_raw.py - build - 73

[INFO:20] 2026-07-05 15:47:13,005 - 	loaded 2508/2764 of the data.
F:\code\medical-data-quality-pipeline\src\load\load_to_raw.py - build - 73

[INFO:20] 2026-07-05 15:47:13,039 - 	loaded 2509/2764 of the data.
F:\code\medical-data-quality-pipeline\src\load\load_to_raw.py - build - 73

[INFO:20] 2026-07-05 15:47:13,076 - 	loaded 2510/2764 of the data.
F:\code\medical-data-quality-pipeline\src\load\load_to_raw.py - build - 73

[INFO:20] 2026-07-05 15:47:13,116 - 	loaded 2511/2764 of the data.
F:\code\medical-data-quality-pipeline\src\load\load_to_raw.py - build - 73

[INFO:20] 2026-07-05 15:47:13,149 - 	loaded 2512/2764 of the data.
F:\code\medical-data-quality-pipeline\src\load\load_to_raw.py - build - 73

[INFO:20] 2026-07-05 15:47:13,181 - 	loaded 2513/2764 of the data.
F:\code\medical-data-quality-pipeline\src\load\load_to_raw.py - build - 73

[INFO:20] 2026-07-05 15:47:13,318 - 	loaded 2514/2764 of the data.
F:\code\medical-data-quality-pipeline\src\load\load_to_raw.py - build - 73

[INFO:20] 2026-07-05 15:47:13,350 - 	loaded 2515/2764 of the data.
F:\code\medical-data-quality-pipeline\src\load\load_to_raw.py - build - 73

[INFO:20] 2026-07-05 15:47:13,380 - 	loaded 2516/2764 of the data.
F:\code\medical-data-quality-pipeline\src\load\load_to_raw.py - build - 73

[INFO:20] 2026-07-05 15:47:13,412 - 	loaded 2517/2764 of the data.
F:\code\medical-data-quality-pipeline\src\load\load_to_raw.py - build - 73

[INFO:20] 2026-07-05 15:47:13,444 - 	loaded 2518/2764 of the data.
F:\code\medical-data-quality-pipeline\src\load\load_to_raw.py - build - 73

[INFO:20] 2026-07-05 15:47:13,479 - 	loaded 2519/2764 of the data.
F:\code\medical-data-quality-pipeline\src\load\load_to_raw.py - build - 73

[INFO:20] 2026-07-05 15:47:13,615 - 	loaded 2520/2764 of the data.
F:\code\medical-data-quality-pipeline\src\load\load_to_raw.py - build - 73

[INFO:20] 2026-07-05 15:47:13,648 - 	loaded 2521/2764 of the data.
F:\code\medical-data-quality-pipeline\src\load\load_to_raw.py - build - 73

[INFO:20] 2026-07-05 15:47:13,681 - 	loaded 2522/2764 of the data.
F:\code\medical-data-quality-pipeline\src\load\load_to_raw.py - build - 73

[INFO:20] 2026-07-05 15:47:13,714 - 	loaded 2523/2764 of the data.
F:\code\medical-data-quality-pipeline\src\load\load_to_raw.py - build - 73

[INFO:20] 2026-07-05 15:47:13,748 - 	loaded 2524/2764 of the data.
F:\code\medical-data-quality-pipeline\src\load\load_to_raw.py - build - 73

[INFO:20] 2026-07-05 15:47:13,782 - 	loaded 2525/2764 of the data.
F:\code\medical-data-quality-pipeline\src\load\load_to_raw.py - build - 73

[INFO:20] 2026-07-05 15:47:13,814 - 	loaded 2526/2764 of the data.
F:\code\medical-data-quality-pipeline\src\load\load_to_raw.py - build - 73

[INFO:20] 2026-07-05 15:47:13,854 - 	loaded 2527/2764 of the data.
F:\code\medical-data-quality-pipeline\src\load\load_to_raw.py - build - 73

[INFO:20] 2026-07-05 15:47:13,900 - 	loaded 2528/2764 of the data.
F:\code\medical-data-quality-pipeline\src\load\load_to_raw.py - build - 73

[INFO:20] 2026-07-05 15:47:14,047 - 	loaded 2529/2764 of the data.
F:\code\medical-data-quality-pipeline\src\load\load_to_raw.py - build - 73

[INFO:20] 2026-07-05 15:47:14,086 - 	loaded 2530/2764 of the data.
F:\code\medical-data-quality-pipeline\src\load\load_to_raw.py - build - 73

[INFO:20] 2026-07-05 15:47:14,272 - 	loaded 2531/2764 of the data.
F:\code\medical-data-quality-pipeline\src\load\load_to_raw.py - build - 73

[INFO:20] 2026-07-05 15:47:14,321 - 	loaded 2532/2764 of the data.
F:\code\medical-data-quality-pipeline\src\load\load_to_raw.py - build - 73

[INFO:20] 2026-07-05 15:47:14,354 - 	loaded 2533/2764 of the data.
F:\code\medical-data-quality-pipeline\src\load\load_to_raw.py - build - 73

[INFO:20] 2026-07-05 15:47:14,386 - 	loaded 2534/2764 of the data.
F:\code\medical-data-quality-pipeline\src\load\load_to_raw.py - build - 73

[INFO:20] 2026-07-05 15:47:14,417 - 	loaded 2535/2764 of the data.
F:\code\medical-data-quality-pipeline\src\load\load_to_raw.py - build - 73

[INFO:20] 2026-07-05 15:47:14,451 - 	loaded 2536/2764 of the data.
F:\code\medical-data-quality-pipeline\src\load\load_to_raw.py - build - 73

[INFO:20] 2026-07-05 15:47:14,485 - 	loaded 2537/2764 of the data.
F:\code\medical-data-quality-pipeline\src\load\load_to_raw.py - build - 73

[INFO:20] 2026-07-05 15:47:14,517 - 	loaded 2538/2764 of the data.
F:\code\medical-data-quality-pipeline\src\load\load_to_raw.py - build - 73

[INFO:20] 2026-07-05 15:47:14,555 - 	loaded 2539/2764 of the data.
F:\code\medical-data-quality-pipeline\src\load\load_to_raw.py - build - 73

[INFO:20] 2026-07-05 15:47:14,598 - 	loaded 2540/2764 of the data.
F:\code\medical-data-quality-pipeline\src\load\load_to_raw.py - build - 73

[INFO:20] 2026-07-05 15:47:14,766 - 	loaded 2541/2764 of the data.
F:\code\medical-data-quality-pipeline\src\load\load_to_raw.py - build - 73

[INFO:20] 2026-07-05 15:47:14,806 - 	loaded 2542/2764 of the data.
F:\code\medical-data-quality-pipeline\src\load\load_to_raw.py - build - 73

[INFO:20] 2026-07-05 15:47:14,842 - 	loaded 2543/2764 of the data.
F:\code\medical-data-quality-pipeline\src\load\load_to_raw.py - build - 73

[INFO:20] 2026-07-05 15:47:14,989 - 	loaded 2544/2764 of the data.
F:\code\medical-data-quality-pipeline\src\load\load_to_raw.py - build - 73

[INFO:20] 2026-07-05 15:47:15,028 - 	loaded 2545/2764 of the data.
F:\code\medical-data-quality-pipeline\src\load\load_to_raw.py - build - 73

[INFO:20] 2026-07-05 15:47:15,063 - 	loaded 2546/2764 of the data.
F:\code\medical-data-quality-pipeline\src\load\load_to_raw.py - build - 73

[INFO:20] 2026-07-05 15:47:15,096 - 	loaded 2547/2764 of the data.
F:\code\medical-data-quality-pipeline\src\load\load_to_raw.py - build - 73

[INFO:20] 2026-07-05 15:47:15,250 - 	loaded 2548/2764 of the data.
F:\code\medical-data-quality-pipeline\src\load\load_to_raw.py - build - 73

[INFO:20] 2026-07-05 15:47:15,280 - 	loaded 2549/2764 of the data.
F:\code\medical-data-quality-pipeline\src\load\load_to_raw.py - build - 73

[INFO:20] 2026-07-05 15:47:15,434 - 	loaded 2550/2764 of the data.
F:\code\medical-data-quality-pipeline\src\load\load_to_raw.py - build - 73

[INFO:20] 2026-07-05 15:47:15,470 - 	loaded 2551/2764 of the data.
F:\code\medical-data-quality-pipeline\src\load\load_to_raw.py - build - 73

[INFO:20] 2026-07-05 15:47:15,504 - 	loaded 2552/2764 of the data.
F:\code\medical-data-quality-pipeline\src\load\load_to_raw.py - build - 73

[INFO:20] 2026-07-05 15:47:15,647 - 	loaded 2553/2764 of the data.
F:\code\medical-data-quality-pipeline\src\load\load_to_raw.py - build - 73

[INFO:20] 2026-07-05 15:47:15,680 - 	loaded 2554/2764 of the data.
F:\code\medical-data-quality-pipeline\src\load\load_to_raw.py - build - 73

[INFO:20] 2026-07-05 15:47:15,721 - 	loaded 2555/2764 of the data.
F:\code\medical-data-quality-pipeline\src\load\load_to_raw.py - build - 73

[INFO:20] 2026-07-05 15:47:15,754 - 	loaded 2556/2764 of the data.
F:\code\medical-data-quality-pipeline\src\load\load_to_raw.py - build - 73

[INFO:20] 2026-07-05 15:47:15,911 - 	loaded 2557/2764 of the data.
F:\code\medical-data-quality-pipeline\src\load\load_to_raw.py - build - 73

[INFO:20] 2026-07-05 15:47:15,945 - 	loaded 2558/2764 of the data.
F:\code\medical-data-quality-pipeline\src\load\load_to_raw.py - build - 73

[INFO:20] 2026-07-05 15:47:15,978 - 	loaded 2559/2764 of the data.
F:\code\medical-data-quality-pipeline\src\load\load_to_raw.py - build - 73

[INFO:20] 2026-07-05 15:47:16,011 - 	loaded 2560/2764 of the data.
F:\code\medical-data-quality-pipeline\src\load\load_to_raw.py - build - 73

[INFO:20] 2026-07-05 15:47:16,043 - 	loaded 2561/2764 of the data.
F:\code\medical-data-quality-pipeline\src\load\load_to_raw.py - build - 73

[INFO:20] 2026-07-05 15:47:16,075 - 	loaded 2562/2764 of the data.
F:\code\medical-data-quality-pipeline\src\load\load_to_raw.py - build - 73

[INFO:20] 2026-07-05 15:47:16,108 - 	loaded 2563/2764 of the data.
F:\code\medical-data-quality-pipeline\src\load\load_to_raw.py - build - 73

[INFO:20] 2026-07-05 15:47:16,145 - 	loaded 2564/2764 of the data.
F:\code\medical-data-quality-pipeline\src\load\load_to_raw.py - build - 73

[INFO:20] 2026-07-05 15:47:16,185 - 	loaded 2565/2764 of the data.
F:\code\medical-data-quality-pipeline\src\load\load_to_raw.py - build - 73

[INFO:20] 2026-07-05 15:47:16,219 - 	loaded 2566/2764 of the data.
F:\code\medical-data-quality-pipeline\src\load\load_to_raw.py - build - 73

[INFO:20] 2026-07-05 15:47:16,252 - 	loaded 2567/2764 of the data.
F:\code\medical-data-quality-pipeline\src\load\load_to_raw.py - build - 73

[INFO:20] 2026-07-05 15:47:16,285 - 	loaded 2568/2764 of the data.
F:\code\medical-data-quality-pipeline\src\load\load_to_raw.py - build - 73

[INFO:20] 2026-07-05 15:47:16,433 - 	loaded 2569/2764 of the data.
F:\code\medical-data-quality-pipeline\src\load\load_to_raw.py - build - 73

[INFO:20] 2026-07-05 15:47:16,466 - 	loaded 2570/2764 of the data.
F:\code\medical-data-quality-pipeline\src\load\load_to_raw.py - build - 73

[INFO:20] 2026-07-05 15:47:16,502 - 	loaded 2571/2764 of the data.
F:\code\medical-data-quality-pipeline\src\load\load_to_raw.py - build - 73

[INFO:20] 2026-07-05 15:47:16,536 - 	loaded 2572/2764 of the data.
F:\code\medical-data-quality-pipeline\src\load\load_to_raw.py - build - 73

[INFO:20] 2026-07-05 15:47:16,571 - 	loaded 2573/2764 of the data.
F:\code\medical-data-quality-pipeline\src\load\load_to_raw.py - build - 73

[INFO:20] 2026-07-05 15:47:16,604 - 	loaded 2574/2764 of the data.
F:\code\medical-data-quality-pipeline\src\load\load_to_raw.py - build - 73

[INFO:20] 2026-07-05 15:47:16,638 - 	loaded 2575/2764 of the data.
F:\code\medical-data-quality-pipeline\src\load\load_to_raw.py - build - 73

[INFO:20] 2026-07-05 15:47:16,676 - 	loaded 2576/2764 of the data.
F:\code\medical-data-quality-pipeline\src\load\load_to_raw.py - build - 73

[INFO:20] 2026-07-05 15:47:16,714 - 	loaded 2577/2764 of the data.
F:\code\medical-data-quality-pipeline\src\load\load_to_raw.py - build - 73

[INFO:20] 2026-07-05 15:47:16,874 - 	loaded 2578/2764 of the data.
F:\code\medical-data-quality-pipeline\src\load\load_to_raw.py - build - 73

[INFO:20] 2026-07-05 15:47:16,913 - 	loaded 2579/2764 of the data.
F:\code\medical-data-quality-pipeline\src\load\load_to_raw.py - build - 73

[INFO:20] 2026-07-05 15:47:16,947 - 	loaded 2580/2764 of the data.
F:\code\medical-data-quality-pipeline\src\load\load_to_raw.py - build - 73

[INFO:20] 2026-07-05 15:47:16,978 - 	loaded 2581/2764 of the data.
F:\code\medical-data-quality-pipeline\src\load\load_to_raw.py - build - 73

[INFO:20] 2026-07-05 15:47:17,017 - 	loaded 2582/2764 of the data.
F:\code\medical-data-quality-pipeline\src\load\load_to_raw.py - build - 73

[INFO:20] 2026-07-05 15:47:17,053 - 	loaded 2583/2764 of the data.
F:\code\medical-data-quality-pipeline\src\load\load_to_raw.py - build - 73

[INFO:20] 2026-07-05 15:47:17,088 - 	loaded 2584/2764 of the data.
F:\code\medical-data-quality-pipeline\src\load\load_to_raw.py - build - 73

[INFO:20] 2026-07-05 15:47:17,123 - 	loaded 2585/2764 of the data.
F:\code\medical-data-quality-pipeline\src\load\load_to_raw.py - build - 73

[INFO:20] 2026-07-05 15:47:17,163 - 	loaded 2586/2764 of the data.
F:\code\medical-data-quality-pipeline\src\load\load_to_raw.py - build - 73

[INFO:20] 2026-07-05 15:47:17,199 - 	loaded 2587/2764 of the data.
F:\code\medical-data-quality-pipeline\src\load\load_to_raw.py - build - 73

[INFO:20] 2026-07-05 15:47:17,232 - 	loaded 2588/2764 of the data.
F:\code\medical-data-quality-pipeline\src\load\load_to_raw.py - build - 73

[INFO:20] 2026-07-05 15:47:17,265 - 	loaded 2589/2764 of the data.
F:\code\medical-data-quality-pipeline\src\load\load_to_raw.py - build - 73

[INFO:20] 2026-07-05 15:47:17,298 - 	loaded 2590/2764 of the data.
F:\code\medical-data-quality-pipeline\src\load\load_to_raw.py - build - 73

[INFO:20] 2026-07-05 15:47:17,331 - 	loaded 2591/2764 of the data.
F:\code\medical-data-quality-pipeline\src\load\load_to_raw.py - build - 73

[INFO:20] 2026-07-05 15:47:17,369 - 	loaded 2592/2764 of the data.
F:\code\medical-data-quality-pipeline\src\load\load_to_raw.py - build - 73

[INFO:20] 2026-07-05 15:47:17,403 - 	loaded 2593/2764 of the data.
F:\code\medical-data-quality-pipeline\src\load\load_to_raw.py - build - 73

[INFO:20] 2026-07-05 15:47:17,436 - 	loaded 2594/2764 of the data.
F:\code\medical-data-quality-pipeline\src\load\load_to_raw.py - build - 73

[INFO:20] 2026-07-05 15:47:17,578 - 	loaded 2595/2764 of the data.
F:\code\medical-data-quality-pipeline\src\load\load_to_raw.py - build - 73

[INFO:20] 2026-07-05 15:47:17,727 - 	loaded 2596/2764 of the data.
F:\code\medical-data-quality-pipeline\src\load\load_to_raw.py - build - 73

[INFO:20] 2026-07-05 15:47:17,758 - 	loaded 2597/2764 of the data.
F:\code\medical-data-quality-pipeline\src\load\load_to_raw.py - build - 73

[INFO:20] 2026-07-05 15:47:17,796 - 	loaded 2598/2764 of the data.
F:\code\medical-data-quality-pipeline\src\load\load_to_raw.py - build - 73

[INFO:20] 2026-07-05 15:47:17,831 - 	loaded 2599/2764 of the data.
F:\code\medical-data-quality-pipeline\src\load\load_to_raw.py - build - 73

[INFO:20] 2026-07-05 15:47:17,865 - 	loaded 2600/2764 of the data.
F:\code\medical-data-quality-pipeline\src\load\load_to_raw.py - build - 73

[INFO:20] 2026-07-05 15:47:17,899 - 	loaded 2601/2764 of the data.
F:\code\medical-data-quality-pipeline\src\load\load_to_raw.py - build - 73

[INFO:20] 2026-07-05 15:47:18,053 - 	loaded 2602/2764 of the data.
F:\code\medical-data-quality-pipeline\src\load\load_to_raw.py - build - 73

[INFO:20] 2026-07-05 15:47:18,087 - 	loaded 2603/2764 of the data.
F:\code\medical-data-quality-pipeline\src\load\load_to_raw.py - build - 73

[INFO:20] 2026-07-05 15:47:18,120 - 	loaded 2604/2764 of the data.
F:\code\medical-data-quality-pipeline\src\load\load_to_raw.py - build - 73

[INFO:20] 2026-07-05 15:47:18,150 - 	loaded 2605/2764 of the data.
F:\code\medical-data-quality-pipeline\src\load\load_to_raw.py - build - 73

[INFO:20] 2026-07-05 15:47:18,184 - 	loaded 2606/2764 of the data.
F:\code\medical-data-quality-pipeline\src\load\load_to_raw.py - build - 73

[INFO:20] 2026-07-05 15:47:18,327 - 	loaded 2607/2764 of the data.
F:\code\medical-data-quality-pipeline\src\load\load_to_raw.py - build - 73

[INFO:20] 2026-07-05 15:47:18,362 - 	loaded 2608/2764 of the data.
F:\code\medical-data-quality-pipeline\src\load\load_to_raw.py - build - 73

[INFO:20] 2026-07-05 15:47:18,393 - 	loaded 2609/2764 of the data.
F:\code\medical-data-quality-pipeline\src\load\load_to_raw.py - build - 73

[INFO:20] 2026-07-05 15:47:18,423 - 	loaded 2610/2764 of the data.
F:\code\medical-data-quality-pipeline\src\load\load_to_raw.py - build - 73

[INFO:20] 2026-07-05 15:47:18,458 - 	loaded 2611/2764 of the data.
F:\code\medical-data-quality-pipeline\src\load\load_to_raw.py - build - 73

[INFO:20] 2026-07-05 15:47:18,491 - 	loaded 2612/2764 of the data.
F:\code\medical-data-quality-pipeline\src\load\load_to_raw.py - build - 73

[INFO:20] 2026-07-05 15:47:18,523 - 	loaded 2613/2764 of the data.
F:\code\medical-data-quality-pipeline\src\load\load_to_raw.py - build - 73

[INFO:20] 2026-07-05 15:47:18,566 - 	loaded 2614/2764 of the data.
F:\code\medical-data-quality-pipeline\src\load\load_to_raw.py - build - 73

[INFO:20] 2026-07-05 15:47:18,603 - 	loaded 2615/2764 of the data.
F:\code\medical-data-quality-pipeline\src\load\load_to_raw.py - build - 73

[INFO:20] 2026-07-05 15:47:18,757 - 	loaded 2616/2764 of the data.
F:\code\medical-data-quality-pipeline\src\load\load_to_raw.py - build - 73

[INFO:20] 2026-07-05 15:47:18,798 - 	loaded 2617/2764 of the data.
F:\code\medical-data-quality-pipeline\src\load\load_to_raw.py - build - 73

[INFO:20] 2026-07-05 15:47:18,839 - 	loaded 2618/2764 of the data.
F:\code\medical-data-quality-pipeline\src\load\load_to_raw.py - build - 73

[INFO:20] 2026-07-05 15:47:18,878 - 	loaded 2619/2764 of the data.
F:\code\medical-data-quality-pipeline\src\load\load_to_raw.py - build - 73

[INFO:20] 2026-07-05 15:47:18,916 - 	loaded 2620/2764 of the data.
F:\code\medical-data-quality-pipeline\src\load\load_to_raw.py - build - 73

[INFO:20] 2026-07-05 15:47:18,951 - 	loaded 2621/2764 of the data.
F:\code\medical-data-quality-pipeline\src\load\load_to_raw.py - build - 73

[INFO:20] 2026-07-05 15:47:18,990 - 	loaded 2622/2764 of the data.
F:\code\medical-data-quality-pipeline\src\load\load_to_raw.py - build - 73

[INFO:20] 2026-07-05 15:47:19,141 - 	loaded 2623/2764 of the data.
F:\code\medical-data-quality-pipeline\src\load\load_to_raw.py - build - 73

[INFO:20] 2026-07-05 15:47:19,283 - 	loaded 2624/2764 of the data.
F:\code\medical-data-quality-pipeline\src\load\load_to_raw.py - build - 73

[INFO:20] 2026-07-05 15:47:19,315 - 	loaded 2625/2764 of the data.
F:\code\medical-data-quality-pipeline\src\load\load_to_raw.py - build - 73

[INFO:20] 2026-07-05 15:47:19,345 - 	loaded 2626/2764 of the data.
F:\code\medical-data-quality-pipeline\src\load\load_to_raw.py - build - 73

[INFO:20] 2026-07-05 15:47:19,385 - 	loaded 2627/2764 of the data.
F:\code\medical-data-quality-pipeline\src\load\load_to_raw.py - build - 73

[INFO:20] 2026-07-05 15:47:19,417 - 	loaded 2628/2764 of the data.
F:\code\medical-data-quality-pipeline\src\load\load_to_raw.py - build - 73

[INFO:20] 2026-07-05 15:47:19,449 - 	loaded 2629/2764 of the data.
F:\code\medical-data-quality-pipeline\src\load\load_to_raw.py - build - 73

[INFO:20] 2026-07-05 15:47:19,483 - 	loaded 2630/2764 of the data.
F:\code\medical-data-quality-pipeline\src\load\load_to_raw.py - build - 73

[INFO:20] 2026-07-05 15:47:19,516 - 	loaded 2631/2764 of the data.
F:\code\medical-data-quality-pipeline\src\load\load_to_raw.py - build - 73

[INFO:20] 2026-07-05 15:47:19,549 - 	loaded 2632/2764 of the data.
F:\code\medical-data-quality-pipeline\src\load\load_to_raw.py - build - 73

[INFO:20] 2026-07-05 15:47:19,590 - 	loaded 2633/2764 of the data.
F:\code\medical-data-quality-pipeline\src\load\load_to_raw.py - build - 73

[INFO:20] 2026-07-05 15:47:19,630 - 	loaded 2634/2764 of the data.
F:\code\medical-data-quality-pipeline\src\load\load_to_raw.py - build - 73

[INFO:20] 2026-07-05 15:47:19,663 - 	loaded 2635/2764 of the data.
F:\code\medical-data-quality-pipeline\src\load\load_to_raw.py - build - 73

[INFO:20] 2026-07-05 15:47:19,698 - 	loaded 2636/2764 of the data.
F:\code\medical-data-quality-pipeline\src\load\load_to_raw.py - build - 73

[INFO:20] 2026-07-05 15:47:19,730 - 	loaded 2637/2764 of the data.
F:\code\medical-data-quality-pipeline\src\load\load_to_raw.py - build - 73

[INFO:20] 2026-07-05 15:47:19,765 - 	loaded 2638/2764 of the data.
F:\code\medical-data-quality-pipeline\src\load\load_to_raw.py - build - 73

[INFO:20] 2026-07-05 15:47:19,805 - 	loaded 2639/2764 of the data.
F:\code\medical-data-quality-pipeline\src\load\load_to_raw.py - build - 73

[INFO:20] 2026-07-05 15:47:19,841 - 	loaded 2640/2764 of the data.
F:\code\medical-data-quality-pipeline\src\load\load_to_raw.py - build - 73

[INFO:20] 2026-07-05 15:47:19,875 - 	loaded 2641/2764 of the data.
F:\code\medical-data-quality-pipeline\src\load\load_to_raw.py - build - 73

[INFO:20] 2026-07-05 15:47:19,910 - 	loaded 2642/2764 of the data.
F:\code\medical-data-quality-pipeline\src\load\load_to_raw.py - build - 73

[INFO:20] 2026-07-05 15:47:19,943 - 	loaded 2643/2764 of the data.
F:\code\medical-data-quality-pipeline\src\load\load_to_raw.py - build - 73

[INFO:20] 2026-07-05 15:47:19,977 - 	loaded 2644/2764 of the data.
F:\code\medical-data-quality-pipeline\src\load\load_to_raw.py - build - 73

[INFO:20] 2026-07-05 15:47:20,015 - 	loaded 2645/2764 of the data.
F:\code\medical-data-quality-pipeline\src\load\load_to_raw.py - build - 73

[INFO:20] 2026-07-05 15:47:20,051 - 	loaded 2646/2764 of the data.
F:\code\medical-data-quality-pipeline\src\load\load_to_raw.py - build - 73

[INFO:20] 2026-07-05 15:47:20,085 - 	loaded 2647/2764 of the data.
F:\code\medical-data-quality-pipeline\src\load\load_to_raw.py - build - 73

[INFO:20] 2026-07-05 15:47:20,119 - 	loaded 2648/2764 of the data.
F:\code\medical-data-quality-pipeline\src\load\load_to_raw.py - build - 73

[INFO:20] 2026-07-05 15:47:20,152 - 	loaded 2649/2764 of the data.
F:\code\medical-data-quality-pipeline\src\load\load_to_raw.py - build - 73

[INFO:20] 2026-07-05 15:47:20,185 - 	loaded 2650/2764 of the data.
F:\code\medical-data-quality-pipeline\src\load\load_to_raw.py - build - 73

[INFO:20] 2026-07-05 15:47:20,226 - 	loaded 2651/2764 of the data.
F:\code\medical-data-quality-pipeline\src\load\load_to_raw.py - build - 73

[INFO:20] 2026-07-05 15:47:20,262 - 	loaded 2652/2764 of the data.
F:\code\medical-data-quality-pipeline\src\load\load_to_raw.py - build - 73

[INFO:20] 2026-07-05 15:47:20,294 - 	loaded 2653/2764 of the data.
F:\code\medical-data-quality-pipeline\src\load\load_to_raw.py - build - 73

[INFO:20] 2026-07-05 15:47:20,328 - 	loaded 2654/2764 of the data.
F:\code\medical-data-quality-pipeline\src\load\load_to_raw.py - build - 73

[INFO:20] 2026-07-05 15:47:20,362 - 	loaded 2655/2764 of the data.
F:\code\medical-data-quality-pipeline\src\load\load_to_raw.py - build - 73

[INFO:20] 2026-07-05 15:47:20,395 - 	loaded 2656/2764 of the data.
F:\code\medical-data-quality-pipeline\src\load\load_to_raw.py - build - 73

[INFO:20] 2026-07-05 15:47:20,434 - 	loaded 2657/2764 of the data.
F:\code\medical-data-quality-pipeline\src\load\load_to_raw.py - build - 73

[INFO:20] 2026-07-05 15:47:20,470 - 	loaded 2658/2764 of the data.
F:\code\medical-data-quality-pipeline\src\load\load_to_raw.py - build - 73

[INFO:20] 2026-07-05 15:47:20,502 - 	loaded 2659/2764 of the data.
F:\code\medical-data-quality-pipeline\src\load\load_to_raw.py - build - 73

[INFO:20] 2026-07-05 15:47:20,535 - 	loaded 2660/2764 of the data.
F:\code\medical-data-quality-pipeline\src\load\load_to_raw.py - build - 73

[INFO:20] 2026-07-05 15:47:20,569 - 	loaded 2661/2764 of the data.
F:\code\medical-data-quality-pipeline\src\load\load_to_raw.py - build - 73

[INFO:20] 2026-07-05 15:47:20,716 - 	loaded 2662/2764 of the data.
F:\code\medical-data-quality-pipeline\src\load\load_to_raw.py - build - 73

[INFO:20] 2026-07-05 15:47:20,749 - 	loaded 2663/2764 of the data.
F:\code\medical-data-quality-pipeline\src\load\load_to_raw.py - build - 73

[INFO:20] 2026-07-05 15:47:20,784 - 	loaded 2664/2764 of the data.
F:\code\medical-data-quality-pipeline\src\load\load_to_raw.py - build - 73

[INFO:20] 2026-07-05 15:47:20,817 - 	loaded 2665/2764 of the data.
F:\code\medical-data-quality-pipeline\src\load\load_to_raw.py - build - 73

[INFO:20] 2026-07-05 15:47:20,851 - 	loaded 2666/2764 of the data.
F:\code\medical-data-quality-pipeline\src\load\load_to_raw.py - build - 73

[INFO:20] 2026-07-05 15:47:20,887 - 	loaded 2667/2764 of the data.
F:\code\medical-data-quality-pipeline\src\load\load_to_raw.py - build - 73

[INFO:20] 2026-07-05 15:47:20,921 - 	loaded 2668/2764 of the data.
F:\code\medical-data-quality-pipeline\src\load\load_to_raw.py - build - 73

[INFO:20] 2026-07-05 15:47:20,960 - 	loaded 2669/2764 of the data.
F:\code\medical-data-quality-pipeline\src\load\load_to_raw.py - build - 73

[INFO:20] 2026-07-05 15:47:20,998 - 	loaded 2670/2764 of the data.
F:\code\medical-data-quality-pipeline\src\load\load_to_raw.py - build - 73

[INFO:20] 2026-07-05 15:47:21,150 - 	loaded 2671/2764 of the data.
F:\code\medical-data-quality-pipeline\src\load\load_to_raw.py - build - 73

[INFO:20] 2026-07-05 15:47:21,185 - 	loaded 2672/2764 of the data.
F:\code\medical-data-quality-pipeline\src\load\load_to_raw.py - build - 73

[INFO:20] 2026-07-05 15:47:21,215 - 	loaded 2673/2764 of the data.
F:\code\medical-data-quality-pipeline\src\load\load_to_raw.py - build - 73

[INFO:20] 2026-07-05 15:47:21,247 - 	loaded 2674/2764 of the data.
F:\code\medical-data-quality-pipeline\src\load\load_to_raw.py - build - 73

[INFO:20] 2026-07-05 15:47:21,281 - 	loaded 2675/2764 of the data.
F:\code\medical-data-quality-pipeline\src\load\load_to_raw.py - build - 73

[INFO:20] 2026-07-05 15:47:21,434 - 	loaded 2676/2764 of the data.
F:\code\medical-data-quality-pipeline\src\load\load_to_raw.py - build - 73

[INFO:20] 2026-07-05 15:47:21,468 - 	loaded 2677/2764 of the data.
F:\code\medical-data-quality-pipeline\src\load\load_to_raw.py - build - 73

[INFO:20] 2026-07-05 15:47:21,501 - 	loaded 2678/2764 of the data.
F:\code\medical-data-quality-pipeline\src\load\load_to_raw.py - build - 73

[INFO:20] 2026-07-05 15:47:21,533 - 	loaded 2679/2764 of the data.
F:\code\medical-data-quality-pipeline\src\load\load_to_raw.py - build - 73

[INFO:20] 2026-07-05 15:47:21,568 - 	loaded 2680/2764 of the data.
F:\code\medical-data-quality-pipeline\src\load\load_to_raw.py - build - 73

[INFO:20] 2026-07-05 15:47:21,601 - 	loaded 2681/2764 of the data.
F:\code\medical-data-quality-pipeline\src\load\load_to_raw.py - build - 73

[INFO:20] 2026-07-05 15:47:21,634 - 	loaded 2682/2764 of the data.
F:\code\medical-data-quality-pipeline\src\load\load_to_raw.py - build - 73

[INFO:20] 2026-07-05 15:47:21,671 - 	loaded 2683/2764 of the data.
F:\code\medical-data-quality-pipeline\src\load\load_to_raw.py - build - 73

[INFO:20] 2026-07-05 15:47:21,709 - 	loaded 2684/2764 of the data.
F:\code\medical-data-quality-pipeline\src\load\load_to_raw.py - build - 73

[INFO:20] 2026-07-05 15:47:21,857 - 	loaded 2685/2764 of the data.
F:\code\medical-data-quality-pipeline\src\load\load_to_raw.py - build - 73

[INFO:20] 2026-07-05 15:47:21,924 - 	loaded 2686/2764 of the data.
F:\code\medical-data-quality-pipeline\src\load\load_to_raw.py - build - 73

[INFO:20] 2026-07-05 15:47:21,957 - 	loaded 2687/2764 of the data.
F:\code\medical-data-quality-pipeline\src\load\load_to_raw.py - build - 73

[INFO:20] 2026-07-05 15:47:21,992 - 	loaded 2688/2764 of the data.
F:\code\medical-data-quality-pipeline\src\load\load_to_raw.py - build - 73

[INFO:20] 2026-07-05 15:47:22,026 - 	loaded 2689/2764 of the data.
F:\code\medical-data-quality-pipeline\src\load\load_to_raw.py - build - 73

[INFO:20] 2026-07-05 15:47:22,062 - 	loaded 2690/2764 of the data.
F:\code\medical-data-quality-pipeline\src\load\load_to_raw.py - build - 73

[INFO:20] 2026-07-05 15:47:22,095 - 	loaded 2691/2764 of the data.
F:\code\medical-data-quality-pipeline\src\load\load_to_raw.py - build - 73

[INFO:20] 2026-07-05 15:47:22,228 - 	loaded 2692/2764 of the data.
F:\code\medical-data-quality-pipeline\src\load\load_to_raw.py - build - 73

[INFO:20] 2026-07-05 15:47:22,260 - 	loaded 2693/2764 of the data.
F:\code\medical-data-quality-pipeline\src\load\load_to_raw.py - build - 73

[INFO:20] 2026-07-05 15:47:22,295 - 	loaded 2694/2764 of the data.
F:\code\medical-data-quality-pipeline\src\load\load_to_raw.py - build - 73

[INFO:20] 2026-07-05 15:47:22,327 - 	loaded 2695/2764 of the data.
F:\code\medical-data-quality-pipeline\src\load\load_to_raw.py - build - 73

[INFO:20] 2026-07-05 15:47:22,361 - 	loaded 2696/2764 of the data.
F:\code\medical-data-quality-pipeline\src\load\load_to_raw.py - build - 73

[INFO:20] 2026-07-05 15:47:22,497 - 	loaded 2697/2764 of the data.
F:\code\medical-data-quality-pipeline\src\load\load_to_raw.py - build - 73

[INFO:20] 2026-07-05 15:47:22,638 - 	loaded 2698/2764 of the data.
F:\code\medical-data-quality-pipeline\src\load\load_to_raw.py - build - 73

[INFO:20] 2026-07-05 15:47:22,679 - 	loaded 2699/2764 of the data.
F:\code\medical-data-quality-pipeline\src\load\load_to_raw.py - build - 73

[INFO:20] 2026-07-05 15:47:22,720 - 	loaded 2700/2764 of the data.
F:\code\medical-data-quality-pipeline\src\load\load_to_raw.py - build - 73

[INFO:20] 2026-07-05 15:47:22,758 - 	loaded 2701/2764 of the data.
F:\code\medical-data-quality-pipeline\src\load\load_to_raw.py - build - 73

[INFO:20] 2026-07-05 15:47:22,790 - 	loaded 2702/2764 of the data.
F:\code\medical-data-quality-pipeline\src\load\load_to_raw.py - build - 73

[INFO:20] 2026-07-05 15:47:22,824 - 	loaded 2703/2764 of the data.
F:\code\medical-data-quality-pipeline\src\load\load_to_raw.py - build - 73

[INFO:20] 2026-07-05 15:47:22,856 - 	loaded 2704/2764 of the data.
F:\code\medical-data-quality-pipeline\src\load\load_to_raw.py - build - 73

[INFO:20] 2026-07-05 15:47:22,900 - 	loaded 2705/2764 of the data.
F:\code\medical-data-quality-pipeline\src\load\load_to_raw.py - build - 73

[INFO:20] 2026-07-05 15:47:22,938 - 	loaded 2706/2764 of the data.
F:\code\medical-data-quality-pipeline\src\load\load_to_raw.py - build - 73

[INFO:20] 2026-07-05 15:47:22,980 - 	loaded 2707/2764 of the data.
F:\code\medical-data-quality-pipeline\src\load\load_to_raw.py - build - 73

[INFO:20] 2026-07-05 15:47:23,015 - 	loaded 2708/2764 of the data.
F:\code\medical-data-quality-pipeline\src\load\load_to_raw.py - build - 73

[INFO:20] 2026-07-05 15:47:23,048 - 	loaded 2709/2764 of the data.
F:\code\medical-data-quality-pipeline\src\load\load_to_raw.py - build - 73

[INFO:20] 2026-07-05 15:47:23,191 - 	loaded 2710/2764 of the data.
F:\code\medical-data-quality-pipeline\src\load\load_to_raw.py - build - 73

[INFO:20] 2026-07-05 15:47:23,223 - 	loaded 2711/2764 of the data.
F:\code\medical-data-quality-pipeline\src\load\load_to_raw.py - build - 73

[INFO:20] 2026-07-05 15:47:23,256 - 	loaded 2712/2764 of the data.
F:\code\medical-data-quality-pipeline\src\load\load_to_raw.py - build - 73

[INFO:20] 2026-07-05 15:47:23,288 - 	loaded 2713/2764 of the data.
F:\code\medical-data-quality-pipeline\src\load\load_to_raw.py - build - 73

[INFO:20] 2026-07-05 15:47:23,319 - 	loaded 2714/2764 of the data.
F:\code\medical-data-quality-pipeline\src\load\load_to_raw.py - build - 73

[INFO:20] 2026-07-05 15:47:23,352 - 	loaded 2715/2764 of the data.
F:\code\medical-data-quality-pipeline\src\load\load_to_raw.py - build - 73

[INFO:20] 2026-07-05 15:47:23,385 - 	loaded 2716/2764 of the data.
F:\code\medical-data-quality-pipeline\src\load\load_to_raw.py - build - 73

[INFO:20] 2026-07-05 15:47:23,420 - 	loaded 2717/2764 of the data.
F:\code\medical-data-quality-pipeline\src\load\load_to_raw.py - build - 73

[INFO:20] 2026-07-05 15:47:23,460 - 	loaded 2718/2764 of the data.
F:\code\medical-data-quality-pipeline\src\load\load_to_raw.py - build - 73

[INFO:20] 2026-07-05 15:47:23,494 - 	loaded 2719/2764 of the data.
F:\code\medical-data-quality-pipeline\src\load\load_to_raw.py - build - 73

[INFO:20] 2026-07-05 15:47:23,527 - 	loaded 2720/2764 of the data.
F:\code\medical-data-quality-pipeline\src\load\load_to_raw.py - build - 73

[INFO:20] 2026-07-05 15:47:23,561 - 	loaded 2721/2764 of the data.
F:\code\medical-data-quality-pipeline\src\load\load_to_raw.py - build - 73

[INFO:20] 2026-07-05 15:47:23,595 - 	loaded 2722/2764 of the data.
F:\code\medical-data-quality-pipeline\src\load\load_to_raw.py - build - 73

[INFO:20] 2026-07-05 15:47:23,742 - 	loaded 2723/2764 of the data.
F:\code\medical-data-quality-pipeline\src\load\load_to_raw.py - build - 73

[INFO:20] 2026-07-05 15:47:23,777 - 	loaded 2724/2764 of the data.
F:\code\medical-data-quality-pipeline\src\load\load_to_raw.py - build - 73

[INFO:20] 2026-07-05 15:47:23,816 - 	loaded 2725/2764 of the data.
F:\code\medical-data-quality-pipeline\src\load\load_to_raw.py - build - 73

[INFO:20] 2026-07-05 15:47:23,849 - 	loaded 2726/2764 of the data.
F:\code\medical-data-quality-pipeline\src\load\load_to_raw.py - build - 73

[INFO:20] 2026-07-05 15:47:23,882 - 	loaded 2727/2764 of the data.
F:\code\medical-data-quality-pipeline\src\load\load_to_raw.py - build - 73

[INFO:20] 2026-07-05 15:47:23,916 - 	loaded 2728/2764 of the data.
F:\code\medical-data-quality-pipeline\src\load\load_to_raw.py - build - 73

[INFO:20] 2026-07-05 15:47:23,949 - 	loaded 2729/2764 of the data.
F:\code\medical-data-quality-pipeline\src\load\load_to_raw.py - build - 73

[INFO:20] 2026-07-05 15:47:23,988 - 	loaded 2730/2764 of the data.
F:\code\medical-data-quality-pipeline\src\load\load_to_raw.py - build - 73

[INFO:20] 2026-07-05 15:47:24,139 - 	loaded 2731/2764 of the data.
F:\code\medical-data-quality-pipeline\src\load\load_to_raw.py - build - 73

[INFO:20] 2026-07-05 15:47:24,178 - 	loaded 2732/2764 of the data.
F:\code\medical-data-quality-pipeline\src\load\load_to_raw.py - build - 73

[INFO:20] 2026-07-05 15:47:24,211 - 	loaded 2733/2764 of the data.
F:\code\medical-data-quality-pipeline\src\load\load_to_raw.py - build - 73

[INFO:20] 2026-07-05 15:47:24,244 - 	loaded 2734/2764 of the data.
F:\code\medical-data-quality-pipeline\src\load\load_to_raw.py - build - 73

[INFO:20] 2026-07-05 15:47:24,277 - 	loaded 2735/2764 of the data.
F:\code\medical-data-quality-pipeline\src\load\load_to_raw.py - build - 73

[INFO:20] 2026-07-05 15:47:24,310 - 	loaded 2736/2764 of the data.
F:\code\medical-data-quality-pipeline\src\load\load_to_raw.py - build - 73

[INFO:20] 2026-07-05 15:47:24,342 - 	loaded 2737/2764 of the data.
F:\code\medical-data-quality-pipeline\src\load\load_to_raw.py - build - 73

[INFO:20] 2026-07-05 15:47:24,376 - 	loaded 2738/2764 of the data.
F:\code\medical-data-quality-pipeline\src\load\load_to_raw.py - build - 73

[INFO:20] 2026-07-05 15:47:24,414 - 	loaded 2739/2764 of the data.
F:\code\medical-data-quality-pipeline\src\load\load_to_raw.py - build - 73

[INFO:20] 2026-07-05 15:47:24,452 - 	loaded 2740/2764 of the data.
F:\code\medical-data-quality-pipeline\src\load\load_to_raw.py - build - 73

[INFO:20] 2026-07-05 15:47:24,489 - 	loaded 2741/2764 of the data.
F:\code\medical-data-quality-pipeline\src\load\load_to_raw.py - build - 73

[INFO:20] 2026-07-05 15:47:24,522 - 	loaded 2742/2764 of the data.
F:\code\medical-data-quality-pipeline\src\load\load_to_raw.py - build - 73

[INFO:20] 2026-07-05 15:47:24,556 - 	loaded 2743/2764 of the data.
F:\code\medical-data-quality-pipeline\src\load\load_to_raw.py - build - 73

[INFO:20] 2026-07-05 15:47:24,588 - 	loaded 2744/2764 of the data.
F:\code\medical-data-quality-pipeline\src\load\load_to_raw.py - build - 73

[INFO:20] 2026-07-05 15:47:24,621 - 	loaded 2745/2764 of the data.
F:\code\medical-data-quality-pipeline\src\load\load_to_raw.py - build - 73

[INFO:20] 2026-07-05 15:47:24,785 - 	loaded 2746/2764 of the data.
F:\code\medical-data-quality-pipeline\src\load\load_to_raw.py - build - 73

[INFO:20] 2026-07-05 15:47:24,818 - 	loaded 2747/2764 of the data.
F:\code\medical-data-quality-pipeline\src\load\load_to_raw.py - build - 73

[INFO:20] 2026-07-05 15:47:24,854 - 	loaded 2748/2764 of the data.
F:\code\medical-data-quality-pipeline\src\load\load_to_raw.py - build - 73

[INFO:20] 2026-07-05 15:47:25,003 - 	loaded 2749/2764 of the data.
F:\code\medical-data-quality-pipeline\src\load\load_to_raw.py - build - 73

[INFO:20] 2026-07-05 15:47:25,035 - 	loaded 2750/2764 of the data.
F:\code\medical-data-quality-pipeline\src\load\load_to_raw.py - build - 73

[INFO:20] 2026-07-05 15:47:25,074 - 	loaded 2751/2764 of the data.
F:\code\medical-data-quality-pipeline\src\load\load_to_raw.py - build - 73

[INFO:20] 2026-07-05 15:47:25,111 - 	loaded 2752/2764 of the data.
F:\code\medical-data-quality-pipeline\src\load\load_to_raw.py - build - 73

[INFO:20] 2026-07-05 15:47:25,150 - 	loaded 2753/2764 of the data.
F:\code\medical-data-quality-pipeline\src\load\load_to_raw.py - build - 73

[INFO:20] 2026-07-05 15:47:25,288 - 	loaded 2754/2764 of the data.
F:\code\medical-data-quality-pipeline\src\load\load_to_raw.py - build - 73

[INFO:20] 2026-07-05 15:47:25,329 - 	loaded 2755/2764 of the data.
F:\code\medical-data-quality-pipeline\src\load\load_to_raw.py - build - 73

[INFO:20] 2026-07-05 15:47:25,472 - 	loaded 2756/2764 of the data.
F:\code\medical-data-quality-pipeline\src\load\load_to_raw.py - build - 73

[INFO:20] 2026-07-05 15:47:25,508 - 	loaded 2757/2764 of the data.
F:\code\medical-data-quality-pipeline\src\load\load_to_raw.py - build - 73

[INFO:20] 2026-07-05 15:47:25,546 - 	loaded 2758/2764 of the data.
F:\code\medical-data-quality-pipeline\src\load\load_to_raw.py - build - 73

[INFO:20] 2026-07-05 15:47:25,580 - 	loaded 2759/2764 of the data.
F:\code\medical-data-quality-pipeline\src\load\load_to_raw.py - build - 73

[INFO:20] 2026-07-05 15:47:25,615 - 	loaded 2760/2764 of the data.
F:\code\medical-data-quality-pipeline\src\load\load_to_raw.py - build - 73

[INFO:20] 2026-07-05 15:47:25,652 - 	loaded 2761/2764 of the data.
F:\code\medical-data-quality-pipeline\src\load\load_to_raw.py - build - 73

[INFO:20] 2026-07-05 15:47:25,696 - 	loaded 2762/2764 of the data.
F:\code\medical-data-quality-pipeline\src\load\load_to_raw.py - build - 73

[INFO:20] 2026-07-05 15:47:25,739 - 	loaded 2763/2764 of the data.
F:\code\medical-data-quality-pipeline\src\load\load_to_raw.py - build - 73

[INFO:20] 2026-07-05 15:47:25,779 - 	loaded 2764/2764 of the data.
F:\code\medical-data-quality-pipeline\src\load\load_to_raw.py - build - 73

[INFO:20] 2026-07-05 15:47:25,779 - data of raw.medrecon table inserted.
F:\code\medical-data-quality-pipeline\src\load\load_to_raw.py - build - 77

[INFO:20] 2026-07-05 15:47:25,779 - preparing table raw.pyxis.
F:\code\medical-data-quality-pipeline\src\load\load_to_raw.py - build - 38

[INFO:20] 2026-07-05 15:47:25,830 - creating table raw.pyxis.
F:\code\medical-data-quality-pipeline\src\load\load_to_raw.py - build - 53

[INFO:20] 2026-07-05 15:47:25,875 - Table raw.pyxis created
F:\code\medical-data-quality-pipeline\src\load\load_to_raw.py - build - 56

[INFO:20] 2026-07-05 15:47:25,875 - preparing data of raw.pyxis table.
F:\code\medical-data-quality-pipeline\src\load\load_to_raw.py - build - 61

[INFO:20] 2026-07-05 15:47:25,875 - inserting data of raw.pyxis table.
F:\code\medical-data-quality-pipeline\src\load\load_to_raw.py - build - 68

[INFO:20] 2026-07-05 15:47:25,908 - 	loaded 1/1082 of the data.
F:\code\medical-data-quality-pipeline\src\load\load_to_raw.py - build - 73

[INFO:20] 2026-07-05 15:47:25,942 - 	loaded 2/1082 of the data.
F:\code\medical-data-quality-pipeline\src\load\load_to_raw.py - build - 73

[INFO:20] 2026-07-05 15:47:25,982 - 	loaded 3/1082 of the data.
F:\code\medical-data-quality-pipeline\src\load\load_to_raw.py - build - 73

[INFO:20] 2026-07-05 15:47:26,117 - 	loaded 4/1082 of the data.
F:\code\medical-data-quality-pipeline\src\load\load_to_raw.py - build - 73

[INFO:20] 2026-07-05 15:47:26,157 - 	loaded 5/1082 of the data.
F:\code\medical-data-quality-pipeline\src\load\load_to_raw.py - build - 73

[INFO:20] 2026-07-05 15:47:26,192 - 	loaded 6/1082 of the data.
F:\code\medical-data-quality-pipeline\src\load\load_to_raw.py - build - 73

[INFO:20] 2026-07-05 15:47:26,228 - 	loaded 7/1082 of the data.
F:\code\medical-data-quality-pipeline\src\load\load_to_raw.py - build - 73

[INFO:20] 2026-07-05 15:47:26,373 - 	loaded 8/1082 of the data.
F:\code\medical-data-quality-pipeline\src\load\load_to_raw.py - build - 73

[INFO:20] 2026-07-05 15:47:26,412 - 	loaded 9/1082 of the data.
F:\code\medical-data-quality-pipeline\src\load\load_to_raw.py - build - 73

[INFO:20] 2026-07-05 15:47:26,572 - 	loaded 10/1082 of the data.
F:\code\medical-data-quality-pipeline\src\load\load_to_raw.py - build - 73

[INFO:20] 2026-07-05 15:47:26,606 - 	loaded 11/1082 of the data.
F:\code\medical-data-quality-pipeline\src\load\load_to_raw.py - build - 73

[INFO:20] 2026-07-05 15:47:26,640 - 	loaded 12/1082 of the data.
F:\code\medical-data-quality-pipeline\src\load\load_to_raw.py - build - 73

[INFO:20] 2026-07-05 15:47:26,673 - 	loaded 13/1082 of the data.
F:\code\medical-data-quality-pipeline\src\load\load_to_raw.py - build - 73

[INFO:20] 2026-07-05 15:47:26,707 - 	loaded 14/1082 of the data.
F:\code\medical-data-quality-pipeline\src\load\load_to_raw.py - build - 73

[INFO:20] 2026-07-05 15:47:26,741 - 	loaded 15/1082 of the data.
F:\code\medical-data-quality-pipeline\src\load\load_to_raw.py - build - 73

[INFO:20] 2026-07-05 15:47:26,890 - 	loaded 16/1082 of the data.
F:\code\medical-data-quality-pipeline\src\load\load_to_raw.py - build - 73

[INFO:20] 2026-07-05 15:47:26,922 - 	loaded 17/1082 of the data.
F:\code\medical-data-quality-pipeline\src\load\load_to_raw.py - build - 73

[INFO:20] 2026-07-05 15:47:26,955 - 	loaded 18/1082 of the data.
F:\code\medical-data-quality-pipeline\src\load\load_to_raw.py - build - 73

[INFO:20] 2026-07-05 15:47:26,988 - 	loaded 19/1082 of the data.
F:\code\medical-data-quality-pipeline\src\load\load_to_raw.py - build - 73

[INFO:20] 2026-07-05 15:47:27,021 - 	loaded 20/1082 of the data.
F:\code\medical-data-quality-pipeline\src\load\load_to_raw.py - build - 73

[INFO:20] 2026-07-05 15:47:27,053 - 	loaded 21/1082 of the data.
F:\code\medical-data-quality-pipeline\src\load\load_to_raw.py - build - 73

[INFO:20] 2026-07-05 15:47:27,087 - 	loaded 22/1082 of the data.
F:\code\medical-data-quality-pipeline\src\load\load_to_raw.py - build - 73

[INFO:20] 2026-07-05 15:47:27,125 - 	loaded 23/1082 of the data.
F:\code\medical-data-quality-pipeline\src\load\load_to_raw.py - build - 73

[INFO:20] 2026-07-05 15:47:27,165 - 	loaded 24/1082 of the data.
F:\code\medical-data-quality-pipeline\src\load\load_to_raw.py - build - 73

[INFO:20] 2026-07-05 15:47:27,198 - 	loaded 25/1082 of the data.
F:\code\medical-data-quality-pipeline\src\load\load_to_raw.py - build - 73

[INFO:20] 2026-07-05 15:47:27,232 - 	loaded 26/1082 of the data.
F:\code\medical-data-quality-pipeline\src\load\load_to_raw.py - build - 73

[INFO:20] 2026-07-05 15:47:27,376 - 	loaded 27/1082 of the data.
F:\code\medical-data-quality-pipeline\src\load\load_to_raw.py - build - 73

[INFO:20] 2026-07-05 15:47:27,409 - 	loaded 28/1082 of the data.
F:\code\medical-data-quality-pipeline\src\load\load_to_raw.py - build - 73

[INFO:20] 2026-07-05 15:47:27,441 - 	loaded 29/1082 of the data.
F:\code\medical-data-quality-pipeline\src\load\load_to_raw.py - build - 73

[INFO:20] 2026-07-05 15:47:27,484 - 	loaded 30/1082 of the data.
F:\code\medical-data-quality-pipeline\src\load\load_to_raw.py - build - 73

[INFO:20] 2026-07-05 15:47:27,531 - 	loaded 31/1082 of the data.
F:\code\medical-data-quality-pipeline\src\load\load_to_raw.py - build - 73

[INFO:20] 2026-07-05 15:47:27,565 - 	loaded 32/1082 of the data.
F:\code\medical-data-quality-pipeline\src\load\load_to_raw.py - build - 73

[INFO:20] 2026-07-05 15:47:27,604 - 	loaded 33/1082 of the data.
F:\code\medical-data-quality-pipeline\src\load\load_to_raw.py - build - 73

[INFO:20] 2026-07-05 15:47:27,640 - 	loaded 34/1082 of the data.
F:\code\medical-data-quality-pipeline\src\load\load_to_raw.py - build - 73

[INFO:20] 2026-07-05 15:47:27,677 - 	loaded 35/1082 of the data.
F:\code\medical-data-quality-pipeline\src\load\load_to_raw.py - build - 73

[INFO:20] 2026-07-05 15:47:27,709 - 	loaded 36/1082 of the data.
F:\code\medical-data-quality-pipeline\src\load\load_to_raw.py - build - 73

[INFO:20] 2026-07-05 15:47:27,743 - 	loaded 37/1082 of the data.
F:\code\medical-data-quality-pipeline\src\load\load_to_raw.py - build - 73

[INFO:20] 2026-07-05 15:47:27,776 - 	loaded 38/1082 of the data.
F:\code\medical-data-quality-pipeline\src\load\load_to_raw.py - build - 73

[INFO:20] 2026-07-05 15:47:27,814 - 	loaded 39/1082 of the data.
F:\code\medical-data-quality-pipeline\src\load\load_to_raw.py - build - 73

[INFO:20] 2026-07-05 15:47:27,954 - 	loaded 40/1082 of the data.
F:\code\medical-data-quality-pipeline\src\load\load_to_raw.py - build - 73

[INFO:20] 2026-07-05 15:47:27,999 - 	loaded 41/1082 of the data.
F:\code\medical-data-quality-pipeline\src\load\load_to_raw.py - build - 73

[INFO:20] 2026-07-05 15:47:28,034 - 	loaded 42/1082 of the data.
F:\code\medical-data-quality-pipeline\src\load\load_to_raw.py - build - 73

[INFO:20] 2026-07-05 15:47:28,215 - 	loaded 43/1082 of the data.
F:\code\medical-data-quality-pipeline\src\load\load_to_raw.py - build - 73

[INFO:20] 2026-07-05 15:47:28,378 - 	loaded 44/1082 of the data.
F:\code\medical-data-quality-pipeline\src\load\load_to_raw.py - build - 73

[INFO:20] 2026-07-05 15:47:28,410 - 	loaded 45/1082 of the data.
F:\code\medical-data-quality-pipeline\src\load\load_to_raw.py - build - 73

[INFO:20] 2026-07-05 15:47:28,447 - 	loaded 46/1082 of the data.
F:\code\medical-data-quality-pipeline\src\load\load_to_raw.py - build - 73

[INFO:20] 2026-07-05 15:47:28,483 - 	loaded 47/1082 of the data.
F:\code\medical-data-quality-pipeline\src\load\load_to_raw.py - build - 73

[INFO:20] 2026-07-05 15:47:28,514 - 	loaded 48/1082 of the data.
F:\code\medical-data-quality-pipeline\src\load\load_to_raw.py - build - 73

[INFO:20] 2026-07-05 15:47:28,548 - 	loaded 49/1082 of the data.
F:\code\medical-data-quality-pipeline\src\load\load_to_raw.py - build - 73

[INFO:20] 2026-07-05 15:47:28,581 - 	loaded 50/1082 of the data.
F:\code\medical-data-quality-pipeline\src\load\load_to_raw.py - build - 73

[INFO:20] 2026-07-05 15:47:28,618 - 	loaded 51/1082 of the data.
F:\code\medical-data-quality-pipeline\src\load\load_to_raw.py - build - 73

[INFO:20] 2026-07-05 15:47:28,656 - 	loaded 52/1082 of the data.
F:\code\medical-data-quality-pipeline\src\load\load_to_raw.py - build - 73

[INFO:20] 2026-07-05 15:47:28,692 - 	loaded 53/1082 of the data.
F:\code\medical-data-quality-pipeline\src\load\load_to_raw.py - build - 73

[INFO:20] 2026-07-05 15:47:28,724 - 	loaded 54/1082 of the data.
F:\code\medical-data-quality-pipeline\src\load\load_to_raw.py - build - 73

[INFO:20] 2026-07-05 15:47:28,756 - 	loaded 55/1082 of the data.
F:\code\medical-data-quality-pipeline\src\load\load_to_raw.py - build - 73

[INFO:20] 2026-07-05 15:47:28,789 - 	loaded 56/1082 of the data.
F:\code\medical-data-quality-pipeline\src\load\load_to_raw.py - build - 73

[INFO:20] 2026-07-05 15:47:28,827 - 	loaded 57/1082 of the data.
F:\code\medical-data-quality-pipeline\src\load\load_to_raw.py - build - 73

[INFO:20] 2026-07-05 15:47:28,865 - 	loaded 58/1082 of the data.
F:\code\medical-data-quality-pipeline\src\load\load_to_raw.py - build - 73

[INFO:20] 2026-07-05 15:47:28,897 - 	loaded 59/1082 of the data.
F:\code\medical-data-quality-pipeline\src\load\load_to_raw.py - build - 73

[INFO:20] 2026-07-05 15:47:28,931 - 	loaded 60/1082 of the data.
F:\code\medical-data-quality-pipeline\src\load\load_to_raw.py - build - 73

[INFO:20] 2026-07-05 15:47:28,964 - 	loaded 61/1082 of the data.
F:\code\medical-data-quality-pipeline\src\load\load_to_raw.py - build - 73

[INFO:20] 2026-07-05 15:47:29,099 - 	loaded 62/1082 of the data.
F:\code\medical-data-quality-pipeline\src\load\load_to_raw.py - build - 73

[INFO:20] 2026-07-05 15:47:29,138 - 	loaded 63/1082 of the data.
F:\code\medical-data-quality-pipeline\src\load\load_to_raw.py - build - 73

[INFO:20] 2026-07-05 15:47:29,172 - 	loaded 64/1082 of the data.
F:\code\medical-data-quality-pipeline\src\load\load_to_raw.py - build - 73

[INFO:20] 2026-07-05 15:47:29,341 - 	loaded 65/1082 of the data.
F:\code\medical-data-quality-pipeline\src\load\load_to_raw.py - build - 73

[INFO:20] 2026-07-05 15:47:29,379 - 	loaded 66/1082 of the data.
F:\code\medical-data-quality-pipeline\src\load\load_to_raw.py - build - 73

[INFO:20] 2026-07-05 15:47:29,414 - 	loaded 67/1082 of the data.
F:\code\medical-data-quality-pipeline\src\load\load_to_raw.py - build - 73

[INFO:20] 2026-07-05 15:47:29,447 - 	loaded 68/1082 of the data.
F:\code\medical-data-quality-pipeline\src\load\load_to_raw.py - build - 73

[INFO:20] 2026-07-05 15:47:29,481 - 	loaded 69/1082 of the data.
F:\code\medical-data-quality-pipeline\src\load\load_to_raw.py - build - 73

[INFO:20] 2026-07-05 15:47:29,514 - 	loaded 70/1082 of the data.
F:\code\medical-data-quality-pipeline\src\load\load_to_raw.py - build - 73

[INFO:20] 2026-07-05 15:47:29,548 - 	loaded 71/1082 of the data.
F:\code\medical-data-quality-pipeline\src\load\load_to_raw.py - build - 73

[INFO:20] 2026-07-05 15:47:29,591 - 	loaded 72/1082 of the data.
F:\code\medical-data-quality-pipeline\src\load\load_to_raw.py - build - 73

[INFO:20] 2026-07-05 15:47:29,626 - 	loaded 73/1082 of the data.
F:\code\medical-data-quality-pipeline\src\load\load_to_raw.py - build - 73

[INFO:20] 2026-07-05 15:47:29,661 - 	loaded 74/1082 of the data.
F:\code\medical-data-quality-pipeline\src\load\load_to_raw.py - build - 73

[INFO:20] 2026-07-05 15:47:29,695 - 	loaded 75/1082 of the data.
F:\code\medical-data-quality-pipeline\src\load\load_to_raw.py - build - 73

[INFO:20] 2026-07-05 15:47:29,838 - 	loaded 76/1082 of the data.
F:\code\medical-data-quality-pipeline\src\load\load_to_raw.py - build - 73

[INFO:20] 2026-07-05 15:47:29,974 - 	loaded 77/1082 of the data.
F:\code\medical-data-quality-pipeline\src\load\load_to_raw.py - build - 73

[INFO:20] 2026-07-05 15:47:30,028 - 	loaded 78/1082 of the data.
F:\code\medical-data-quality-pipeline\src\load\load_to_raw.py - build - 73

[INFO:20] 2026-07-05 15:47:30,069 - 	loaded 79/1082 of the data.
F:\code\medical-data-quality-pipeline\src\load\load_to_raw.py - build - 73

[INFO:20] 2026-07-05 15:47:30,102 - 	loaded 80/1082 of the data.
F:\code\medical-data-quality-pipeline\src\load\load_to_raw.py - build - 73

[INFO:20] 2026-07-05 15:47:30,142 - 	loaded 81/1082 of the data.
F:\code\medical-data-quality-pipeline\src\load\load_to_raw.py - build - 73

[INFO:20] 2026-07-05 15:47:30,175 - 	loaded 82/1082 of the data.
F:\code\medical-data-quality-pipeline\src\load\load_to_raw.py - build - 73

[INFO:20] 2026-07-05 15:47:30,207 - 	loaded 83/1082 of the data.
F:\code\medical-data-quality-pipeline\src\load\load_to_raw.py - build - 73

[INFO:20] 2026-07-05 15:47:30,239 - 	loaded 84/1082 of the data.
F:\code\medical-data-quality-pipeline\src\load\load_to_raw.py - build - 73

[INFO:20] 2026-07-05 15:47:30,272 - 	loaded 85/1082 of the data.
F:\code\medical-data-quality-pipeline\src\load\load_to_raw.py - build - 73

[INFO:20] 2026-07-05 15:47:30,311 - 	loaded 86/1082 of the data.
F:\code\medical-data-quality-pipeline\src\load\load_to_raw.py - build - 73

[INFO:20] 2026-07-05 15:47:30,351 - 	loaded 87/1082 of the data.
F:\code\medical-data-quality-pipeline\src\load\load_to_raw.py - build - 73

[INFO:20] 2026-07-05 15:47:30,383 - 	loaded 88/1082 of the data.
F:\code\medical-data-quality-pipeline\src\load\load_to_raw.py - build - 73

[INFO:20] 2026-07-05 15:47:30,419 - 	loaded 89/1082 of the data.
F:\code\medical-data-quality-pipeline\src\load\load_to_raw.py - build - 73

[INFO:20] 2026-07-05 15:47:30,458 - 	loaded 90/1082 of the data.
F:\code\medical-data-quality-pipeline\src\load\load_to_raw.py - build - 73

[INFO:20] 2026-07-05 15:47:30,496 - 	loaded 91/1082 of the data.
F:\code\medical-data-quality-pipeline\src\load\load_to_raw.py - build - 73

[INFO:20] 2026-07-05 15:47:30,657 - 	loaded 92/1082 of the data.
F:\code\medical-data-quality-pipeline\src\load\load_to_raw.py - build - 73

[INFO:20] 2026-07-05 15:47:30,695 - 	loaded 93/1082 of the data.
F:\code\medical-data-quality-pipeline\src\load\load_to_raw.py - build - 73

[INFO:20] 2026-07-05 15:47:30,732 - 	loaded 94/1082 of the data.
F:\code\medical-data-quality-pipeline\src\load\load_to_raw.py - build - 73

[INFO:20] 2026-07-05 15:47:30,772 - 	loaded 95/1082 of the data.
F:\code\medical-data-quality-pipeline\src\load\load_to_raw.py - build - 73

[INFO:20] 2026-07-05 15:47:30,807 - 	loaded 96/1082 of the data.
F:\code\medical-data-quality-pipeline\src\load\load_to_raw.py - build - 73

[INFO:20] 2026-07-05 15:47:30,841 - 	loaded 97/1082 of the data.
F:\code\medical-data-quality-pipeline\src\load\load_to_raw.py - build - 73

[INFO:20] 2026-07-05 15:47:30,994 - 	loaded 98/1082 of the data.
F:\code\medical-data-quality-pipeline\src\load\load_to_raw.py - build - 73

[INFO:20] 2026-07-05 15:47:31,028 - 	loaded 99/1082 of the data.
F:\code\medical-data-quality-pipeline\src\load\load_to_raw.py - build - 73

[INFO:20] 2026-07-05 15:47:31,064 - 	loaded 100/1082 of the data.
F:\code\medical-data-quality-pipeline\src\load\load_to_raw.py - build - 73

[INFO:20] 2026-07-05 15:47:31,101 - 	loaded 101/1082 of the data.
F:\code\medical-data-quality-pipeline\src\load\load_to_raw.py - build - 73

[INFO:20] 2026-07-05 15:47:31,134 - 	loaded 102/1082 of the data.
F:\code\medical-data-quality-pipeline\src\load\load_to_raw.py - build - 73

[INFO:20] 2026-07-05 15:47:31,166 - 	loaded 103/1082 of the data.
F:\code\medical-data-quality-pipeline\src\load\load_to_raw.py - build - 73

[INFO:20] 2026-07-05 15:47:31,201 - 	loaded 104/1082 of the data.
F:\code\medical-data-quality-pipeline\src\load\load_to_raw.py - build - 73

[INFO:20] 2026-07-05 15:47:31,235 - 	loaded 105/1082 of the data.
F:\code\medical-data-quality-pipeline\src\load\load_to_raw.py - build - 73

[INFO:20] 2026-07-05 15:47:31,381 - 	loaded 106/1082 of the data.
F:\code\medical-data-quality-pipeline\src\load\load_to_raw.py - build - 73

[INFO:20] 2026-07-05 15:47:31,420 - 	loaded 107/1082 of the data.
F:\code\medical-data-quality-pipeline\src\load\load_to_raw.py - build - 73

[INFO:20] 2026-07-05 15:47:31,454 - 	loaded 108/1082 of the data.
F:\code\medical-data-quality-pipeline\src\load\load_to_raw.py - build - 73

[INFO:20] 2026-07-05 15:47:31,607 - 	loaded 109/1082 of the data.
F:\code\medical-data-quality-pipeline\src\load\load_to_raw.py - build - 73

[INFO:20] 2026-07-05 15:47:31,649 - 	loaded 110/1082 of the data.
F:\code\medical-data-quality-pipeline\src\load\load_to_raw.py - build - 73

[INFO:20] 2026-07-05 15:47:31,804 - 	loaded 111/1082 of the data.
F:\code\medical-data-quality-pipeline\src\load\load_to_raw.py - build - 73

[INFO:20] 2026-07-05 15:47:31,851 - 	loaded 112/1082 of the data.
F:\code\medical-data-quality-pipeline\src\load\load_to_raw.py - build - 73

[INFO:20] 2026-07-05 15:47:31,887 - 	loaded 113/1082 of the data.
F:\code\medical-data-quality-pipeline\src\load\load_to_raw.py - build - 73

[INFO:20] 2026-07-05 15:47:31,919 - 	loaded 114/1082 of the data.
F:\code\medical-data-quality-pipeline\src\load\load_to_raw.py - build - 73

[INFO:20] 2026-07-05 15:47:31,955 - 	loaded 115/1082 of the data.
F:\code\medical-data-quality-pipeline\src\load\load_to_raw.py - build - 73

[INFO:20] 2026-07-05 15:47:31,990 - 	loaded 116/1082 of the data.
F:\code\medical-data-quality-pipeline\src\load\load_to_raw.py - build - 73

[INFO:20] 2026-07-05 15:47:32,022 - 	loaded 117/1082 of the data.
F:\code\medical-data-quality-pipeline\src\load\load_to_raw.py - build - 73

[INFO:20] 2026-07-05 15:47:32,056 - 	loaded 118/1082 of the data.
F:\code\medical-data-quality-pipeline\src\load\load_to_raw.py - build - 73

[INFO:20] 2026-07-05 15:47:32,090 - 	loaded 119/1082 of the data.
F:\code\medical-data-quality-pipeline\src\load\load_to_raw.py - build - 73

[INFO:20] 2026-07-05 15:47:32,130 - 	loaded 120/1082 of the data.
F:\code\medical-data-quality-pipeline\src\load\load_to_raw.py - build - 73

[INFO:20] 2026-07-05 15:47:32,167 - 	loaded 121/1082 of the data.
F:\code\medical-data-quality-pipeline\src\load\load_to_raw.py - build - 73

[INFO:20] 2026-07-05 15:47:32,207 - 	loaded 122/1082 of the data.
F:\code\medical-data-quality-pipeline\src\load\load_to_raw.py - build - 73

[INFO:20] 2026-07-05 15:47:32,245 - 	loaded 123/1082 of the data.
F:\code\medical-data-quality-pipeline\src\load\load_to_raw.py - build - 73

[INFO:20] 2026-07-05 15:47:32,278 - 	loaded 124/1082 of the data.
F:\code\medical-data-quality-pipeline\src\load\load_to_raw.py - build - 73

[INFO:20] 2026-07-05 15:47:32,313 - 	loaded 125/1082 of the data.
F:\code\medical-data-quality-pipeline\src\load\load_to_raw.py - build - 73

[INFO:20] 2026-07-05 15:47:32,347 - 	loaded 126/1082 of the data.
F:\code\medical-data-quality-pipeline\src\load\load_to_raw.py - build - 73

[INFO:20] 2026-07-05 15:47:32,507 - 	loaded 127/1082 of the data.
F:\code\medical-data-quality-pipeline\src\load\load_to_raw.py - build - 73

[INFO:20] 2026-07-05 15:47:32,545 - 	loaded 128/1082 of the data.
F:\code\medical-data-quality-pipeline\src\load\load_to_raw.py - build - 73

[INFO:20] 2026-07-05 15:47:32,580 - 	loaded 129/1082 of the data.
F:\code\medical-data-quality-pipeline\src\load\load_to_raw.py - build - 73

[INFO:20] 2026-07-05 15:47:32,615 - 	loaded 130/1082 of the data.
F:\code\medical-data-quality-pipeline\src\load\load_to_raw.py - build - 73

[INFO:20] 2026-07-05 15:47:32,649 - 	loaded 131/1082 of the data.
F:\code\medical-data-quality-pipeline\src\load\load_to_raw.py - build - 73

[INFO:20] 2026-07-05 15:47:32,797 - 	loaded 132/1082 of the data.
F:\code\medical-data-quality-pipeline\src\load\load_to_raw.py - build - 73

[INFO:20] 2026-07-05 15:47:32,838 - 	loaded 133/1082 of the data.
F:\code\medical-data-quality-pipeline\src\load\load_to_raw.py - build - 73

[INFO:20] 2026-07-05 15:47:32,876 - 	loaded 134/1082 of the data.
F:\code\medical-data-quality-pipeline\src\load\load_to_raw.py - build - 73

[INFO:20] 2026-07-05 15:47:32,915 - 	loaded 135/1082 of the data.
F:\code\medical-data-quality-pipeline\src\load\load_to_raw.py - build - 73

[INFO:20] 2026-07-05 15:47:33,066 - 	loaded 136/1082 of the data.
F:\code\medical-data-quality-pipeline\src\load\load_to_raw.py - build - 73

[INFO:20] 2026-07-05 15:47:33,213 - 	loaded 137/1082 of the data.
F:\code\medical-data-quality-pipeline\src\load\load_to_raw.py - build - 73

[INFO:20] 2026-07-05 15:47:33,247 - 	loaded 138/1082 of the data.
F:\code\medical-data-quality-pipeline\src\load\load_to_raw.py - build - 73

[INFO:20] 2026-07-05 15:47:33,284 - 	loaded 139/1082 of the data.
F:\code\medical-data-quality-pipeline\src\load\load_to_raw.py - build - 73

[INFO:20] 2026-07-05 15:47:33,319 - 	loaded 140/1082 of the data.
F:\code\medical-data-quality-pipeline\src\load\load_to_raw.py - build - 73

[INFO:20] 2026-07-05 15:47:33,352 - 	loaded 141/1082 of the data.
F:\code\medical-data-quality-pipeline\src\load\load_to_raw.py - build - 73

[INFO:20] 2026-07-05 15:47:33,516 - 	loaded 142/1082 of the data.
F:\code\medical-data-quality-pipeline\src\load\load_to_raw.py - build - 73

[INFO:20] 2026-07-05 15:47:33,555 - 	loaded 143/1082 of the data.
F:\code\medical-data-quality-pipeline\src\load\load_to_raw.py - build - 73

[INFO:20] 2026-07-05 15:47:33,591 - 	loaded 144/1082 of the data.
F:\code\medical-data-quality-pipeline\src\load\load_to_raw.py - build - 73

[INFO:20] 2026-07-05 15:47:33,626 - 	loaded 145/1082 of the data.
F:\code\medical-data-quality-pipeline\src\load\load_to_raw.py - build - 73

[INFO:20] 2026-07-05 15:47:33,660 - 	loaded 146/1082 of the data.
F:\code\medical-data-quality-pipeline\src\load\load_to_raw.py - build - 73

[INFO:20] 2026-07-05 15:47:33,694 - 	loaded 147/1082 of the data.
F:\code\medical-data-quality-pipeline\src\load\load_to_raw.py - build - 73

[INFO:20] 2026-07-05 15:47:33,731 - 	loaded 148/1082 of the data.
F:\code\medical-data-quality-pipeline\src\load\load_to_raw.py - build - 73

[INFO:20] 2026-07-05 15:47:33,769 - 	loaded 149/1082 of the data.
F:\code\medical-data-quality-pipeline\src\load\load_to_raw.py - build - 73

[INFO:20] 2026-07-05 15:47:33,803 - 	loaded 150/1082 of the data.
F:\code\medical-data-quality-pipeline\src\load\load_to_raw.py - build - 73

[INFO:20] 2026-07-05 15:47:33,943 - 	loaded 151/1082 of the data.
F:\code\medical-data-quality-pipeline\src\load\load_to_raw.py - build - 73

[INFO:20] 2026-07-05 15:47:33,984 - 	loaded 152/1082 of the data.
F:\code\medical-data-quality-pipeline\src\load\load_to_raw.py - build - 73

[INFO:20] 2026-07-05 15:47:34,027 - 	loaded 153/1082 of the data.
F:\code\medical-data-quality-pipeline\src\load\load_to_raw.py - build - 73

[INFO:20] 2026-07-05 15:47:34,061 - 	loaded 154/1082 of the data.
F:\code\medical-data-quality-pipeline\src\load\load_to_raw.py - build - 73

[INFO:20] 2026-07-05 15:47:34,209 - 	loaded 155/1082 of the data.
F:\code\medical-data-quality-pipeline\src\load\load_to_raw.py - build - 73

[INFO:20] 2026-07-05 15:47:34,253 - 	loaded 156/1082 of the data.
F:\code\medical-data-quality-pipeline\src\load\load_to_raw.py - build - 73

[INFO:20] 2026-07-05 15:47:34,295 - 	loaded 157/1082 of the data.
F:\code\medical-data-quality-pipeline\src\load\load_to_raw.py - build - 73

[INFO:20] 2026-07-05 15:47:34,441 - 	loaded 158/1082 of the data.
F:\code\medical-data-quality-pipeline\src\load\load_to_raw.py - build - 73

[INFO:20] 2026-07-05 15:47:34,592 - 	loaded 159/1082 of the data.
F:\code\medical-data-quality-pipeline\src\load\load_to_raw.py - build - 73

[INFO:20] 2026-07-05 15:47:34,639 - 	loaded 160/1082 of the data.
F:\code\medical-data-quality-pipeline\src\load\load_to_raw.py - build - 73

[INFO:20] 2026-07-05 15:47:34,675 - 	loaded 161/1082 of the data.
F:\code\medical-data-quality-pipeline\src\load\load_to_raw.py - build - 73

[INFO:20] 2026-07-05 15:47:34,813 - 	loaded 162/1082 of the data.
F:\code\medical-data-quality-pipeline\src\load\load_to_raw.py - build - 73

[INFO:20] 2026-07-05 15:47:34,846 - 	loaded 163/1082 of the data.
F:\code\medical-data-quality-pipeline\src\load\load_to_raw.py - build - 73

[INFO:20] 2026-07-05 15:47:34,885 - 	loaded 164/1082 of the data.
F:\code\medical-data-quality-pipeline\src\load\load_to_raw.py - build - 73

[INFO:20] 2026-07-05 15:47:34,922 - 	loaded 165/1082 of the data.
F:\code\medical-data-quality-pipeline\src\load\load_to_raw.py - build - 73

[INFO:20] 2026-07-05 15:47:34,958 - 	loaded 166/1082 of the data.
F:\code\medical-data-quality-pipeline\src\load\load_to_raw.py - build - 73

[INFO:20] 2026-07-05 15:47:34,994 - 	loaded 167/1082 of the data.
F:\code\medical-data-quality-pipeline\src\load\load_to_raw.py - build - 73

[INFO:20] 2026-07-05 15:47:35,031 - 	loaded 168/1082 of the data.
F:\code\medical-data-quality-pipeline\src\load\load_to_raw.py - build - 73

[INFO:20] 2026-07-05 15:47:35,064 - 	loaded 169/1082 of the data.
F:\code\medical-data-quality-pipeline\src\load\load_to_raw.py - build - 73

[INFO:20] 2026-07-05 15:47:35,099 - 	loaded 170/1082 of the data.
F:\code\medical-data-quality-pipeline\src\load\load_to_raw.py - build - 73

[INFO:20] 2026-07-05 15:47:35,255 - 	loaded 171/1082 of the data.
F:\code\medical-data-quality-pipeline\src\load\load_to_raw.py - build - 73

[INFO:20] 2026-07-05 15:47:35,300 - 	loaded 172/1082 of the data.
F:\code\medical-data-quality-pipeline\src\load\load_to_raw.py - build - 73

[INFO:20] 2026-07-05 15:47:35,338 - 	loaded 173/1082 of the data.
F:\code\medical-data-quality-pipeline\src\load\load_to_raw.py - build - 73

[INFO:20] 2026-07-05 15:47:35,535 - 	loaded 174/1082 of the data.
F:\code\medical-data-quality-pipeline\src\load\load_to_raw.py - build - 73

[INFO:20] 2026-07-05 15:47:35,578 - 	loaded 175/1082 of the data.
F:\code\medical-data-quality-pipeline\src\load\load_to_raw.py - build - 73

[INFO:20] 2026-07-05 15:47:35,620 - 	loaded 176/1082 of the data.
F:\code\medical-data-quality-pipeline\src\load\load_to_raw.py - build - 73

[INFO:20] 2026-07-05 15:47:35,652 - 	loaded 177/1082 of the data.
F:\code\medical-data-quality-pipeline\src\load\load_to_raw.py - build - 73

[INFO:20] 2026-07-05 15:47:35,803 - 	loaded 178/1082 of the data.
F:\code\medical-data-quality-pipeline\src\load\load_to_raw.py - build - 73

[INFO:20] 2026-07-05 15:47:35,837 - 	loaded 179/1082 of the data.
F:\code\medical-data-quality-pipeline\src\load\load_to_raw.py - build - 73

[INFO:20] 2026-07-05 15:47:35,872 - 	loaded 180/1082 of the data.
F:\code\medical-data-quality-pipeline\src\load\load_to_raw.py - build - 73

[INFO:20] 2026-07-05 15:47:35,904 - 	loaded 181/1082 of the data.
F:\code\medical-data-quality-pipeline\src\load\load_to_raw.py - build - 73

[INFO:20] 2026-07-05 15:47:35,935 - 	loaded 182/1082 of the data.
F:\code\medical-data-quality-pipeline\src\load\load_to_raw.py - build - 73

[INFO:20] 2026-07-05 15:47:35,969 - 	loaded 183/1082 of the data.
F:\code\medical-data-quality-pipeline\src\load\load_to_raw.py - build - 73

[INFO:20] 2026-07-05 15:47:36,002 - 	loaded 184/1082 of the data.
F:\code\medical-data-quality-pipeline\src\load\load_to_raw.py - build - 73

[INFO:20] 2026-07-05 15:47:36,040 - 	loaded 185/1082 of the data.
F:\code\medical-data-quality-pipeline\src\load\load_to_raw.py - build - 73

[INFO:20] 2026-07-05 15:47:36,077 - 	loaded 186/1082 of the data.
F:\code\medical-data-quality-pipeline\src\load\load_to_raw.py - build - 73

[INFO:20] 2026-07-05 15:47:36,112 - 	loaded 187/1082 of the data.
F:\code\medical-data-quality-pipeline\src\load\load_to_raw.py - build - 73

[INFO:20] 2026-07-05 15:47:36,147 - 	loaded 188/1082 of the data.
F:\code\medical-data-quality-pipeline\src\load\load_to_raw.py - build - 73

[INFO:20] 2026-07-05 15:47:36,181 - 	loaded 189/1082 of the data.
F:\code\medical-data-quality-pipeline\src\load\load_to_raw.py - build - 73

[INFO:20] 2026-07-05 15:47:36,223 - 	loaded 190/1082 of the data.
F:\code\medical-data-quality-pipeline\src\load\load_to_raw.py - build - 73

[INFO:20] 2026-07-05 15:47:36,271 - 	loaded 191/1082 of the data.
F:\code\medical-data-quality-pipeline\src\load\load_to_raw.py - build - 73

[INFO:20] 2026-07-05 15:47:36,316 - 	loaded 192/1082 of the data.
F:\code\medical-data-quality-pipeline\src\load\load_to_raw.py - build - 73

[INFO:20] 2026-07-05 15:47:36,350 - 	loaded 193/1082 of the data.
F:\code\medical-data-quality-pipeline\src\load\load_to_raw.py - build - 73

[INFO:20] 2026-07-05 15:47:36,383 - 	loaded 194/1082 of the data.
F:\code\medical-data-quality-pipeline\src\load\load_to_raw.py - build - 73

[INFO:20] 2026-07-05 15:47:36,418 - 	loaded 195/1082 of the data.
F:\code\medical-data-quality-pipeline\src\load\load_to_raw.py - build - 73

[INFO:20] 2026-07-05 15:47:36,455 - 	loaded 196/1082 of the data.
F:\code\medical-data-quality-pipeline\src\load\load_to_raw.py - build - 73

[INFO:20] 2026-07-05 15:47:36,493 - 	loaded 197/1082 of the data.
F:\code\medical-data-quality-pipeline\src\load\load_to_raw.py - build - 73

[INFO:20] 2026-07-05 15:47:36,527 - 	loaded 198/1082 of the data.
F:\code\medical-data-quality-pipeline\src\load\load_to_raw.py - build - 73

[INFO:20] 2026-07-05 15:47:36,567 - 	loaded 199/1082 of the data.
F:\code\medical-data-quality-pipeline\src\load\load_to_raw.py - build - 73

[INFO:20] 2026-07-05 15:47:36,604 - 	loaded 200/1082 of the data.
F:\code\medical-data-quality-pipeline\src\load\load_to_raw.py - build - 73

[INFO:20] 2026-07-05 15:47:36,639 - 	loaded 201/1082 of the data.
F:\code\medical-data-quality-pipeline\src\load\load_to_raw.py - build - 73

[INFO:20] 2026-07-05 15:47:36,678 - 	loaded 202/1082 of the data.
F:\code\medical-data-quality-pipeline\src\load\load_to_raw.py - build - 73

[INFO:20] 2026-07-05 15:47:36,720 - 	loaded 203/1082 of the data.
F:\code\medical-data-quality-pipeline\src\load\load_to_raw.py - build - 73

[INFO:20] 2026-07-05 15:47:36,768 - 	loaded 204/1082 of the data.
F:\code\medical-data-quality-pipeline\src\load\load_to_raw.py - build - 73

[INFO:20] 2026-07-05 15:47:36,807 - 	loaded 205/1082 of the data.
F:\code\medical-data-quality-pipeline\src\load\load_to_raw.py - build - 73

[INFO:20] 2026-07-05 15:47:36,844 - 	loaded 206/1082 of the data.
F:\code\medical-data-quality-pipeline\src\load\load_to_raw.py - build - 73

[INFO:20] 2026-07-05 15:47:36,878 - 	loaded 207/1082 of the data.
F:\code\medical-data-quality-pipeline\src\load\load_to_raw.py - build - 73

[INFO:20] 2026-07-05 15:47:36,918 - 	loaded 208/1082 of the data.
F:\code\medical-data-quality-pipeline\src\load\load_to_raw.py - build - 73

[INFO:20] 2026-07-05 15:47:37,073 - 	loaded 209/1082 of the data.
F:\code\medical-data-quality-pipeline\src\load\load_to_raw.py - build - 73

[INFO:20] 2026-07-05 15:47:37,109 - 	loaded 210/1082 of the data.
F:\code\medical-data-quality-pipeline\src\load\load_to_raw.py - build - 73

[INFO:20] 2026-07-05 15:47:37,145 - 	loaded 211/1082 of the data.
F:\code\medical-data-quality-pipeline\src\load\load_to_raw.py - build - 73

[INFO:20] 2026-07-05 15:47:37,183 - 	loaded 212/1082 of the data.
F:\code\medical-data-quality-pipeline\src\load\load_to_raw.py - build - 73

[INFO:20] 2026-07-05 15:47:37,217 - 	loaded 213/1082 of the data.
F:\code\medical-data-quality-pipeline\src\load\load_to_raw.py - build - 73

[INFO:20] 2026-07-05 15:47:37,251 - 	loaded 214/1082 of the data.
F:\code\medical-data-quality-pipeline\src\load\load_to_raw.py - build - 73

[INFO:20] 2026-07-05 15:47:37,290 - 	loaded 215/1082 of the data.
F:\code\medical-data-quality-pipeline\src\load\load_to_raw.py - build - 73

[INFO:20] 2026-07-05 15:47:37,325 - 	loaded 216/1082 of the data.
F:\code\medical-data-quality-pipeline\src\load\load_to_raw.py - build - 73

[INFO:20] 2026-07-05 15:47:37,360 - 	loaded 217/1082 of the data.
F:\code\medical-data-quality-pipeline\src\load\load_to_raw.py - build - 73

[INFO:20] 2026-07-05 15:47:37,398 - 	loaded 218/1082 of the data.
F:\code\medical-data-quality-pipeline\src\load\load_to_raw.py - build - 73

[INFO:20] 2026-07-05 15:47:37,432 - 	loaded 219/1082 of the data.
F:\code\medical-data-quality-pipeline\src\load\load_to_raw.py - build - 73

[INFO:20] 2026-07-05 15:47:37,466 - 	loaded 220/1082 of the data.
F:\code\medical-data-quality-pipeline\src\load\load_to_raw.py - build - 73

[INFO:20] 2026-07-05 15:47:37,502 - 	loaded 221/1082 of the data.
F:\code\medical-data-quality-pipeline\src\load\load_to_raw.py - build - 73

[INFO:20] 2026-07-05 15:47:37,534 - 	loaded 222/1082 of the data.
F:\code\medical-data-quality-pipeline\src\load\load_to_raw.py - build - 73

[INFO:20] 2026-07-05 15:47:37,572 - 	loaded 223/1082 of the data.
F:\code\medical-data-quality-pipeline\src\load\load_to_raw.py - build - 73

[INFO:20] 2026-07-05 15:47:37,613 - 	loaded 224/1082 of the data.
F:\code\medical-data-quality-pipeline\src\load\load_to_raw.py - build - 73

[INFO:20] 2026-07-05 15:47:37,649 - 	loaded 225/1082 of the data.
F:\code\medical-data-quality-pipeline\src\load\load_to_raw.py - build - 73

[INFO:20] 2026-07-05 15:47:37,686 - 	loaded 226/1082 of the data.
F:\code\medical-data-quality-pipeline\src\load\load_to_raw.py - build - 73

[INFO:20] 2026-07-05 15:47:37,721 - 	loaded 227/1082 of the data.
F:\code\medical-data-quality-pipeline\src\load\load_to_raw.py - build - 73

[INFO:20] 2026-07-05 15:47:37,757 - 	loaded 228/1082 of the data.
F:\code\medical-data-quality-pipeline\src\load\load_to_raw.py - build - 73

[INFO:20] 2026-07-05 15:47:37,798 - 	loaded 229/1082 of the data.
F:\code\medical-data-quality-pipeline\src\load\load_to_raw.py - build - 73

[INFO:20] 2026-07-05 15:47:37,838 - 	loaded 230/1082 of the data.
F:\code\medical-data-quality-pipeline\src\load\load_to_raw.py - build - 73

[INFO:20] 2026-07-05 15:47:37,873 - 	loaded 231/1082 of the data.
F:\code\medical-data-quality-pipeline\src\load\load_to_raw.py - build - 73

[INFO:20] 2026-07-05 15:47:37,909 - 	loaded 232/1082 of the data.
F:\code\medical-data-quality-pipeline\src\load\load_to_raw.py - build - 73

[INFO:20] 2026-07-05 15:47:38,082 - 	loaded 233/1082 of the data.
F:\code\medical-data-quality-pipeline\src\load\load_to_raw.py - build - 73

[INFO:20] 2026-07-05 15:47:38,125 - 	loaded 234/1082 of the data.
F:\code\medical-data-quality-pipeline\src\load\load_to_raw.py - build - 73

[INFO:20] 2026-07-05 15:47:38,159 - 	loaded 235/1082 of the data.
F:\code\medical-data-quality-pipeline\src\load\load_to_raw.py - build - 73

[INFO:20] 2026-07-05 15:47:38,193 - 	loaded 236/1082 of the data.
F:\code\medical-data-quality-pipeline\src\load\load_to_raw.py - build - 73

[INFO:20] 2026-07-05 15:47:38,225 - 	loaded 237/1082 of the data.
F:\code\medical-data-quality-pipeline\src\load\load_to_raw.py - build - 73

[INFO:20] 2026-07-05 15:47:38,382 - 	loaded 238/1082 of the data.
F:\code\medical-data-quality-pipeline\src\load\load_to_raw.py - build - 73

[INFO:20] 2026-07-05 15:47:38,415 - 	loaded 239/1082 of the data.
F:\code\medical-data-quality-pipeline\src\load\load_to_raw.py - build - 73

[INFO:20] 2026-07-05 15:47:38,448 - 	loaded 240/1082 of the data.
F:\code\medical-data-quality-pipeline\src\load\load_to_raw.py - build - 73

[INFO:20] 2026-07-05 15:47:38,482 - 	loaded 241/1082 of the data.
F:\code\medical-data-quality-pipeline\src\load\load_to_raw.py - build - 73

[INFO:20] 2026-07-05 15:47:38,523 - 	loaded 242/1082 of the data.
F:\code\medical-data-quality-pipeline\src\load\load_to_raw.py - build - 73

[INFO:20] 2026-07-05 15:47:38,561 - 	loaded 243/1082 of the data.
F:\code\medical-data-quality-pipeline\src\load\load_to_raw.py - build - 73

[INFO:20] 2026-07-05 15:47:38,597 - 	loaded 244/1082 of the data.
F:\code\medical-data-quality-pipeline\src\load\load_to_raw.py - build - 73

[INFO:20] 2026-07-05 15:47:38,638 - 	loaded 245/1082 of the data.
F:\code\medical-data-quality-pipeline\src\load\load_to_raw.py - build - 73

[INFO:20] 2026-07-05 15:47:38,672 - 	loaded 246/1082 of the data.
F:\code\medical-data-quality-pipeline\src\load\load_to_raw.py - build - 73

[INFO:20] 2026-07-05 15:47:38,705 - 	loaded 247/1082 of the data.
F:\code\medical-data-quality-pipeline\src\load\load_to_raw.py - build - 73

[INFO:20] 2026-07-05 15:47:38,738 - 	loaded 248/1082 of the data.
F:\code\medical-data-quality-pipeline\src\load\load_to_raw.py - build - 73

[INFO:20] 2026-07-05 15:47:38,777 - 	loaded 249/1082 of the data.
F:\code\medical-data-quality-pipeline\src\load\load_to_raw.py - build - 73

[INFO:20] 2026-07-05 15:47:38,923 - 	loaded 250/1082 of the data.
F:\code\medical-data-quality-pipeline\src\load\load_to_raw.py - build - 73

[INFO:20] 2026-07-05 15:47:38,960 - 	loaded 251/1082 of the data.
F:\code\medical-data-quality-pipeline\src\load\load_to_raw.py - build - 73

[INFO:20] 2026-07-05 15:47:38,994 - 	loaded 252/1082 of the data.
F:\code\medical-data-quality-pipeline\src\load\load_to_raw.py - build - 73

[INFO:20] 2026-07-05 15:47:39,031 - 	loaded 253/1082 of the data.
F:\code\medical-data-quality-pipeline\src\load\load_to_raw.py - build - 73

[INFO:20] 2026-07-05 15:47:39,068 - 	loaded 254/1082 of the data.
F:\code\medical-data-quality-pipeline\src\load\load_to_raw.py - build - 73

[INFO:20] 2026-07-05 15:47:39,104 - 	loaded 255/1082 of the data.
F:\code\medical-data-quality-pipeline\src\load\load_to_raw.py - build - 73

[INFO:20] 2026-07-05 15:47:39,141 - 	loaded 256/1082 of the data.
F:\code\medical-data-quality-pipeline\src\load\load_to_raw.py - build - 73

[INFO:20] 2026-07-05 15:47:39,178 - 	loaded 257/1082 of the data.
F:\code\medical-data-quality-pipeline\src\load\load_to_raw.py - build - 73

[INFO:20] 2026-07-05 15:47:39,213 - 	loaded 258/1082 of the data.
F:\code\medical-data-quality-pipeline\src\load\load_to_raw.py - build - 73

[INFO:20] 2026-07-05 15:47:39,247 - 	loaded 259/1082 of the data.
F:\code\medical-data-quality-pipeline\src\load\load_to_raw.py - build - 73

[INFO:20] 2026-07-05 15:47:39,286 - 	loaded 260/1082 of the data.
F:\code\medical-data-quality-pipeline\src\load\load_to_raw.py - build - 73

[INFO:20] 2026-07-05 15:47:39,322 - 	loaded 261/1082 of the data.
F:\code\medical-data-quality-pipeline\src\load\load_to_raw.py - build - 73

[INFO:20] 2026-07-05 15:47:39,358 - 	loaded 262/1082 of the data.
F:\code\medical-data-quality-pipeline\src\load\load_to_raw.py - build - 73

[INFO:20] 2026-07-05 15:47:39,398 - 	loaded 263/1082 of the data.
F:\code\medical-data-quality-pipeline\src\load\load_to_raw.py - build - 73

[INFO:20] 2026-07-05 15:47:39,435 - 	loaded 264/1082 of the data.
F:\code\medical-data-quality-pipeline\src\load\load_to_raw.py - build - 73

[INFO:20] 2026-07-05 15:47:39,470 - 	loaded 265/1082 of the data.
F:\code\medical-data-quality-pipeline\src\load\load_to_raw.py - build - 73

[INFO:20] 2026-07-05 15:47:39,506 - 	loaded 266/1082 of the data.
F:\code\medical-data-quality-pipeline\src\load\load_to_raw.py - build - 73

[INFO:20] 2026-07-05 15:47:39,544 - 	loaded 267/1082 of the data.
F:\code\medical-data-quality-pipeline\src\load\load_to_raw.py - build - 73

[INFO:20] 2026-07-05 15:47:39,582 - 	loaded 268/1082 of the data.
F:\code\medical-data-quality-pipeline\src\load\load_to_raw.py - build - 73

[INFO:20] 2026-07-05 15:47:39,622 - 	loaded 269/1082 of the data.
F:\code\medical-data-quality-pipeline\src\load\load_to_raw.py - build - 73

[INFO:20] 2026-07-05 15:47:39,657 - 	loaded 270/1082 of the data.
F:\code\medical-data-quality-pipeline\src\load\load_to_raw.py - build - 73

[INFO:20] 2026-07-05 15:47:39,691 - 	loaded 271/1082 of the data.
F:\code\medical-data-quality-pipeline\src\load\load_to_raw.py - build - 73

[INFO:20] 2026-07-05 15:47:39,726 - 	loaded 272/1082 of the data.
F:\code\medical-data-quality-pipeline\src\load\load_to_raw.py - build - 73

[INFO:20] 2026-07-05 15:47:39,762 - 	loaded 273/1082 of the data.
F:\code\medical-data-quality-pipeline\src\load\load_to_raw.py - build - 73

[INFO:20] 2026-07-05 15:47:39,907 - 	loaded 274/1082 of the data.
F:\code\medical-data-quality-pipeline\src\load\load_to_raw.py - build - 73

[INFO:20] 2026-07-05 15:47:39,941 - 	loaded 275/1082 of the data.
F:\code\medical-data-quality-pipeline\src\load\load_to_raw.py - build - 73

[INFO:20] 2026-07-05 15:47:39,974 - 	loaded 276/1082 of the data.
F:\code\medical-data-quality-pipeline\src\load\load_to_raw.py - build - 73

[INFO:20] 2026-07-05 15:47:40,114 - 	loaded 277/1082 of the data.
F:\code\medical-data-quality-pipeline\src\load\load_to_raw.py - build - 73

[INFO:20] 2026-07-05 15:47:40,159 - 	loaded 278/1082 of the data.
F:\code\medical-data-quality-pipeline\src\load\load_to_raw.py - build - 73

[INFO:20] 2026-07-05 15:47:40,194 - 	loaded 279/1082 of the data.
F:\code\medical-data-quality-pipeline\src\load\load_to_raw.py - build - 73

[INFO:20] 2026-07-05 15:47:40,229 - 	loaded 280/1082 of the data.
F:\code\medical-data-quality-pipeline\src\load\load_to_raw.py - build - 73

[INFO:20] 2026-07-05 15:47:40,265 - 	loaded 281/1082 of the data.
F:\code\medical-data-quality-pipeline\src\load\load_to_raw.py - build - 73

[INFO:20] 2026-07-05 15:47:40,303 - 	loaded 282/1082 of the data.
F:\code\medical-data-quality-pipeline\src\load\load_to_raw.py - build - 73

[INFO:20] 2026-07-05 15:47:40,372 - 	loaded 283/1082 of the data.
F:\code\medical-data-quality-pipeline\src\load\load_to_raw.py - build - 73

[INFO:20] 2026-07-05 15:47:40,418 - 	loaded 284/1082 of the data.
F:\code\medical-data-quality-pipeline\src\load\load_to_raw.py - build - 73

[INFO:20] 2026-07-05 15:47:40,465 - 	loaded 285/1082 of the data.
F:\code\medical-data-quality-pipeline\src\load\load_to_raw.py - build - 73

[INFO:20] 2026-07-05 15:47:40,507 - 	loaded 286/1082 of the data.
F:\code\medical-data-quality-pipeline\src\load\load_to_raw.py - build - 73

[INFO:20] 2026-07-05 15:47:40,564 - 	loaded 287/1082 of the data.
F:\code\medical-data-quality-pipeline\src\load\load_to_raw.py - build - 73

[INFO:20] 2026-07-05 15:47:40,611 - 	loaded 288/1082 of the data.
F:\code\medical-data-quality-pipeline\src\load\load_to_raw.py - build - 73

[INFO:20] 2026-07-05 15:47:40,644 - 	loaded 289/1082 of the data.
F:\code\medical-data-quality-pipeline\src\load\load_to_raw.py - build - 73

[INFO:20] 2026-07-05 15:47:40,681 - 	loaded 290/1082 of the data.
F:\code\medical-data-quality-pipeline\src\load\load_to_raw.py - build - 73

[INFO:20] 2026-07-05 15:47:40,722 - 	loaded 291/1082 of the data.
F:\code\medical-data-quality-pipeline\src\load\load_to_raw.py - build - 73

[INFO:20] 2026-07-05 15:47:40,763 - 	loaded 292/1082 of the data.
F:\code\medical-data-quality-pipeline\src\load\load_to_raw.py - build - 73

[INFO:20] 2026-07-05 15:47:40,807 - 	loaded 293/1082 of the data.
F:\code\medical-data-quality-pipeline\src\load\load_to_raw.py - build - 73

[INFO:20] 2026-07-05 15:47:40,849 - 	loaded 294/1082 of the data.
F:\code\medical-data-quality-pipeline\src\load\load_to_raw.py - build - 73

[INFO:20] 2026-07-05 15:47:40,900 - 	loaded 295/1082 of the data.
F:\code\medical-data-quality-pipeline\src\load\load_to_raw.py - build - 73

[INFO:20] 2026-07-05 15:47:40,947 - 	loaded 296/1082 of the data.
F:\code\medical-data-quality-pipeline\src\load\load_to_raw.py - build - 73

[INFO:20] 2026-07-05 15:47:40,991 - 	loaded 297/1082 of the data.
F:\code\medical-data-quality-pipeline\src\load\load_to_raw.py - build - 73

[INFO:20] 2026-07-05 15:47:41,037 - 	loaded 298/1082 of the data.
F:\code\medical-data-quality-pipeline\src\load\load_to_raw.py - build - 73

[INFO:20] 2026-07-05 15:47:41,080 - 	loaded 299/1082 of the data.
F:\code\medical-data-quality-pipeline\src\load\load_to_raw.py - build - 73

[INFO:20] 2026-07-05 15:47:41,124 - 	loaded 300/1082 of the data.
F:\code\medical-data-quality-pipeline\src\load\load_to_raw.py - build - 73

[INFO:20] 2026-07-05 15:47:41,362 - 	loaded 301/1082 of the data.
F:\code\medical-data-quality-pipeline\src\load\load_to_raw.py - build - 73

[INFO:20] 2026-07-05 15:47:41,517 - 	loaded 302/1082 of the data.
F:\code\medical-data-quality-pipeline\src\load\load_to_raw.py - build - 73

[INFO:20] 2026-07-05 15:47:41,575 - 	loaded 303/1082 of the data.
F:\code\medical-data-quality-pipeline\src\load\load_to_raw.py - build - 73

[INFO:20] 2026-07-05 15:47:41,726 - 	loaded 304/1082 of the data.
F:\code\medical-data-quality-pipeline\src\load\load_to_raw.py - build - 73

[INFO:20] 2026-07-05 15:47:41,763 - 	loaded 305/1082 of the data.
F:\code\medical-data-quality-pipeline\src\load\load_to_raw.py - build - 73

[INFO:20] 2026-07-05 15:47:41,803 - 	loaded 306/1082 of the data.
F:\code\medical-data-quality-pipeline\src\load\load_to_raw.py - build - 73

[INFO:20] 2026-07-05 15:47:41,848 - 	loaded 307/1082 of the data.
F:\code\medical-data-quality-pipeline\src\load\load_to_raw.py - build - 73

[INFO:20] 2026-07-05 15:47:41,889 - 	loaded 308/1082 of the data.
F:\code\medical-data-quality-pipeline\src\load\load_to_raw.py - build - 73

[INFO:20] 2026-07-05 15:47:41,924 - 	loaded 309/1082 of the data.
F:\code\medical-data-quality-pipeline\src\load\load_to_raw.py - build - 73

[INFO:20] 2026-07-05 15:47:41,961 - 	loaded 310/1082 of the data.
F:\code\medical-data-quality-pipeline\src\load\load_to_raw.py - build - 73

[INFO:20] 2026-07-05 15:47:42,000 - 	loaded 311/1082 of the data.
F:\code\medical-data-quality-pipeline\src\load\load_to_raw.py - build - 73

[INFO:20] 2026-07-05 15:47:42,040 - 	loaded 312/1082 of the data.
F:\code\medical-data-quality-pipeline\src\load\load_to_raw.py - build - 73

[INFO:20] 2026-07-05 15:47:42,078 - 	loaded 313/1082 of the data.
F:\code\medical-data-quality-pipeline\src\load\load_to_raw.py - build - 73

[INFO:20] 2026-07-05 15:47:42,113 - 	loaded 314/1082 of the data.
F:\code\medical-data-quality-pipeline\src\load\load_to_raw.py - build - 73

[INFO:20] 2026-07-05 15:47:42,147 - 	loaded 315/1082 of the data.
F:\code\medical-data-quality-pipeline\src\load\load_to_raw.py - build - 73

[INFO:20] 2026-07-05 15:47:42,181 - 	loaded 316/1082 of the data.
F:\code\medical-data-quality-pipeline\src\load\load_to_raw.py - build - 73

[INFO:20] 2026-07-05 15:47:42,214 - 	loaded 317/1082 of the data.
F:\code\medical-data-quality-pipeline\src\load\load_to_raw.py - build - 73

[INFO:20] 2026-07-05 15:47:42,360 - 	loaded 318/1082 of the data.
F:\code\medical-data-quality-pipeline\src\load\load_to_raw.py - build - 73

[INFO:20] 2026-07-05 15:47:42,392 - 	loaded 319/1082 of the data.
F:\code\medical-data-quality-pipeline\src\load\load_to_raw.py - build - 73

[INFO:20] 2026-07-05 15:47:42,426 - 	loaded 320/1082 of the data.
F:\code\medical-data-quality-pipeline\src\load\load_to_raw.py - build - 73

[INFO:20] 2026-07-05 15:47:42,460 - 	loaded 321/1082 of the data.
F:\code\medical-data-quality-pipeline\src\load\load_to_raw.py - build - 73

[INFO:20] 2026-07-05 15:47:42,498 - 	loaded 322/1082 of the data.
F:\code\medical-data-quality-pipeline\src\load\load_to_raw.py - build - 73

[INFO:20] 2026-07-05 15:47:42,535 - 	loaded 323/1082 of the data.
F:\code\medical-data-quality-pipeline\src\load\load_to_raw.py - build - 73

[INFO:20] 2026-07-05 15:47:42,569 - 	loaded 324/1082 of the data.
F:\code\medical-data-quality-pipeline\src\load\load_to_raw.py - build - 73

[INFO:20] 2026-07-05 15:47:42,719 - 	loaded 325/1082 of the data.
F:\code\medical-data-quality-pipeline\src\load\load_to_raw.py - build - 73

[INFO:20] 2026-07-05 15:47:42,751 - 	loaded 326/1082 of the data.
F:\code\medical-data-quality-pipeline\src\load\load_to_raw.py - build - 73

[INFO:20] 2026-07-05 15:47:42,891 - 	loaded 327/1082 of the data.
F:\code\medical-data-quality-pipeline\src\load\load_to_raw.py - build - 73

[INFO:20] 2026-07-05 15:47:42,923 - 	loaded 328/1082 of the data.
F:\code\medical-data-quality-pipeline\src\load\load_to_raw.py - build - 73

[INFO:20] 2026-07-05 15:47:42,957 - 	loaded 329/1082 of the data.
F:\code\medical-data-quality-pipeline\src\load\load_to_raw.py - build - 73

[INFO:20] 2026-07-05 15:47:42,994 - 	loaded 330/1082 of the data.
F:\code\medical-data-quality-pipeline\src\load\load_to_raw.py - build - 73

[INFO:20] 2026-07-05 15:47:43,027 - 	loaded 331/1082 of the data.
F:\code\medical-data-quality-pipeline\src\load\load_to_raw.py - build - 73

[INFO:20] 2026-07-05 15:47:43,174 - 	loaded 332/1082 of the data.
F:\code\medical-data-quality-pipeline\src\load\load_to_raw.py - build - 73

[INFO:20] 2026-07-05 15:47:43,210 - 	loaded 333/1082 of the data.
F:\code\medical-data-quality-pipeline\src\load\load_to_raw.py - build - 73

[INFO:20] 2026-07-05 15:47:43,243 - 	loaded 334/1082 of the data.
F:\code\medical-data-quality-pipeline\src\load\load_to_raw.py - build - 73

[INFO:20] 2026-07-05 15:47:43,278 - 	loaded 335/1082 of the data.
F:\code\medical-data-quality-pipeline\src\load\load_to_raw.py - build - 73

[INFO:20] 2026-07-05 15:47:43,313 - 	loaded 336/1082 of the data.
F:\code\medical-data-quality-pipeline\src\load\load_to_raw.py - build - 73

[INFO:20] 2026-07-05 15:47:43,350 - 	loaded 337/1082 of the data.
F:\code\medical-data-quality-pipeline\src\load\load_to_raw.py - build - 73

[INFO:20] 2026-07-05 15:47:43,386 - 	loaded 338/1082 of the data.
F:\code\medical-data-quality-pipeline\src\load\load_to_raw.py - build - 73

[INFO:20] 2026-07-05 15:47:43,429 - 	loaded 339/1082 of the data.
F:\code\medical-data-quality-pipeline\src\load\load_to_raw.py - build - 73

[INFO:20] 2026-07-05 15:47:43,561 - 	loaded 340/1082 of the data.
F:\code\medical-data-quality-pipeline\src\load\load_to_raw.py - build - 73

[INFO:20] 2026-07-05 15:47:43,697 - 	loaded 341/1082 of the data.
F:\code\medical-data-quality-pipeline\src\load\load_to_raw.py - build - 73

[INFO:20] 2026-07-05 15:47:43,735 - 	loaded 342/1082 of the data.
F:\code\medical-data-quality-pipeline\src\load\load_to_raw.py - build - 73

[INFO:20] 2026-07-05 15:47:43,774 - 	loaded 343/1082 of the data.
F:\code\medical-data-quality-pipeline\src\load\load_to_raw.py - build - 73

[INFO:20] 2026-07-05 15:47:43,815 - 	loaded 344/1082 of the data.
F:\code\medical-data-quality-pipeline\src\load\load_to_raw.py - build - 73

[INFO:20] 2026-07-05 15:47:43,855 - 	loaded 345/1082 of the data.
F:\code\medical-data-quality-pipeline\src\load\load_to_raw.py - build - 73

[INFO:20] 2026-07-05 15:47:43,892 - 	loaded 346/1082 of the data.
F:\code\medical-data-quality-pipeline\src\load\load_to_raw.py - build - 73

[INFO:20] 2026-07-05 15:47:44,035 - 	loaded 347/1082 of the data.
F:\code\medical-data-quality-pipeline\src\load\load_to_raw.py - build - 73

[INFO:20] 2026-07-05 15:47:44,080 - 	loaded 348/1082 of the data.
F:\code\medical-data-quality-pipeline\src\load\load_to_raw.py - build - 73

[INFO:20] 2026-07-05 15:47:44,125 - 	loaded 349/1082 of the data.
F:\code\medical-data-quality-pipeline\src\load\load_to_raw.py - build - 73

[INFO:20] 2026-07-05 15:47:44,173 - 	loaded 350/1082 of the data.
F:\code\medical-data-quality-pipeline\src\load\load_to_raw.py - build - 73

[INFO:20] 2026-07-05 15:47:44,217 - 	loaded 351/1082 of the data.
F:\code\medical-data-quality-pipeline\src\load\load_to_raw.py - build - 73

[INFO:20] 2026-07-05 15:47:44,456 - 	loaded 352/1082 of the data.
F:\code\medical-data-quality-pipeline\src\load\load_to_raw.py - build - 73

[INFO:20] 2026-07-05 15:47:44,836 - 	loaded 353/1082 of the data.
F:\code\medical-data-quality-pipeline\src\load\load_to_raw.py - build - 73

[INFO:20] 2026-07-05 15:47:45,225 - 	loaded 354/1082 of the data.
F:\code\medical-data-quality-pipeline\src\load\load_to_raw.py - build - 73

[INFO:20] 2026-07-05 15:47:45,309 - 	loaded 355/1082 of the data.
F:\code\medical-data-quality-pipeline\src\load\load_to_raw.py - build - 73

[INFO:20] 2026-07-05 15:47:45,385 - 	loaded 356/1082 of the data.
F:\code\medical-data-quality-pipeline\src\load\load_to_raw.py - build - 73

[INFO:20] 2026-07-05 15:47:45,462 - 	loaded 357/1082 of the data.
F:\code\medical-data-quality-pipeline\src\load\load_to_raw.py - build - 73

[INFO:20] 2026-07-05 15:47:45,505 - 	loaded 358/1082 of the data.
F:\code\medical-data-quality-pipeline\src\load\load_to_raw.py - build - 73

[INFO:20] 2026-07-05 15:47:45,552 - 	loaded 359/1082 of the data.
F:\code\medical-data-quality-pipeline\src\load\load_to_raw.py - build - 73

[INFO:20] 2026-07-05 15:47:45,596 - 	loaded 360/1082 of the data.
F:\code\medical-data-quality-pipeline\src\load\load_to_raw.py - build - 73

[INFO:20] 2026-07-05 15:47:45,636 - 	loaded 361/1082 of the data.
F:\code\medical-data-quality-pipeline\src\load\load_to_raw.py - build - 73

[INFO:20] 2026-07-05 15:47:45,671 - 	loaded 362/1082 of the data.
F:\code\medical-data-quality-pipeline\src\load\load_to_raw.py - build - 73

[INFO:20] 2026-07-05 15:47:45,710 - 	loaded 363/1082 of the data.
F:\code\medical-data-quality-pipeline\src\load\load_to_raw.py - build - 73

[INFO:20] 2026-07-05 15:47:45,907 - 	loaded 364/1082 of the data.
F:\code\medical-data-quality-pipeline\src\load\load_to_raw.py - build - 73

[INFO:20] 2026-07-05 15:47:45,941 - 	loaded 365/1082 of the data.
F:\code\medical-data-quality-pipeline\src\load\load_to_raw.py - build - 73

[INFO:20] 2026-07-05 15:47:45,974 - 	loaded 366/1082 of the data.
F:\code\medical-data-quality-pipeline\src\load\load_to_raw.py - build - 73

[INFO:20] 2026-07-05 15:47:46,008 - 	loaded 367/1082 of the data.
F:\code\medical-data-quality-pipeline\src\load\load_to_raw.py - build - 73

[INFO:20] 2026-07-05 15:47:46,039 - 	loaded 368/1082 of the data.
F:\code\medical-data-quality-pipeline\src\load\load_to_raw.py - build - 73

[INFO:20] 2026-07-05 15:47:46,109 - 	loaded 369/1082 of the data.
F:\code\medical-data-quality-pipeline\src\load\load_to_raw.py - build - 73

[INFO:20] 2026-07-05 15:47:46,150 - 	loaded 370/1082 of the data.
F:\code\medical-data-quality-pipeline\src\load\load_to_raw.py - build - 73

[INFO:20] 2026-07-05 15:47:46,187 - 	loaded 371/1082 of the data.
F:\code\medical-data-quality-pipeline\src\load\load_to_raw.py - build - 73

[INFO:20] 2026-07-05 15:47:46,226 - 	loaded 372/1082 of the data.
F:\code\medical-data-quality-pipeline\src\load\load_to_raw.py - build - 73

[INFO:20] 2026-07-05 15:47:46,260 - 	loaded 373/1082 of the data.
F:\code\medical-data-quality-pipeline\src\load\load_to_raw.py - build - 73

[INFO:20] 2026-07-05 15:47:46,292 - 	loaded 374/1082 of the data.
F:\code\medical-data-quality-pipeline\src\load\load_to_raw.py - build - 73

[INFO:20] 2026-07-05 15:47:46,326 - 	loaded 375/1082 of the data.
F:\code\medical-data-quality-pipeline\src\load\load_to_raw.py - build - 73

[INFO:20] 2026-07-05 15:47:46,362 - 	loaded 376/1082 of the data.
F:\code\medical-data-quality-pipeline\src\load\load_to_raw.py - build - 73

[INFO:20] 2026-07-05 15:47:46,402 - 	loaded 377/1082 of the data.
F:\code\medical-data-quality-pipeline\src\load\load_to_raw.py - build - 73

[INFO:20] 2026-07-05 15:47:46,444 - 	loaded 378/1082 of the data.
F:\code\medical-data-quality-pipeline\src\load\load_to_raw.py - build - 73

[INFO:20] 2026-07-05 15:47:46,624 - 	loaded 379/1082 of the data.
F:\code\medical-data-quality-pipeline\src\load\load_to_raw.py - build - 73

[INFO:20] 2026-07-05 15:47:46,661 - 	loaded 380/1082 of the data.
F:\code\medical-data-quality-pipeline\src\load\load_to_raw.py - build - 73

[INFO:20] 2026-07-05 15:47:46,697 - 	loaded 381/1082 of the data.
F:\code\medical-data-quality-pipeline\src\load\load_to_raw.py - build - 73

[INFO:20] 2026-07-05 15:47:46,734 - 	loaded 382/1082 of the data.
F:\code\medical-data-quality-pipeline\src\load\load_to_raw.py - build - 73

[INFO:20] 2026-07-05 15:47:46,768 - 	loaded 383/1082 of the data.
F:\code\medical-data-quality-pipeline\src\load\load_to_raw.py - build - 73

[INFO:20] 2026-07-05 15:47:46,912 - 	loaded 384/1082 of the data.
F:\code\medical-data-quality-pipeline\src\load\load_to_raw.py - build - 73

[INFO:20] 2026-07-05 15:47:46,945 - 	loaded 385/1082 of the data.
F:\code\medical-data-quality-pipeline\src\load\load_to_raw.py - build - 73

[INFO:20] 2026-07-05 15:47:46,982 - 	loaded 386/1082 of the data.
F:\code\medical-data-quality-pipeline\src\load\load_to_raw.py - build - 73

[INFO:20] 2026-07-05 15:47:47,135 - 	loaded 387/1082 of the data.
F:\code\medical-data-quality-pipeline\src\load\load_to_raw.py - build - 73

[INFO:20] 2026-07-05 15:47:47,169 - 	loaded 388/1082 of the data.
F:\code\medical-data-quality-pipeline\src\load\load_to_raw.py - build - 73

[INFO:20] 2026-07-05 15:47:47,345 - 	loaded 389/1082 of the data.
F:\code\medical-data-quality-pipeline\src\load\load_to_raw.py - build - 73

[INFO:20] 2026-07-05 15:47:47,394 - 	loaded 390/1082 of the data.
F:\code\medical-data-quality-pipeline\src\load\load_to_raw.py - build - 73

[INFO:20] 2026-07-05 15:47:47,431 - 	loaded 391/1082 of the data.
F:\code\medical-data-quality-pipeline\src\load\load_to_raw.py - build - 73

[INFO:20] 2026-07-05 15:47:47,574 - 	loaded 392/1082 of the data.
F:\code\medical-data-quality-pipeline\src\load\load_to_raw.py - build - 73

[INFO:20] 2026-07-05 15:47:47,611 - 	loaded 393/1082 of the data.
F:\code\medical-data-quality-pipeline\src\load\load_to_raw.py - build - 73

[INFO:20] 2026-07-05 15:47:47,785 - 	loaded 394/1082 of the data.
F:\code\medical-data-quality-pipeline\src\load\load_to_raw.py - build - 73

[INFO:20] 2026-07-05 15:47:47,824 - 	loaded 395/1082 of the data.
F:\code\medical-data-quality-pipeline\src\load\load_to_raw.py - build - 73

[INFO:20] 2026-07-05 15:47:47,860 - 	loaded 396/1082 of the data.
F:\code\medical-data-quality-pipeline\src\load\load_to_raw.py - build - 73

[INFO:20] 2026-07-05 15:47:47,899 - 	loaded 397/1082 of the data.
F:\code\medical-data-quality-pipeline\src\load\load_to_raw.py - build - 73

[INFO:20] 2026-07-05 15:47:47,939 - 	loaded 398/1082 of the data.
F:\code\medical-data-quality-pipeline\src\load\load_to_raw.py - build - 73

[INFO:20] 2026-07-05 15:47:47,977 - 	loaded 399/1082 of the data.
F:\code\medical-data-quality-pipeline\src\load\load_to_raw.py - build - 73

[INFO:20] 2026-07-05 15:47:48,117 - 	loaded 400/1082 of the data.
F:\code\medical-data-quality-pipeline\src\load\load_to_raw.py - build - 73

[INFO:20] 2026-07-05 15:47:48,154 - 	loaded 401/1082 of the data.
F:\code\medical-data-quality-pipeline\src\load\load_to_raw.py - build - 73

[INFO:20] 2026-07-05 15:47:48,187 - 	loaded 402/1082 of the data.
F:\code\medical-data-quality-pipeline\src\load\load_to_raw.py - build - 73

[INFO:20] 2026-07-05 15:47:48,224 - 	loaded 403/1082 of the data.
F:\code\medical-data-quality-pipeline\src\load\load_to_raw.py - build - 73

[INFO:20] 2026-07-05 15:47:48,262 - 	loaded 404/1082 of the data.
F:\code\medical-data-quality-pipeline\src\load\load_to_raw.py - build - 73

[INFO:20] 2026-07-05 15:47:48,425 - 	loaded 405/1082 of the data.
F:\code\medical-data-quality-pipeline\src\load\load_to_raw.py - build - 73

[INFO:20] 2026-07-05 15:47:48,465 - 	loaded 406/1082 of the data.
F:\code\medical-data-quality-pipeline\src\load\load_to_raw.py - build - 73

[INFO:20] 2026-07-05 15:47:48,499 - 	loaded 407/1082 of the data.
F:\code\medical-data-quality-pipeline\src\load\load_to_raw.py - build - 73

[INFO:20] 2026-07-05 15:47:48,535 - 	loaded 408/1082 of the data.
F:\code\medical-data-quality-pipeline\src\load\load_to_raw.py - build - 73

[INFO:20] 2026-07-05 15:47:48,568 - 	loaded 409/1082 of the data.
F:\code\medical-data-quality-pipeline\src\load\load_to_raw.py - build - 73

[INFO:20] 2026-07-05 15:47:48,602 - 	loaded 410/1082 of the data.
F:\code\medical-data-quality-pipeline\src\load\load_to_raw.py - build - 73

[INFO:20] 2026-07-05 15:47:48,636 - 	loaded 411/1082 of the data.
F:\code\medical-data-quality-pipeline\src\load\load_to_raw.py - build - 73

[INFO:20] 2026-07-05 15:47:48,680 - 	loaded 412/1082 of the data.
F:\code\medical-data-quality-pipeline\src\load\load_to_raw.py - build - 73

[INFO:20] 2026-07-05 15:47:48,715 - 	loaded 413/1082 of the data.
F:\code\medical-data-quality-pipeline\src\load\load_to_raw.py - build - 73

[INFO:20] 2026-07-05 15:47:48,750 - 	loaded 414/1082 of the data.
F:\code\medical-data-quality-pipeline\src\load\load_to_raw.py - build - 73

[INFO:20] 2026-07-05 15:47:48,785 - 	loaded 415/1082 of the data.
F:\code\medical-data-quality-pipeline\src\load\load_to_raw.py - build - 73

[INFO:20] 2026-07-05 15:47:48,820 - 	loaded 416/1082 of the data.
F:\code\medical-data-quality-pipeline\src\load\load_to_raw.py - build - 73

[INFO:20] 2026-07-05 15:47:48,857 - 	loaded 417/1082 of the data.
F:\code\medical-data-quality-pipeline\src\load\load_to_raw.py - build - 73

[INFO:20] 2026-07-05 15:47:48,897 - 	loaded 418/1082 of the data.
F:\code\medical-data-quality-pipeline\src\load\load_to_raw.py - build - 73

[INFO:20] 2026-07-05 15:47:48,937 - 	loaded 419/1082 of the data.
F:\code\medical-data-quality-pipeline\src\load\load_to_raw.py - build - 73

[INFO:20] 2026-07-05 15:47:48,974 - 	loaded 420/1082 of the data.
F:\code\medical-data-quality-pipeline\src\load\load_to_raw.py - build - 73

[INFO:20] 2026-07-05 15:47:49,011 - 	loaded 421/1082 of the data.
F:\code\medical-data-quality-pipeline\src\load\load_to_raw.py - build - 73

[INFO:20] 2026-07-05 15:47:49,046 - 	loaded 422/1082 of the data.
F:\code\medical-data-quality-pipeline\src\load\load_to_raw.py - build - 73

[INFO:20] 2026-07-05 15:47:49,081 - 	loaded 423/1082 of the data.
F:\code\medical-data-quality-pipeline\src\load\load_to_raw.py - build - 73

[INFO:20] 2026-07-05 15:47:49,121 - 	loaded 424/1082 of the data.
F:\code\medical-data-quality-pipeline\src\load\load_to_raw.py - build - 73

[INFO:20] 2026-07-05 15:47:49,270 - 	loaded 425/1082 of the data.
F:\code\medical-data-quality-pipeline\src\load\load_to_raw.py - build - 73

[INFO:20] 2026-07-05 15:47:49,429 - 	loaded 426/1082 of the data.
F:\code\medical-data-quality-pipeline\src\load\load_to_raw.py - build - 73

[INFO:20] 2026-07-05 15:47:49,581 - 	loaded 427/1082 of the data.
F:\code\medical-data-quality-pipeline\src\load\load_to_raw.py - build - 73

[INFO:20] 2026-07-05 15:47:49,628 - 	loaded 428/1082 of the data.
F:\code\medical-data-quality-pipeline\src\load\load_to_raw.py - build - 73

[INFO:20] 2026-07-05 15:47:49,669 - 	loaded 429/1082 of the data.
F:\code\medical-data-quality-pipeline\src\load\load_to_raw.py - build - 73

[INFO:20] 2026-07-05 15:47:49,704 - 	loaded 430/1082 of the data.
F:\code\medical-data-quality-pipeline\src\load\load_to_raw.py - build - 73

[INFO:20] 2026-07-05 15:47:49,739 - 	loaded 431/1082 of the data.
F:\code\medical-data-quality-pipeline\src\load\load_to_raw.py - build - 73

[INFO:20] 2026-07-05 15:47:49,773 - 	loaded 432/1082 of the data.
F:\code\medical-data-quality-pipeline\src\load\load_to_raw.py - build - 73

[INFO:20] 2026-07-05 15:47:49,952 - 	loaded 433/1082 of the data.
F:\code\medical-data-quality-pipeline\src\load\load_to_raw.py - build - 73

[INFO:20] 2026-07-05 15:47:50,098 - 	loaded 434/1082 of the data.
F:\code\medical-data-quality-pipeline\src\load\load_to_raw.py - build - 73

[INFO:20] 2026-07-05 15:47:50,131 - 	loaded 435/1082 of the data.
F:\code\medical-data-quality-pipeline\src\load\load_to_raw.py - build - 73

[INFO:20] 2026-07-05 15:47:50,166 - 	loaded 436/1082 of the data.
F:\code\medical-data-quality-pipeline\src\load\load_to_raw.py - build - 73

[INFO:20] 2026-07-05 15:47:50,202 - 	loaded 437/1082 of the data.
F:\code\medical-data-quality-pipeline\src\load\load_to_raw.py - build - 73

[INFO:20] 2026-07-05 15:47:50,237 - 	loaded 438/1082 of the data.
F:\code\medical-data-quality-pipeline\src\load\load_to_raw.py - build - 73

[INFO:20] 2026-07-05 15:47:50,391 - 	loaded 439/1082 of the data.
F:\code\medical-data-quality-pipeline\src\load\load_to_raw.py - build - 73

[INFO:20] 2026-07-05 15:47:50,429 - 	loaded 440/1082 of the data.
F:\code\medical-data-quality-pipeline\src\load\load_to_raw.py - build - 73

[INFO:20] 2026-07-05 15:47:50,463 - 	loaded 441/1082 of the data.
F:\code\medical-data-quality-pipeline\src\load\load_to_raw.py - build - 73

[INFO:20] 2026-07-05 15:47:50,495 - 	loaded 442/1082 of the data.
F:\code\medical-data-quality-pipeline\src\load\load_to_raw.py - build - 73

[INFO:20] 2026-07-05 15:47:50,530 - 	loaded 443/1082 of the data.
F:\code\medical-data-quality-pipeline\src\load\load_to_raw.py - build - 73

[INFO:20] 2026-07-05 15:47:50,565 - 	loaded 444/1082 of the data.
F:\code\medical-data-quality-pipeline\src\load\load_to_raw.py - build - 73

[INFO:20] 2026-07-05 15:47:50,596 - 	loaded 445/1082 of the data.
F:\code\medical-data-quality-pipeline\src\load\load_to_raw.py - build - 73

[INFO:20] 2026-07-05 15:47:50,634 - 	loaded 446/1082 of the data.
F:\code\medical-data-quality-pipeline\src\load\load_to_raw.py - build - 73

[INFO:20] 2026-07-05 15:47:50,671 - 	loaded 447/1082 of the data.
F:\code\medical-data-quality-pipeline\src\load\load_to_raw.py - build - 73

[INFO:20] 2026-07-05 15:47:50,706 - 	loaded 448/1082 of the data.
F:\code\medical-data-quality-pipeline\src\load\load_to_raw.py - build - 73

[INFO:20] 2026-07-05 15:47:50,741 - 	loaded 449/1082 of the data.
F:\code\medical-data-quality-pipeline\src\load\load_to_raw.py - build - 73

[INFO:20] 2026-07-05 15:47:50,776 - 	loaded 450/1082 of the data.
F:\code\medical-data-quality-pipeline\src\load\load_to_raw.py - build - 73

[INFO:20] 2026-07-05 15:47:50,811 - 	loaded 451/1082 of the data.
F:\code\medical-data-quality-pipeline\src\load\load_to_raw.py - build - 73

[INFO:20] 2026-07-05 15:47:50,958 - 	loaded 452/1082 of the data.
F:\code\medical-data-quality-pipeline\src\load\load_to_raw.py - build - 73

[INFO:20] 2026-07-05 15:47:50,991 - 	loaded 453/1082 of the data.
F:\code\medical-data-quality-pipeline\src\load\load_to_raw.py - build - 73

[INFO:20] 2026-07-05 15:47:51,026 - 	loaded 454/1082 of the data.
F:\code\medical-data-quality-pipeline\src\load\load_to_raw.py - build - 73

[INFO:20] 2026-07-05 15:47:51,061 - 	loaded 455/1082 of the data.
F:\code\medical-data-quality-pipeline\src\load\load_to_raw.py - build - 73

[INFO:20] 2026-07-05 15:47:51,096 - 	loaded 456/1082 of the data.
F:\code\medical-data-quality-pipeline\src\load\load_to_raw.py - build - 73

[INFO:20] 2026-07-05 15:47:51,131 - 	loaded 457/1082 of the data.
F:\code\medical-data-quality-pipeline\src\load\load_to_raw.py - build - 73

[INFO:20] 2026-07-05 15:47:51,165 - 	loaded 458/1082 of the data.
F:\code\medical-data-quality-pipeline\src\load\load_to_raw.py - build - 73

[INFO:20] 2026-07-05 15:47:51,311 - 	loaded 459/1082 of the data.
F:\code\medical-data-quality-pipeline\src\load\load_to_raw.py - build - 73

[INFO:20] 2026-07-05 15:47:51,345 - 	loaded 460/1082 of the data.
F:\code\medical-data-quality-pipeline\src\load\load_to_raw.py - build - 73

[INFO:20] 2026-07-05 15:47:51,378 - 	loaded 461/1082 of the data.
F:\code\medical-data-quality-pipeline\src\load\load_to_raw.py - build - 73

[INFO:20] 2026-07-05 15:47:51,412 - 	loaded 462/1082 of the data.
F:\code\medical-data-quality-pipeline\src\load\load_to_raw.py - build - 73

[INFO:20] 2026-07-05 15:47:51,445 - 	loaded 463/1082 of the data.
F:\code\medical-data-quality-pipeline\src\load\load_to_raw.py - build - 73

[INFO:20] 2026-07-05 15:47:51,580 - 	loaded 464/1082 of the data.
F:\code\medical-data-quality-pipeline\src\load\load_to_raw.py - build - 73

[INFO:20] 2026-07-05 15:47:51,613 - 	loaded 465/1082 of the data.
F:\code\medical-data-quality-pipeline\src\load\load_to_raw.py - build - 73

[INFO:20] 2026-07-05 15:47:51,646 - 	loaded 466/1082 of the data.
F:\code\medical-data-quality-pipeline\src\load\load_to_raw.py - build - 73

[INFO:20] 2026-07-05 15:47:51,680 - 	loaded 467/1082 of the data.
F:\code\medical-data-quality-pipeline\src\load\load_to_raw.py - build - 73

[INFO:20] 2026-07-05 15:47:51,721 - 	loaded 468/1082 of the data.
F:\code\medical-data-quality-pipeline\src\load\load_to_raw.py - build - 73

[INFO:20] 2026-07-05 15:47:51,765 - 	loaded 469/1082 of the data.
F:\code\medical-data-quality-pipeline\src\load\load_to_raw.py - build - 73

[INFO:20] 2026-07-05 15:47:51,812 - 	loaded 470/1082 of the data.
F:\code\medical-data-quality-pipeline\src\load\load_to_raw.py - build - 73

[INFO:20] 2026-07-05 15:47:51,861 - 	loaded 471/1082 of the data.
F:\code\medical-data-quality-pipeline\src\load\load_to_raw.py - build - 73

[INFO:20] 2026-07-05 15:47:51,911 - 	loaded 472/1082 of the data.
F:\code\medical-data-quality-pipeline\src\load\load_to_raw.py - build - 73

[INFO:20] 2026-07-05 15:47:51,958 - 	loaded 473/1082 of the data.
F:\code\medical-data-quality-pipeline\src\load\load_to_raw.py - build - 73

[INFO:20] 2026-07-05 15:47:52,000 - 	loaded 474/1082 of the data.
F:\code\medical-data-quality-pipeline\src\load\load_to_raw.py - build - 73

[INFO:20] 2026-07-05 15:47:52,034 - 	loaded 475/1082 of the data.
F:\code\medical-data-quality-pipeline\src\load\load_to_raw.py - build - 73

[INFO:20] 2026-07-05 15:47:52,070 - 	loaded 476/1082 of the data.
F:\code\medical-data-quality-pipeline\src\load\load_to_raw.py - build - 73

[INFO:20] 2026-07-05 15:47:52,237 - 	loaded 477/1082 of the data.
F:\code\medical-data-quality-pipeline\src\load\load_to_raw.py - build - 73

[INFO:20] 2026-07-05 15:47:52,274 - 	loaded 478/1082 of the data.
F:\code\medical-data-quality-pipeline\src\load\load_to_raw.py - build - 73

[INFO:20] 2026-07-05 15:47:52,308 - 	loaded 479/1082 of the data.
F:\code\medical-data-quality-pipeline\src\load\load_to_raw.py - build - 73

[INFO:20] 2026-07-05 15:47:52,339 - 	loaded 480/1082 of the data.
F:\code\medical-data-quality-pipeline\src\load\load_to_raw.py - build - 73

[INFO:20] 2026-07-05 15:47:52,372 - 	loaded 481/1082 of the data.
F:\code\medical-data-quality-pipeline\src\load\load_to_raw.py - build - 73

[INFO:20] 2026-07-05 15:47:52,404 - 	loaded 482/1082 of the data.
F:\code\medical-data-quality-pipeline\src\load\load_to_raw.py - build - 73

[INFO:20] 2026-07-05 15:47:52,436 - 	loaded 483/1082 of the data.
F:\code\medical-data-quality-pipeline\src\load\load_to_raw.py - build - 73

[INFO:20] 2026-07-05 15:47:52,472 - 	loaded 484/1082 of the data.
F:\code\medical-data-quality-pipeline\src\load\load_to_raw.py - build - 73

[INFO:20] 2026-07-05 15:47:52,508 - 	loaded 485/1082 of the data.
F:\code\medical-data-quality-pipeline\src\load\load_to_raw.py - build - 73

[INFO:20] 2026-07-05 15:47:52,542 - 	loaded 486/1082 of the data.
F:\code\medical-data-quality-pipeline\src\load\load_to_raw.py - build - 73

[INFO:20] 2026-07-05 15:47:52,578 - 	loaded 487/1082 of the data.
F:\code\medical-data-quality-pipeline\src\load\load_to_raw.py - build - 73

[INFO:20] 2026-07-05 15:47:52,616 - 	loaded 488/1082 of the data.
F:\code\medical-data-quality-pipeline\src\load\load_to_raw.py - build - 73

[INFO:20] 2026-07-05 15:47:52,650 - 	loaded 489/1082 of the data.
F:\code\medical-data-quality-pipeline\src\load\load_to_raw.py - build - 73

[INFO:20] 2026-07-05 15:47:52,684 - 	loaded 490/1082 of the data.
F:\code\medical-data-quality-pipeline\src\load\load_to_raw.py - build - 73

[INFO:20] 2026-07-05 15:47:52,721 - 	loaded 491/1082 of the data.
F:\code\medical-data-quality-pipeline\src\load\load_to_raw.py - build - 73

[INFO:20] 2026-07-05 15:47:52,755 - 	loaded 492/1082 of the data.
F:\code\medical-data-quality-pipeline\src\load\load_to_raw.py - build - 73

[INFO:20] 2026-07-05 15:47:52,792 - 	loaded 493/1082 of the data.
F:\code\medical-data-quality-pipeline\src\load\load_to_raw.py - build - 73

[INFO:20] 2026-07-05 15:47:52,827 - 	loaded 494/1082 of the data.
F:\code\medical-data-quality-pipeline\src\load\load_to_raw.py - build - 73

[INFO:20] 2026-07-05 15:47:52,860 - 	loaded 495/1082 of the data.
F:\code\medical-data-quality-pipeline\src\load\load_to_raw.py - build - 73

[INFO:20] 2026-07-05 15:47:52,895 - 	loaded 496/1082 of the data.
F:\code\medical-data-quality-pipeline\src\load\load_to_raw.py - build - 73

[INFO:20] 2026-07-05 15:47:52,934 - 	loaded 497/1082 of the data.
F:\code\medical-data-quality-pipeline\src\load\load_to_raw.py - build - 73

[INFO:20] 2026-07-05 15:47:53,075 - 	loaded 498/1082 of the data.
F:\code\medical-data-quality-pipeline\src\load\load_to_raw.py - build - 73

[INFO:20] 2026-07-05 15:47:53,245 - 	loaded 499/1082 of the data.
F:\code\medical-data-quality-pipeline\src\load\load_to_raw.py - build - 73

[INFO:20] 2026-07-05 15:47:53,286 - 	loaded 500/1082 of the data.
F:\code\medical-data-quality-pipeline\src\load\load_to_raw.py - build - 73

[INFO:20] 2026-07-05 15:47:53,320 - 	loaded 501/1082 of the data.
F:\code\medical-data-quality-pipeline\src\load\load_to_raw.py - build - 73

[INFO:20] 2026-07-05 15:47:53,355 - 	loaded 502/1082 of the data.
F:\code\medical-data-quality-pipeline\src\load\load_to_raw.py - build - 73

[INFO:20] 2026-07-05 15:47:53,392 - 	loaded 503/1082 of the data.
F:\code\medical-data-quality-pipeline\src\load\load_to_raw.py - build - 73

[INFO:20] 2026-07-05 15:47:53,422 - 	loaded 504/1082 of the data.
F:\code\medical-data-quality-pipeline\src\load\load_to_raw.py - build - 73

[INFO:20] 2026-07-05 15:47:53,558 - 	loaded 505/1082 of the data.
F:\code\medical-data-quality-pipeline\src\load\load_to_raw.py - build - 73

[INFO:20] 2026-07-05 15:47:53,600 - 	loaded 506/1082 of the data.
F:\code\medical-data-quality-pipeline\src\load\load_to_raw.py - build - 73

[INFO:20] 2026-07-05 15:47:53,633 - 	loaded 507/1082 of the data.
F:\code\medical-data-quality-pipeline\src\load\load_to_raw.py - build - 73

[INFO:20] 2026-07-05 15:47:53,666 - 	loaded 508/1082 of the data.
F:\code\medical-data-quality-pipeline\src\load\load_to_raw.py - build - 73

[INFO:20] 2026-07-05 15:47:53,700 - 	loaded 509/1082 of the data.
F:\code\medical-data-quality-pipeline\src\load\load_to_raw.py - build - 73

[INFO:20] 2026-07-05 15:47:53,732 - 	loaded 510/1082 of the data.
F:\code\medical-data-quality-pipeline\src\load\load_to_raw.py - build - 73

[INFO:20] 2026-07-05 15:47:53,768 - 	loaded 511/1082 of the data.
F:\code\medical-data-quality-pipeline\src\load\load_to_raw.py - build - 73

[INFO:20] 2026-07-05 15:47:53,805 - 	loaded 512/1082 of the data.
F:\code\medical-data-quality-pipeline\src\load\load_to_raw.py - build - 73

[INFO:20] 2026-07-05 15:47:53,987 - 	loaded 513/1082 of the data.
F:\code\medical-data-quality-pipeline\src\load\load_to_raw.py - build - 73

[INFO:20] 2026-07-05 15:47:54,026 - 	loaded 514/1082 of the data.
F:\code\medical-data-quality-pipeline\src\load\load_to_raw.py - build - 73

[INFO:20] 2026-07-05 15:47:54,060 - 	loaded 515/1082 of the data.
F:\code\medical-data-quality-pipeline\src\load\load_to_raw.py - build - 73

[INFO:20] 2026-07-05 15:47:54,094 - 	loaded 516/1082 of the data.
F:\code\medical-data-quality-pipeline\src\load\load_to_raw.py - build - 73

[INFO:20] 2026-07-05 15:47:54,129 - 	loaded 517/1082 of the data.
F:\code\medical-data-quality-pipeline\src\load\load_to_raw.py - build - 73

[INFO:20] 2026-07-05 15:47:54,163 - 	loaded 518/1082 of the data.
F:\code\medical-data-quality-pipeline\src\load\load_to_raw.py - build - 73

[INFO:20] 2026-07-05 15:47:54,197 - 	loaded 519/1082 of the data.
F:\code\medical-data-quality-pipeline\src\load\load_to_raw.py - build - 73

[INFO:20] 2026-07-05 15:47:54,341 - 	loaded 520/1082 of the data.
F:\code\medical-data-quality-pipeline\src\load\load_to_raw.py - build - 73

[INFO:20] 2026-07-05 15:47:54,381 - 	loaded 521/1082 of the data.
F:\code\medical-data-quality-pipeline\src\load\load_to_raw.py - build - 73

[INFO:20] 2026-07-05 15:47:54,415 - 	loaded 522/1082 of the data.
F:\code\medical-data-quality-pipeline\src\load\load_to_raw.py - build - 73

[INFO:20] 2026-07-05 15:47:54,466 - 	loaded 523/1082 of the data.
F:\code\medical-data-quality-pipeline\src\load\load_to_raw.py - build - 73

[INFO:20] 2026-07-05 15:47:54,500 - 	loaded 524/1082 of the data.
F:\code\medical-data-quality-pipeline\src\load\load_to_raw.py - build - 73

[INFO:20] 2026-07-05 15:47:54,534 - 	loaded 525/1082 of the data.
F:\code\medical-data-quality-pipeline\src\load\load_to_raw.py - build - 73

[INFO:20] 2026-07-05 15:47:54,572 - 	loaded 526/1082 of the data.
F:\code\medical-data-quality-pipeline\src\load\load_to_raw.py - build - 73

[INFO:20] 2026-07-05 15:47:54,607 - 	loaded 527/1082 of the data.
F:\code\medical-data-quality-pipeline\src\load\load_to_raw.py - build - 73

[INFO:20] 2026-07-05 15:47:54,644 - 	loaded 528/1082 of the data.
F:\code\medical-data-quality-pipeline\src\load\load_to_raw.py - build - 73

[INFO:20] 2026-07-05 15:47:54,684 - 	loaded 529/1082 of the data.
F:\code\medical-data-quality-pipeline\src\load\load_to_raw.py - build - 73

[INFO:20] 2026-07-05 15:47:54,719 - 	loaded 530/1082 of the data.
F:\code\medical-data-quality-pipeline\src\load\load_to_raw.py - build - 73

[INFO:20] 2026-07-05 15:47:54,754 - 	loaded 531/1082 of the data.
F:\code\medical-data-quality-pipeline\src\load\load_to_raw.py - build - 73

[INFO:20] 2026-07-05 15:47:54,794 - 	loaded 532/1082 of the data.
F:\code\medical-data-quality-pipeline\src\load\load_to_raw.py - build - 73

[INFO:20] 2026-07-05 15:47:54,832 - 	loaded 533/1082 of the data.
F:\code\medical-data-quality-pipeline\src\load\load_to_raw.py - build - 73

[INFO:20] 2026-07-05 15:47:54,871 - 	loaded 534/1082 of the data.
F:\code\medical-data-quality-pipeline\src\load\load_to_raw.py - build - 73

[INFO:20] 2026-07-05 15:47:54,912 - 	loaded 535/1082 of the data.
F:\code\medical-data-quality-pipeline\src\load\load_to_raw.py - build - 73

[INFO:20] 2026-07-05 15:47:54,948 - 	loaded 536/1082 of the data.
F:\code\medical-data-quality-pipeline\src\load\load_to_raw.py - build - 73

[INFO:20] 2026-07-05 15:47:54,986 - 	loaded 537/1082 of the data.
F:\code\medical-data-quality-pipeline\src\load\load_to_raw.py - build - 73

[INFO:20] 2026-07-05 15:47:55,024 - 	loaded 538/1082 of the data.
F:\code\medical-data-quality-pipeline\src\load\load_to_raw.py - build - 73

[INFO:20] 2026-07-05 15:47:55,059 - 	loaded 539/1082 of the data.
F:\code\medical-data-quality-pipeline\src\load\load_to_raw.py - build - 73

[INFO:20] 2026-07-05 15:47:55,100 - 	loaded 540/1082 of the data.
F:\code\medical-data-quality-pipeline\src\load\load_to_raw.py - build - 73

[INFO:20] 2026-07-05 15:47:55,141 - 	loaded 541/1082 of the data.
F:\code\medical-data-quality-pipeline\src\load\load_to_raw.py - build - 73

[INFO:20] 2026-07-05 15:47:55,180 - 	loaded 542/1082 of the data.
F:\code\medical-data-quality-pipeline\src\load\load_to_raw.py - build - 73

[INFO:20] 2026-07-05 15:47:55,216 - 	loaded 543/1082 of the data.
F:\code\medical-data-quality-pipeline\src\load\load_to_raw.py - build - 73

[INFO:20] 2026-07-05 15:47:55,253 - 	loaded 544/1082 of the data.
F:\code\medical-data-quality-pipeline\src\load\load_to_raw.py - build - 73

[INFO:20] 2026-07-05 15:47:55,295 - 	loaded 545/1082 of the data.
F:\code\medical-data-quality-pipeline\src\load\load_to_raw.py - build - 73

[INFO:20] 2026-07-05 15:47:55,333 - 	loaded 546/1082 of the data.
F:\code\medical-data-quality-pipeline\src\load\load_to_raw.py - build - 73

[INFO:20] 2026-07-05 15:47:55,372 - 	loaded 547/1082 of the data.
F:\code\medical-data-quality-pipeline\src\load\load_to_raw.py - build - 73

[INFO:20] 2026-07-05 15:47:55,408 - 	loaded 548/1082 of the data.
F:\code\medical-data-quality-pipeline\src\load\load_to_raw.py - build - 73

[INFO:20] 2026-07-05 15:47:55,442 - 	loaded 549/1082 of the data.
F:\code\medical-data-quality-pipeline\src\load\load_to_raw.py - build - 73

[INFO:20] 2026-07-05 15:47:55,478 - 	loaded 550/1082 of the data.
F:\code\medical-data-quality-pipeline\src\load\load_to_raw.py - build - 73

[INFO:20] 2026-07-05 15:47:55,514 - 	loaded 551/1082 of the data.
F:\code\medical-data-quality-pipeline\src\load\load_to_raw.py - build - 73

[INFO:20] 2026-07-05 15:47:55,550 - 	loaded 552/1082 of the data.
F:\code\medical-data-quality-pipeline\src\load\load_to_raw.py - build - 73

[INFO:20] 2026-07-05 15:47:55,589 - 	loaded 553/1082 of the data.
F:\code\medical-data-quality-pipeline\src\load\load_to_raw.py - build - 73

[INFO:20] 2026-07-05 15:47:55,623 - 	loaded 554/1082 of the data.
F:\code\medical-data-quality-pipeline\src\load\load_to_raw.py - build - 73

[INFO:20] 2026-07-05 15:47:55,659 - 	loaded 555/1082 of the data.
F:\code\medical-data-quality-pipeline\src\load\load_to_raw.py - build - 73

[INFO:20] 2026-07-05 15:47:55,695 - 	loaded 556/1082 of the data.
F:\code\medical-data-quality-pipeline\src\load\load_to_raw.py - build - 73

[INFO:20] 2026-07-05 15:47:55,729 - 	loaded 557/1082 of the data.
F:\code\medical-data-quality-pipeline\src\load\load_to_raw.py - build - 73

[INFO:20] 2026-07-05 15:47:55,765 - 	loaded 558/1082 of the data.
F:\code\medical-data-quality-pipeline\src\load\load_to_raw.py - build - 73

[INFO:20] 2026-07-05 15:47:55,804 - 	loaded 559/1082 of the data.
F:\code\medical-data-quality-pipeline\src\load\load_to_raw.py - build - 73

[INFO:20] 2026-07-05 15:47:55,840 - 	loaded 560/1082 of the data.
F:\code\medical-data-quality-pipeline\src\load\load_to_raw.py - build - 73

[INFO:20] 2026-07-05 15:47:55,874 - 	loaded 561/1082 of the data.
F:\code\medical-data-quality-pipeline\src\load\load_to_raw.py - build - 73

[INFO:20] 2026-07-05 15:47:55,909 - 	loaded 562/1082 of the data.
F:\code\medical-data-quality-pipeline\src\load\load_to_raw.py - build - 73

[INFO:20] 2026-07-05 15:47:55,943 - 	loaded 563/1082 of the data.
F:\code\medical-data-quality-pipeline\src\load\load_to_raw.py - build - 73

[INFO:20] 2026-07-05 15:47:55,996 - 	loaded 564/1082 of the data.
F:\code\medical-data-quality-pipeline\src\load\load_to_raw.py - build - 73

[INFO:20] 2026-07-05 15:47:56,035 - 	loaded 565/1082 of the data.
F:\code\medical-data-quality-pipeline\src\load\load_to_raw.py - build - 73

[INFO:20] 2026-07-05 15:47:56,070 - 	loaded 566/1082 of the data.
F:\code\medical-data-quality-pipeline\src\load\load_to_raw.py - build - 73

[INFO:20] 2026-07-05 15:47:56,104 - 	loaded 567/1082 of the data.
F:\code\medical-data-quality-pipeline\src\load\load_to_raw.py - build - 73

[INFO:20] 2026-07-05 15:47:56,136 - 	loaded 568/1082 of the data.
F:\code\medical-data-quality-pipeline\src\load\load_to_raw.py - build - 73

[INFO:20] 2026-07-05 15:47:56,170 - 	loaded 569/1082 of the data.
F:\code\medical-data-quality-pipeline\src\load\load_to_raw.py - build - 73

[INFO:20] 2026-07-05 15:47:56,205 - 	loaded 570/1082 of the data.
F:\code\medical-data-quality-pipeline\src\load\load_to_raw.py - build - 73

[INFO:20] 2026-07-05 15:47:56,240 - 	loaded 571/1082 of the data.
F:\code\medical-data-quality-pipeline\src\load\load_to_raw.py - build - 73

[INFO:20] 2026-07-05 15:47:56,274 - 	loaded 572/1082 of the data.
F:\code\medical-data-quality-pipeline\src\load\load_to_raw.py - build - 73

[INFO:20] 2026-07-05 15:47:56,306 - 	loaded 573/1082 of the data.
F:\code\medical-data-quality-pipeline\src\load\load_to_raw.py - build - 73

[INFO:20] 2026-07-05 15:47:56,338 - 	loaded 574/1082 of the data.
F:\code\medical-data-quality-pipeline\src\load\load_to_raw.py - build - 73

[INFO:20] 2026-07-05 15:47:56,369 - 	loaded 575/1082 of the data.
F:\code\medical-data-quality-pipeline\src\load\load_to_raw.py - build - 73

[INFO:20] 2026-07-05 15:47:56,404 - 	loaded 576/1082 of the data.
F:\code\medical-data-quality-pipeline\src\load\load_to_raw.py - build - 73

[INFO:20] 2026-07-05 15:47:56,442 - 	loaded 577/1082 of the data.
F:\code\medical-data-quality-pipeline\src\load\load_to_raw.py - build - 73

[INFO:20] 2026-07-05 15:47:56,479 - 	loaded 578/1082 of the data.
F:\code\medical-data-quality-pipeline\src\load\load_to_raw.py - build - 73

[INFO:20] 2026-07-05 15:47:56,521 - 	loaded 579/1082 of the data.
F:\code\medical-data-quality-pipeline\src\load\load_to_raw.py - build - 73

[INFO:20] 2026-07-05 15:47:56,557 - 	loaded 580/1082 of the data.
F:\code\medical-data-quality-pipeline\src\load\load_to_raw.py - build - 73

[INFO:20] 2026-07-05 15:47:56,593 - 	loaded 581/1082 of the data.
F:\code\medical-data-quality-pipeline\src\load\load_to_raw.py - build - 73

[INFO:20] 2026-07-05 15:47:56,626 - 	loaded 582/1082 of the data.
F:\code\medical-data-quality-pipeline\src\load\load_to_raw.py - build - 73

[INFO:20] 2026-07-05 15:47:56,663 - 	loaded 583/1082 of the data.
F:\code\medical-data-quality-pipeline\src\load\load_to_raw.py - build - 73

[INFO:20] 2026-07-05 15:47:56,699 - 	loaded 584/1082 of the data.
F:\code\medical-data-quality-pipeline\src\load\load_to_raw.py - build - 73

[INFO:20] 2026-07-05 15:47:56,733 - 	loaded 585/1082 of the data.
F:\code\medical-data-quality-pipeline\src\load\load_to_raw.py - build - 73

[INFO:20] 2026-07-05 15:47:56,872 - 	loaded 586/1082 of the data.
F:\code\medical-data-quality-pipeline\src\load\load_to_raw.py - build - 73

[INFO:20] 2026-07-05 15:47:57,030 - 	loaded 587/1082 of the data.
F:\code\medical-data-quality-pipeline\src\load\load_to_raw.py - build - 73

[INFO:20] 2026-07-05 15:47:57,063 - 	loaded 588/1082 of the data.
F:\code\medical-data-quality-pipeline\src\load\load_to_raw.py - build - 73

[INFO:20] 2026-07-05 15:47:57,098 - 	loaded 589/1082 of the data.
F:\code\medical-data-quality-pipeline\src\load\load_to_raw.py - build - 73

[INFO:20] 2026-07-05 15:47:57,138 - 	loaded 590/1082 of the data.
F:\code\medical-data-quality-pipeline\src\load\load_to_raw.py - build - 73

[INFO:20] 2026-07-05 15:47:57,173 - 	loaded 591/1082 of the data.
F:\code\medical-data-quality-pipeline\src\load\load_to_raw.py - build - 73

[INFO:20] 2026-07-05 15:47:57,208 - 	loaded 592/1082 of the data.
F:\code\medical-data-quality-pipeline\src\load\load_to_raw.py - build - 73

[INFO:20] 2026-07-05 15:47:57,241 - 	loaded 593/1082 of the data.
F:\code\medical-data-quality-pipeline\src\load\load_to_raw.py - build - 73

[INFO:20] 2026-07-05 15:47:57,272 - 	loaded 594/1082 of the data.
F:\code\medical-data-quality-pipeline\src\load\load_to_raw.py - build - 73

[INFO:20] 2026-07-05 15:47:57,427 - 	loaded 595/1082 of the data.
F:\code\medical-data-quality-pipeline\src\load\load_to_raw.py - build - 73

[INFO:20] 2026-07-05 15:47:57,468 - 	loaded 596/1082 of the data.
F:\code\medical-data-quality-pipeline\src\load\load_to_raw.py - build - 73

[INFO:20] 2026-07-05 15:47:57,500 - 	loaded 597/1082 of the data.
F:\code\medical-data-quality-pipeline\src\load\load_to_raw.py - build - 73

[INFO:20] 2026-07-05 15:47:57,534 - 	loaded 598/1082 of the data.
F:\code\medical-data-quality-pipeline\src\load\load_to_raw.py - build - 73

[INFO:20] 2026-07-05 15:47:57,571 - 	loaded 599/1082 of the data.
F:\code\medical-data-quality-pipeline\src\load\load_to_raw.py - build - 73

[INFO:20] 2026-07-05 15:47:57,604 - 	loaded 600/1082 of the data.
F:\code\medical-data-quality-pipeline\src\load\load_to_raw.py - build - 73

[INFO:20] 2026-07-05 15:47:57,638 - 	loaded 601/1082 of the data.
F:\code\medical-data-quality-pipeline\src\load\load_to_raw.py - build - 73

[INFO:20] 2026-07-05 15:47:57,679 - 	loaded 602/1082 of the data.
F:\code\medical-data-quality-pipeline\src\load\load_to_raw.py - build - 73

[INFO:20] 2026-07-05 15:47:57,716 - 	loaded 603/1082 of the data.
F:\code\medical-data-quality-pipeline\src\load\load_to_raw.py - build - 73

[INFO:20] 2026-07-05 15:47:57,750 - 	loaded 604/1082 of the data.
F:\code\medical-data-quality-pipeline\src\load\load_to_raw.py - build - 73

[INFO:20] 2026-07-05 15:47:57,905 - 	loaded 605/1082 of the data.
F:\code\medical-data-quality-pipeline\src\load\load_to_raw.py - build - 73

[INFO:20] 2026-07-05 15:47:57,948 - 	loaded 606/1082 of the data.
F:\code\medical-data-quality-pipeline\src\load\load_to_raw.py - build - 73

[INFO:20] 2026-07-05 15:47:57,985 - 	loaded 607/1082 of the data.
F:\code\medical-data-quality-pipeline\src\load\load_to_raw.py - build - 73

[INFO:20] 2026-07-05 15:47:58,025 - 	loaded 608/1082 of the data.
F:\code\medical-data-quality-pipeline\src\load\load_to_raw.py - build - 73

[INFO:20] 2026-07-05 15:47:58,068 - 	loaded 609/1082 of the data.
F:\code\medical-data-quality-pipeline\src\load\load_to_raw.py - build - 73

[INFO:20] 2026-07-05 15:47:58,104 - 	loaded 610/1082 of the data.
F:\code\medical-data-quality-pipeline\src\load\load_to_raw.py - build - 73

[INFO:20] 2026-07-05 15:47:58,142 - 	loaded 611/1082 of the data.
F:\code\medical-data-quality-pipeline\src\load\load_to_raw.py - build - 73

[INFO:20] 2026-07-05 15:47:58,179 - 	loaded 612/1082 of the data.
F:\code\medical-data-quality-pipeline\src\load\load_to_raw.py - build - 73

[INFO:20] 2026-07-05 15:47:58,212 - 	loaded 613/1082 of the data.
F:\code\medical-data-quality-pipeline\src\load\load_to_raw.py - build - 73

[INFO:20] 2026-07-05 15:47:58,246 - 	loaded 614/1082 of the data.
F:\code\medical-data-quality-pipeline\src\load\load_to_raw.py - build - 73

[INFO:20] 2026-07-05 15:47:58,282 - 	loaded 615/1082 of the data.
F:\code\medical-data-quality-pipeline\src\load\load_to_raw.py - build - 73

[INFO:20] 2026-07-05 15:47:58,316 - 	loaded 616/1082 of the data.
F:\code\medical-data-quality-pipeline\src\load\load_to_raw.py - build - 73

[INFO:20] 2026-07-05 15:47:58,358 - 	loaded 617/1082 of the data.
F:\code\medical-data-quality-pipeline\src\load\load_to_raw.py - build - 73

[INFO:20] 2026-07-05 15:47:58,394 - 	loaded 618/1082 of the data.
F:\code\medical-data-quality-pipeline\src\load\load_to_raw.py - build - 73

[INFO:20] 2026-07-05 15:47:58,428 - 	loaded 619/1082 of the data.
F:\code\medical-data-quality-pipeline\src\load\load_to_raw.py - build - 73

[INFO:20] 2026-07-05 15:47:58,464 - 	loaded 620/1082 of the data.
F:\code\medical-data-quality-pipeline\src\load\load_to_raw.py - build - 73

[INFO:20] 2026-07-05 15:47:58,500 - 	loaded 621/1082 of the data.
F:\code\medical-data-quality-pipeline\src\load\load_to_raw.py - build - 73

[INFO:20] 2026-07-05 15:47:58,539 - 	loaded 622/1082 of the data.
F:\code\medical-data-quality-pipeline\src\load\load_to_raw.py - build - 73

[INFO:20] 2026-07-05 15:47:58,576 - 	loaded 623/1082 of the data.
F:\code\medical-data-quality-pipeline\src\load\load_to_raw.py - build - 73

[INFO:20] 2026-07-05 15:47:58,613 - 	loaded 624/1082 of the data.
F:\code\medical-data-quality-pipeline\src\load\load_to_raw.py - build - 73

[INFO:20] 2026-07-05 15:47:58,783 - 	loaded 625/1082 of the data.
F:\code\medical-data-quality-pipeline\src\load\load_to_raw.py - build - 73

[INFO:20] 2026-07-05 15:47:58,832 - 	loaded 626/1082 of the data.
F:\code\medical-data-quality-pipeline\src\load\load_to_raw.py - build - 73

[INFO:20] 2026-07-05 15:47:58,975 - 	loaded 627/1082 of the data.
F:\code\medical-data-quality-pipeline\src\load\load_to_raw.py - build - 73

[INFO:20] 2026-07-05 15:47:59,116 - 	loaded 628/1082 of the data.
F:\code\medical-data-quality-pipeline\src\load\load_to_raw.py - build - 73

[INFO:20] 2026-07-05 15:47:59,164 - 	loaded 629/1082 of the data.
F:\code\medical-data-quality-pipeline\src\load\load_to_raw.py - build - 73

[INFO:20] 2026-07-05 15:47:59,201 - 	loaded 630/1082 of the data.
F:\code\medical-data-quality-pipeline\src\load\load_to_raw.py - build - 73

[INFO:20] 2026-07-05 15:47:59,366 - 	loaded 631/1082 of the data.
F:\code\medical-data-quality-pipeline\src\load\load_to_raw.py - build - 73

[INFO:20] 2026-07-05 15:47:59,399 - 	loaded 632/1082 of the data.
F:\code\medical-data-quality-pipeline\src\load\load_to_raw.py - build - 73

[INFO:20] 2026-07-05 15:47:59,549 - 	loaded 633/1082 of the data.
F:\code\medical-data-quality-pipeline\src\load\load_to_raw.py - build - 73

[INFO:20] 2026-07-05 15:47:59,703 - 	loaded 634/1082 of the data.
F:\code\medical-data-quality-pipeline\src\load\load_to_raw.py - build - 73

[INFO:20] 2026-07-05 15:47:59,740 - 	loaded 635/1082 of the data.
F:\code\medical-data-quality-pipeline\src\load\load_to_raw.py - build - 73

[INFO:20] 2026-07-05 15:47:59,775 - 	loaded 636/1082 of the data.
F:\code\medical-data-quality-pipeline\src\load\load_to_raw.py - build - 73

[INFO:20] 2026-07-05 15:47:59,811 - 	loaded 637/1082 of the data.
F:\code\medical-data-quality-pipeline\src\load\load_to_raw.py - build - 73

[INFO:20] 2026-07-05 15:47:59,849 - 	loaded 638/1082 of the data.
F:\code\medical-data-quality-pipeline\src\load\load_to_raw.py - build - 73

[INFO:20] 2026-07-05 15:47:59,881 - 	loaded 639/1082 of the data.
F:\code\medical-data-quality-pipeline\src\load\load_to_raw.py - build - 73

[INFO:20] 2026-07-05 15:47:59,914 - 	loaded 640/1082 of the data.
F:\code\medical-data-quality-pipeline\src\load\load_to_raw.py - build - 73

[INFO:20] 2026-07-05 15:47:59,950 - 	loaded 641/1082 of the data.
F:\code\medical-data-quality-pipeline\src\load\load_to_raw.py - build - 73

[INFO:20] 2026-07-05 15:47:59,985 - 	loaded 642/1082 of the data.
F:\code\medical-data-quality-pipeline\src\load\load_to_raw.py - build - 73

[INFO:20] 2026-07-05 15:48:00,022 - 	loaded 643/1082 of the data.
F:\code\medical-data-quality-pipeline\src\load\load_to_raw.py - build - 73

[INFO:20] 2026-07-05 15:48:00,058 - 	loaded 644/1082 of the data.
F:\code\medical-data-quality-pipeline\src\load\load_to_raw.py - build - 73

[INFO:20] 2026-07-05 15:48:00,096 - 	loaded 645/1082 of the data.
F:\code\medical-data-quality-pipeline\src\load\load_to_raw.py - build - 73

[INFO:20] 2026-07-05 15:48:00,140 - 	loaded 646/1082 of the data.
F:\code\medical-data-quality-pipeline\src\load\load_to_raw.py - build - 73

[INFO:20] 2026-07-05 15:48:00,177 - 	loaded 647/1082 of the data.
F:\code\medical-data-quality-pipeline\src\load\load_to_raw.py - build - 73

[INFO:20] 2026-07-05 15:48:00,210 - 	loaded 648/1082 of the data.
F:\code\medical-data-quality-pipeline\src\load\load_to_raw.py - build - 73

[INFO:20] 2026-07-05 15:48:00,342 - 	loaded 649/1082 of the data.
F:\code\medical-data-quality-pipeline\src\load\load_to_raw.py - build - 73

[INFO:20] 2026-07-05 15:48:00,382 - 	loaded 650/1082 of the data.
F:\code\medical-data-quality-pipeline\src\load\load_to_raw.py - build - 73

[INFO:20] 2026-07-05 15:48:00,416 - 	loaded 651/1082 of the data.
F:\code\medical-data-quality-pipeline\src\load\load_to_raw.py - build - 73

[INFO:20] 2026-07-05 15:48:00,451 - 	loaded 652/1082 of the data.
F:\code\medical-data-quality-pipeline\src\load\load_to_raw.py - build - 73

[INFO:20] 2026-07-05 15:48:00,488 - 	loaded 653/1082 of the data.
F:\code\medical-data-quality-pipeline\src\load\load_to_raw.py - build - 73

[INFO:20] 2026-07-05 15:48:00,521 - 	loaded 654/1082 of the data.
F:\code\medical-data-quality-pipeline\src\load\load_to_raw.py - build - 73

[INFO:20] 2026-07-05 15:48:00,563 - 	loaded 655/1082 of the data.
F:\code\medical-data-quality-pipeline\src\load\load_to_raw.py - build - 73

[INFO:20] 2026-07-05 15:48:00,602 - 	loaded 656/1082 of the data.
F:\code\medical-data-quality-pipeline\src\load\load_to_raw.py - build - 73

[INFO:20] 2026-07-05 15:48:00,636 - 	loaded 657/1082 of the data.
F:\code\medical-data-quality-pipeline\src\load\load_to_raw.py - build - 73

[INFO:20] 2026-07-05 15:48:00,810 - 	loaded 658/1082 of the data.
F:\code\medical-data-quality-pipeline\src\load\load_to_raw.py - build - 73

[INFO:20] 2026-07-05 15:48:00,844 - 	loaded 659/1082 of the data.
F:\code\medical-data-quality-pipeline\src\load\load_to_raw.py - build - 73

[INFO:20] 2026-07-05 15:48:00,879 - 	loaded 660/1082 of the data.
F:\code\medical-data-quality-pipeline\src\load\load_to_raw.py - build - 73

[INFO:20] 2026-07-05 15:48:00,914 - 	loaded 661/1082 of the data.
F:\code\medical-data-quality-pipeline\src\load\load_to_raw.py - build - 73

[INFO:20] 2026-07-05 15:48:00,950 - 	loaded 662/1082 of the data.
F:\code\medical-data-quality-pipeline\src\load\load_to_raw.py - build - 73

[INFO:20] 2026-07-05 15:48:00,984 - 	loaded 663/1082 of the data.
F:\code\medical-data-quality-pipeline\src\load\load_to_raw.py - build - 73

[INFO:20] 2026-07-05 15:48:01,150 - 	loaded 664/1082 of the data.
F:\code\medical-data-quality-pipeline\src\load\load_to_raw.py - build - 73

[INFO:20] 2026-07-05 15:48:01,187 - 	loaded 665/1082 of the data.
F:\code\medical-data-quality-pipeline\src\load\load_to_raw.py - build - 73

[INFO:20] 2026-07-05 15:48:01,328 - 	loaded 666/1082 of the data.
F:\code\medical-data-quality-pipeline\src\load\load_to_raw.py - build - 73

[INFO:20] 2026-07-05 15:48:01,365 - 	loaded 667/1082 of the data.
F:\code\medical-data-quality-pipeline\src\load\load_to_raw.py - build - 73

[INFO:20] 2026-07-05 15:48:01,403 - 	loaded 668/1082 of the data.
F:\code\medical-data-quality-pipeline\src\load\load_to_raw.py - build - 73

[INFO:20] 2026-07-05 15:48:01,433 - 	loaded 669/1082 of the data.
F:\code\medical-data-quality-pipeline\src\load\load_to_raw.py - build - 73

[INFO:20] 2026-07-05 15:48:01,470 - 	loaded 670/1082 of the data.
F:\code\medical-data-quality-pipeline\src\load\load_to_raw.py - build - 73

[INFO:20] 2026-07-05 15:48:01,523 - 	loaded 671/1082 of the data.
F:\code\medical-data-quality-pipeline\src\load\load_to_raw.py - build - 73

[INFO:20] 2026-07-05 15:48:01,562 - 	loaded 672/1082 of the data.
F:\code\medical-data-quality-pipeline\src\load\load_to_raw.py - build - 73

[INFO:20] 2026-07-05 15:48:01,604 - 	loaded 673/1082 of the data.
F:\code\medical-data-quality-pipeline\src\load\load_to_raw.py - build - 73

[INFO:20] 2026-07-05 15:48:01,641 - 	loaded 674/1082 of the data.
F:\code\medical-data-quality-pipeline\src\load\load_to_raw.py - build - 73

[INFO:20] 2026-07-05 15:48:01,672 - 	loaded 675/1082 of the data.
F:\code\medical-data-quality-pipeline\src\load\load_to_raw.py - build - 73

[INFO:20] 2026-07-05 15:48:01,704 - 	loaded 676/1082 of the data.
F:\code\medical-data-quality-pipeline\src\load\load_to_raw.py - build - 73

[INFO:20] 2026-07-05 15:48:01,735 - 	loaded 677/1082 of the data.
F:\code\medical-data-quality-pipeline\src\load\load_to_raw.py - build - 73

[INFO:20] 2026-07-05 15:48:01,768 - 	loaded 678/1082 of the data.
F:\code\medical-data-quality-pipeline\src\load\load_to_raw.py - build - 73

[INFO:20] 2026-07-05 15:48:01,802 - 	loaded 679/1082 of the data.
F:\code\medical-data-quality-pipeline\src\load\load_to_raw.py - build - 73

[INFO:20] 2026-07-05 15:48:01,841 - 	loaded 680/1082 of the data.
F:\code\medical-data-quality-pipeline\src\load\load_to_raw.py - build - 73

[INFO:20] 2026-07-05 15:48:01,998 - 	loaded 681/1082 of the data.
F:\code\medical-data-quality-pipeline\src\load\load_to_raw.py - build - 73

[INFO:20] 2026-07-05 15:48:02,047 - 	loaded 682/1082 of the data.
F:\code\medical-data-quality-pipeline\src\load\load_to_raw.py - build - 73

[INFO:20] 2026-07-05 15:48:02,095 - 	loaded 683/1082 of the data.
F:\code\medical-data-quality-pipeline\src\load\load_to_raw.py - build - 73

[INFO:20] 2026-07-05 15:48:02,131 - 	loaded 684/1082 of the data.
F:\code\medical-data-quality-pipeline\src\load\load_to_raw.py - build - 73

[INFO:20] 2026-07-05 15:48:02,163 - 	loaded 685/1082 of the data.
F:\code\medical-data-quality-pipeline\src\load\load_to_raw.py - build - 73

[INFO:20] 2026-07-05 15:48:02,194 - 	loaded 686/1082 of the data.
F:\code\medical-data-quality-pipeline\src\load\load_to_raw.py - build - 73

[INFO:20] 2026-07-05 15:48:02,337 - 	loaded 687/1082 of the data.
F:\code\medical-data-quality-pipeline\src\load\load_to_raw.py - build - 73

[INFO:20] 2026-07-05 15:48:02,371 - 	loaded 688/1082 of the data.
F:\code\medical-data-quality-pipeline\src\load\load_to_raw.py - build - 73

[INFO:20] 2026-07-05 15:48:02,404 - 	loaded 689/1082 of the data.
F:\code\medical-data-quality-pipeline\src\load\load_to_raw.py - build - 73

[INFO:20] 2026-07-05 15:48:02,438 - 	loaded 690/1082 of the data.
F:\code\medical-data-quality-pipeline\src\load\load_to_raw.py - build - 73

[INFO:20] 2026-07-05 15:48:02,470 - 	loaded 691/1082 of the data.
F:\code\medical-data-quality-pipeline\src\load\load_to_raw.py - build - 73

[INFO:20] 2026-07-05 15:48:02,503 - 	loaded 692/1082 of the data.
F:\code\medical-data-quality-pipeline\src\load\load_to_raw.py - build - 73

[INFO:20] 2026-07-05 15:48:02,535 - 	loaded 693/1082 of the data.
F:\code\medical-data-quality-pipeline\src\load\load_to_raw.py - build - 73

[INFO:20] 2026-07-05 15:48:02,573 - 	loaded 694/1082 of the data.
F:\code\medical-data-quality-pipeline\src\load\load_to_raw.py - build - 73

[INFO:20] 2026-07-05 15:48:02,610 - 	loaded 695/1082 of the data.
F:\code\medical-data-quality-pipeline\src\load\load_to_raw.py - build - 73

[INFO:20] 2026-07-05 15:48:02,643 - 	loaded 696/1082 of the data.
F:\code\medical-data-quality-pipeline\src\load\load_to_raw.py - build - 73

[INFO:20] 2026-07-05 15:48:02,799 - 	loaded 697/1082 of the data.
F:\code\medical-data-quality-pipeline\src\load\load_to_raw.py - build - 73

[INFO:20] 2026-07-05 15:48:02,853 - 	loaded 698/1082 of the data.
F:\code\medical-data-quality-pipeline\src\load\load_to_raw.py - build - 73

[INFO:20] 2026-07-05 15:48:02,889 - 	loaded 699/1082 of the data.
F:\code\medical-data-quality-pipeline\src\load\load_to_raw.py - build - 73

[INFO:20] 2026-07-05 15:48:03,047 - 	loaded 700/1082 of the data.
F:\code\medical-data-quality-pipeline\src\load\load_to_raw.py - build - 73

[INFO:20] 2026-07-05 15:48:03,079 - 	loaded 701/1082 of the data.
F:\code\medical-data-quality-pipeline\src\load\load_to_raw.py - build - 73

[INFO:20] 2026-07-05 15:48:03,114 - 	loaded 702/1082 of the data.
F:\code\medical-data-quality-pipeline\src\load\load_to_raw.py - build - 73

[INFO:20] 2026-07-05 15:48:03,146 - 	loaded 703/1082 of the data.
F:\code\medical-data-quality-pipeline\src\load\load_to_raw.py - build - 73

[INFO:20] 2026-07-05 15:48:03,181 - 	loaded 704/1082 of the data.
F:\code\medical-data-quality-pipeline\src\load\load_to_raw.py - build - 73

[INFO:20] 2026-07-05 15:48:03,214 - 	loaded 705/1082 of the data.
F:\code\medical-data-quality-pipeline\src\load\load_to_raw.py - build - 73

[INFO:20] 2026-07-05 15:48:03,368 - 	loaded 706/1082 of the data.
F:\code\medical-data-quality-pipeline\src\load\load_to_raw.py - build - 73

[INFO:20] 2026-07-05 15:48:03,405 - 	loaded 707/1082 of the data.
F:\code\medical-data-quality-pipeline\src\load\load_to_raw.py - build - 73

[INFO:20] 2026-07-05 15:48:03,437 - 	loaded 708/1082 of the data.
F:\code\medical-data-quality-pipeline\src\load\load_to_raw.py - build - 73

[INFO:20] 2026-07-05 15:48:03,470 - 	loaded 709/1082 of the data.
F:\code\medical-data-quality-pipeline\src\load\load_to_raw.py - build - 73

[INFO:20] 2026-07-05 15:48:03,503 - 	loaded 710/1082 of the data.
F:\code\medical-data-quality-pipeline\src\load\load_to_raw.py - build - 73

[INFO:20] 2026-07-05 15:48:03,541 - 	loaded 711/1082 of the data.
F:\code\medical-data-quality-pipeline\src\load\load_to_raw.py - build - 73

[INFO:20] 2026-07-05 15:48:03,576 - 	loaded 712/1082 of the data.
F:\code\medical-data-quality-pipeline\src\load\load_to_raw.py - build - 73

[INFO:20] 2026-07-05 15:48:03,719 - 	loaded 713/1082 of the data.
F:\code\medical-data-quality-pipeline\src\load\load_to_raw.py - build - 73

[INFO:20] 2026-07-05 15:48:03,753 - 	loaded 714/1082 of the data.
F:\code\medical-data-quality-pipeline\src\load\load_to_raw.py - build - 73

[INFO:20] 2026-07-05 15:48:03,785 - 	loaded 715/1082 of the data.
F:\code\medical-data-quality-pipeline\src\load\load_to_raw.py - build - 73

[INFO:20] 2026-07-05 15:48:03,820 - 	loaded 716/1082 of the data.
F:\code\medical-data-quality-pipeline\src\load\load_to_raw.py - build - 73

[INFO:20] 2026-07-05 15:48:03,853 - 	loaded 717/1082 of the data.
F:\code\medical-data-quality-pipeline\src\load\load_to_raw.py - build - 73

[INFO:20] 2026-07-05 15:48:03,996 - 	loaded 718/1082 of the data.
F:\code\medical-data-quality-pipeline\src\load\load_to_raw.py - build - 73

[INFO:20] 2026-07-05 15:48:04,144 - 	loaded 719/1082 of the data.
F:\code\medical-data-quality-pipeline\src\load\load_to_raw.py - build - 73

[INFO:20] 2026-07-05 15:48:04,186 - 	loaded 720/1082 of the data.
F:\code\medical-data-quality-pipeline\src\load\load_to_raw.py - build - 73

[INFO:20] 2026-07-05 15:48:04,328 - 	loaded 721/1082 of the data.
F:\code\medical-data-quality-pipeline\src\load\load_to_raw.py - build - 73

[INFO:20] 2026-07-05 15:48:04,360 - 	loaded 722/1082 of the data.
F:\code\medical-data-quality-pipeline\src\load\load_to_raw.py - build - 73

[INFO:20] 2026-07-05 15:48:04,399 - 	loaded 723/1082 of the data.
F:\code\medical-data-quality-pipeline\src\load\load_to_raw.py - build - 73

[INFO:20] 2026-07-05 15:48:04,437 - 	loaded 724/1082 of the data.
F:\code\medical-data-quality-pipeline\src\load\load_to_raw.py - build - 73

[INFO:20] 2026-07-05 15:48:04,480 - 	loaded 725/1082 of the data.
F:\code\medical-data-quality-pipeline\src\load\load_to_raw.py - build - 73

[INFO:20] 2026-07-05 15:48:04,517 - 	loaded 726/1082 of the data.
F:\code\medical-data-quality-pipeline\src\load\load_to_raw.py - build - 73

[INFO:20] 2026-07-05 15:48:04,554 - 	loaded 727/1082 of the data.
F:\code\medical-data-quality-pipeline\src\load\load_to_raw.py - build - 73

[INFO:20] 2026-07-05 15:48:04,592 - 	loaded 728/1082 of the data.
F:\code\medical-data-quality-pipeline\src\load\load_to_raw.py - build - 73

[INFO:20] 2026-07-05 15:48:04,626 - 	loaded 729/1082 of the data.
F:\code\medical-data-quality-pipeline\src\load\load_to_raw.py - build - 73

[INFO:20] 2026-07-05 15:48:04,660 - 	loaded 730/1082 of the data.
F:\code\medical-data-quality-pipeline\src\load\load_to_raw.py - build - 73

[INFO:20] 2026-07-05 15:48:04,692 - 	loaded 731/1082 of the data.
F:\code\medical-data-quality-pipeline\src\load\load_to_raw.py - build - 73

[INFO:20] 2026-07-05 15:48:04,727 - 	loaded 732/1082 of the data.
F:\code\medical-data-quality-pipeline\src\load\load_to_raw.py - build - 73

[INFO:20] 2026-07-05 15:48:04,761 - 	loaded 733/1082 of the data.
F:\code\medical-data-quality-pipeline\src\load\load_to_raw.py - build - 73

[INFO:20] 2026-07-05 15:48:04,798 - 	loaded 734/1082 of the data.
F:\code\medical-data-quality-pipeline\src\load\load_to_raw.py - build - 73

[INFO:20] 2026-07-05 15:48:04,836 - 	loaded 735/1082 of the data.
F:\code\medical-data-quality-pipeline\src\load\load_to_raw.py - build - 73

[INFO:20] 2026-07-05 15:48:04,873 - 	loaded 736/1082 of the data.
F:\code\medical-data-quality-pipeline\src\load\load_to_raw.py - build - 73

[INFO:20] 2026-07-05 15:48:04,908 - 	loaded 737/1082 of the data.
F:\code\medical-data-quality-pipeline\src\load\load_to_raw.py - build - 73

[INFO:20] 2026-07-05 15:48:04,943 - 	loaded 738/1082 of the data.
F:\code\medical-data-quality-pipeline\src\load\load_to_raw.py - build - 73

[INFO:20] 2026-07-05 15:48:04,980 - 	loaded 739/1082 of the data.
F:\code\medical-data-quality-pipeline\src\load\load_to_raw.py - build - 73

[INFO:20] 2026-07-05 15:48:05,016 - 	loaded 740/1082 of the data.
F:\code\medical-data-quality-pipeline\src\load\load_to_raw.py - build - 73

[INFO:20] 2026-07-05 15:48:05,049 - 	loaded 741/1082 of the data.
F:\code\medical-data-quality-pipeline\src\load\load_to_raw.py - build - 73

[INFO:20] 2026-07-05 15:48:05,081 - 	loaded 742/1082 of the data.
F:\code\medical-data-quality-pipeline\src\load\load_to_raw.py - build - 73

[INFO:20] 2026-07-05 15:48:05,115 - 	loaded 743/1082 of the data.
F:\code\medical-data-quality-pipeline\src\load\load_to_raw.py - build - 73

[INFO:20] 2026-07-05 15:48:05,251 - 	loaded 744/1082 of the data.
F:\code\medical-data-quality-pipeline\src\load\load_to_raw.py - build - 73

[INFO:20] 2026-07-05 15:48:05,290 - 	loaded 745/1082 of the data.
F:\code\medical-data-quality-pipeline\src\load\load_to_raw.py - build - 73

[INFO:20] 2026-07-05 15:48:05,322 - 	loaded 746/1082 of the data.
F:\code\medical-data-quality-pipeline\src\load\load_to_raw.py - build - 73

[INFO:20] 2026-07-05 15:48:05,354 - 	loaded 747/1082 of the data.
F:\code\medical-data-quality-pipeline\src\load\load_to_raw.py - build - 73

[INFO:20] 2026-07-05 15:48:05,385 - 	loaded 748/1082 of the data.
F:\code\medical-data-quality-pipeline\src\load\load_to_raw.py - build - 73

[INFO:20] 2026-07-05 15:48:05,543 - 	loaded 749/1082 of the data.
F:\code\medical-data-quality-pipeline\src\load\load_to_raw.py - build - 73

[INFO:20] 2026-07-05 15:48:05,585 - 	loaded 750/1082 of the data.
F:\code\medical-data-quality-pipeline\src\load\load_to_raw.py - build - 73

[INFO:20] 2026-07-05 15:48:05,621 - 	loaded 751/1082 of the data.
F:\code\medical-data-quality-pipeline\src\load\load_to_raw.py - build - 73

[INFO:20] 2026-07-05 15:48:05,654 - 	loaded 752/1082 of the data.
F:\code\medical-data-quality-pipeline\src\load\load_to_raw.py - build - 73

[INFO:20] 2026-07-05 15:48:05,687 - 	loaded 753/1082 of the data.
F:\code\medical-data-quality-pipeline\src\load\load_to_raw.py - build - 73

[INFO:20] 2026-07-05 15:48:05,721 - 	loaded 754/1082 of the data.
F:\code\medical-data-quality-pipeline\src\load\load_to_raw.py - build - 73

[INFO:20] 2026-07-05 15:48:05,755 - 	loaded 755/1082 of the data.
F:\code\medical-data-quality-pipeline\src\load\load_to_raw.py - build - 73

[INFO:20] 2026-07-05 15:48:05,792 - 	loaded 756/1082 of the data.
F:\code\medical-data-quality-pipeline\src\load\load_to_raw.py - build - 73

[INFO:20] 2026-07-05 15:48:05,825 - 	loaded 757/1082 of the data.
F:\code\medical-data-quality-pipeline\src\load\load_to_raw.py - build - 73

[INFO:20] 2026-07-05 15:48:05,862 - 	loaded 758/1082 of the data.
F:\code\medical-data-quality-pipeline\src\load\load_to_raw.py - build - 73

[INFO:20] 2026-07-05 15:48:05,898 - 	loaded 759/1082 of the data.
F:\code\medical-data-quality-pipeline\src\load\load_to_raw.py - build - 73

[INFO:20] 2026-07-05 15:48:05,930 - 	loaded 760/1082 of the data.
F:\code\medical-data-quality-pipeline\src\load\load_to_raw.py - build - 73

[INFO:20] 2026-07-05 15:48:06,078 - 	loaded 761/1082 of the data.
F:\code\medical-data-quality-pipeline\src\load\load_to_raw.py - build - 73

[INFO:20] 2026-07-05 15:48:06,115 - 	loaded 762/1082 of the data.
F:\code\medical-data-quality-pipeline\src\load\load_to_raw.py - build - 73

[INFO:20] 2026-07-05 15:48:06,146 - 	loaded 763/1082 of the data.
F:\code\medical-data-quality-pipeline\src\load\load_to_raw.py - build - 73

[INFO:20] 2026-07-05 15:48:06,178 - 	loaded 764/1082 of the data.
F:\code\medical-data-quality-pipeline\src\load\load_to_raw.py - build - 73

[INFO:20] 2026-07-05 15:48:06,211 - 	loaded 765/1082 of the data.
F:\code\medical-data-quality-pipeline\src\load\load_to_raw.py - build - 73

[INFO:20] 2026-07-05 15:48:06,245 - 	loaded 766/1082 of the data.
F:\code\medical-data-quality-pipeline\src\load\load_to_raw.py - build - 73

[INFO:20] 2026-07-05 15:48:06,393 - 	loaded 767/1082 of the data.
F:\code\medical-data-quality-pipeline\src\load\load_to_raw.py - build - 73

[INFO:20] 2026-07-05 15:48:06,427 - 	loaded 768/1082 of the data.
F:\code\medical-data-quality-pipeline\src\load\load_to_raw.py - build - 73

[INFO:20] 2026-07-05 15:48:06,459 - 	loaded 769/1082 of the data.
F:\code\medical-data-quality-pipeline\src\load\load_to_raw.py - build - 73

[INFO:20] 2026-07-05 15:48:06,494 - 	loaded 770/1082 of the data.
F:\code\medical-data-quality-pipeline\src\load\load_to_raw.py - build - 73

[INFO:20] 2026-07-05 15:48:06,528 - 	loaded 771/1082 of the data.
F:\code\medical-data-quality-pipeline\src\load\load_to_raw.py - build - 73

[INFO:20] 2026-07-05 15:48:06,563 - 	loaded 772/1082 of the data.
F:\code\medical-data-quality-pipeline\src\load\load_to_raw.py - build - 73

[INFO:20] 2026-07-05 15:48:06,599 - 	loaded 773/1082 of the data.
F:\code\medical-data-quality-pipeline\src\load\load_to_raw.py - build - 73

[INFO:20] 2026-07-05 15:48:06,750 - 	loaded 774/1082 of the data.
F:\code\medical-data-quality-pipeline\src\load\load_to_raw.py - build - 73

[INFO:20] 2026-07-05 15:48:06,783 - 	loaded 775/1082 of the data.
F:\code\medical-data-quality-pipeline\src\load\load_to_raw.py - build - 73

[INFO:20] 2026-07-05 15:48:06,816 - 	loaded 776/1082 of the data.
F:\code\medical-data-quality-pipeline\src\load\load_to_raw.py - build - 73

[INFO:20] 2026-07-05 15:48:06,852 - 	loaded 777/1082 of the data.
F:\code\medical-data-quality-pipeline\src\load\load_to_raw.py - build - 73

[INFO:20] 2026-07-05 15:48:06,886 - 	loaded 778/1082 of the data.
F:\code\medical-data-quality-pipeline\src\load\load_to_raw.py - build - 73

[INFO:20] 2026-07-05 15:48:06,917 - 	loaded 779/1082 of the data.
F:\code\medical-data-quality-pipeline\src\load\load_to_raw.py - build - 73

[INFO:20] 2026-07-05 15:48:06,949 - 	loaded 780/1082 of the data.
F:\code\medical-data-quality-pipeline\src\load\load_to_raw.py - build - 73

[INFO:20] 2026-07-05 15:48:06,983 - 	loaded 781/1082 of the data.
F:\code\medical-data-quality-pipeline\src\load\load_to_raw.py - build - 73

[INFO:20] 2026-07-05 15:48:07,015 - 	loaded 782/1082 of the data.
F:\code\medical-data-quality-pipeline\src\load\load_to_raw.py - build - 73

[INFO:20] 2026-07-05 15:48:07,052 - 	loaded 783/1082 of the data.
F:\code\medical-data-quality-pipeline\src\load\load_to_raw.py - build - 73

[INFO:20] 2026-07-05 15:48:07,088 - 	loaded 784/1082 of the data.
F:\code\medical-data-quality-pipeline\src\load\load_to_raw.py - build - 73

[INFO:20] 2026-07-05 15:48:07,120 - 	loaded 785/1082 of the data.
F:\code\medical-data-quality-pipeline\src\load\load_to_raw.py - build - 73

[INFO:20] 2026-07-05 15:48:07,157 - 	loaded 786/1082 of the data.
F:\code\medical-data-quality-pipeline\src\load\load_to_raw.py - build - 73

[INFO:20] 2026-07-05 15:48:07,193 - 	loaded 787/1082 of the data.
F:\code\medical-data-quality-pipeline\src\load\load_to_raw.py - build - 73

[INFO:20] 2026-07-05 15:48:07,227 - 	loaded 788/1082 of the data.
F:\code\medical-data-quality-pipeline\src\load\load_to_raw.py - build - 73

[INFO:20] 2026-07-05 15:48:07,261 - 	loaded 789/1082 of the data.
F:\code\medical-data-quality-pipeline\src\load\load_to_raw.py - build - 73

[INFO:20] 2026-07-05 15:48:07,298 - 	loaded 790/1082 of the data.
F:\code\medical-data-quality-pipeline\src\load\load_to_raw.py - build - 73

[INFO:20] 2026-07-05 15:48:07,332 - 	loaded 791/1082 of the data.
F:\code\medical-data-quality-pipeline\src\load\load_to_raw.py - build - 73

[INFO:20] 2026-07-05 15:48:07,365 - 	loaded 792/1082 of the data.
F:\code\medical-data-quality-pipeline\src\load\load_to_raw.py - build - 73

[INFO:20] 2026-07-05 15:48:07,400 - 	loaded 793/1082 of the data.
F:\code\medical-data-quality-pipeline\src\load\load_to_raw.py - build - 73

[INFO:20] 2026-07-05 15:48:07,534 - 	loaded 794/1082 of the data.
F:\code\medical-data-quality-pipeline\src\load\load_to_raw.py - build - 73

[INFO:20] 2026-07-05 15:48:07,567 - 	loaded 795/1082 of the data.
F:\code\medical-data-quality-pipeline\src\load\load_to_raw.py - build - 73

[INFO:20] 2026-07-05 15:48:07,600 - 	loaded 796/1082 of the data.
F:\code\medical-data-quality-pipeline\src\load\load_to_raw.py - build - 73

[INFO:20] 2026-07-05 15:48:07,633 - 	loaded 797/1082 of the data.
F:\code\medical-data-quality-pipeline\src\load\load_to_raw.py - build - 73

[INFO:20] 2026-07-05 15:48:07,670 - 	loaded 798/1082 of the data.
F:\code\medical-data-quality-pipeline\src\load\load_to_raw.py - build - 73

[INFO:20] 2026-07-05 15:48:07,704 - 	loaded 799/1082 of the data.
F:\code\medical-data-quality-pipeline\src\load\load_to_raw.py - build - 73

[INFO:20] 2026-07-05 15:48:07,738 - 	loaded 800/1082 of the data.
F:\code\medical-data-quality-pipeline\src\load\load_to_raw.py - build - 73

[INFO:20] 2026-07-05 15:48:07,776 - 	loaded 801/1082 of the data.
F:\code\medical-data-quality-pipeline\src\load\load_to_raw.py - build - 73

[INFO:20] 2026-07-05 15:48:07,813 - 	loaded 802/1082 of the data.
F:\code\medical-data-quality-pipeline\src\load\load_to_raw.py - build - 73

[INFO:20] 2026-07-05 15:48:07,846 - 	loaded 803/1082 of the data.
F:\code\medical-data-quality-pipeline\src\load\load_to_raw.py - build - 73

[INFO:20] 2026-07-05 15:48:07,880 - 	loaded 804/1082 of the data.
F:\code\medical-data-quality-pipeline\src\load\load_to_raw.py - build - 73

[INFO:20] 2026-07-05 15:48:07,915 - 	loaded 805/1082 of the data.
F:\code\medical-data-quality-pipeline\src\load\load_to_raw.py - build - 73

[INFO:20] 2026-07-05 15:48:07,949 - 	loaded 806/1082 of the data.
F:\code\medical-data-quality-pipeline\src\load\load_to_raw.py - build - 73

[INFO:20] 2026-07-05 15:48:07,985 - 	loaded 807/1082 of the data.
F:\code\medical-data-quality-pipeline\src\load\load_to_raw.py - build - 73

[INFO:20] 2026-07-05 15:48:08,021 - 	loaded 808/1082 of the data.
F:\code\medical-data-quality-pipeline\src\load\load_to_raw.py - build - 73

[INFO:20] 2026-07-05 15:48:08,055 - 	loaded 809/1082 of the data.
F:\code\medical-data-quality-pipeline\src\load\load_to_raw.py - build - 73

[INFO:20] 2026-07-05 15:48:08,090 - 	loaded 810/1082 of the data.
F:\code\medical-data-quality-pipeline\src\load\load_to_raw.py - build - 73

[INFO:20] 2026-07-05 15:48:08,124 - 	loaded 811/1082 of the data.
F:\code\medical-data-quality-pipeline\src\load\load_to_raw.py - build - 73

[INFO:20] 2026-07-05 15:48:08,159 - 	loaded 812/1082 of the data.
F:\code\medical-data-quality-pipeline\src\load\load_to_raw.py - build - 73

[INFO:20] 2026-07-05 15:48:08,196 - 	loaded 813/1082 of the data.
F:\code\medical-data-quality-pipeline\src\load\load_to_raw.py - build - 73

[INFO:20] 2026-07-05 15:48:08,230 - 	loaded 814/1082 of the data.
F:\code\medical-data-quality-pipeline\src\load\load_to_raw.py - build - 73

[INFO:20] 2026-07-05 15:48:08,265 - 	loaded 815/1082 of the data.
F:\code\medical-data-quality-pipeline\src\load\load_to_raw.py - build - 73

[INFO:20] 2026-07-05 15:48:08,299 - 	loaded 816/1082 of the data.
F:\code\medical-data-quality-pipeline\src\load\load_to_raw.py - build - 73

[INFO:20] 2026-07-05 15:48:08,334 - 	loaded 817/1082 of the data.
F:\code\medical-data-quality-pipeline\src\load\load_to_raw.py - build - 73

[INFO:20] 2026-07-05 15:48:08,368 - 	loaded 818/1082 of the data.
F:\code\medical-data-quality-pipeline\src\load\load_to_raw.py - build - 73

[INFO:20] 2026-07-05 15:48:08,406 - 	loaded 819/1082 of the data.
F:\code\medical-data-quality-pipeline\src\load\load_to_raw.py - build - 73

[INFO:20] 2026-07-05 15:48:08,441 - 	loaded 820/1082 of the data.
F:\code\medical-data-quality-pipeline\src\load\load_to_raw.py - build - 73

[INFO:20] 2026-07-05 15:48:08,474 - 	loaded 821/1082 of the data.
F:\code\medical-data-quality-pipeline\src\load\load_to_raw.py - build - 73

[INFO:20] 2026-07-05 15:48:08,506 - 	loaded 822/1082 of the data.
F:\code\medical-data-quality-pipeline\src\load\load_to_raw.py - build - 73

[INFO:20] 2026-07-05 15:48:08,539 - 	loaded 823/1082 of the data.
F:\code\medical-data-quality-pipeline\src\load\load_to_raw.py - build - 73

[INFO:20] 2026-07-05 15:48:08,589 - 	loaded 824/1082 of the data.
F:\code\medical-data-quality-pipeline\src\load\load_to_raw.py - build - 73

[INFO:20] 2026-07-05 15:48:08,625 - 	loaded 825/1082 of the data.
F:\code\medical-data-quality-pipeline\src\load\load_to_raw.py - build - 73

[INFO:20] 2026-07-05 15:48:08,661 - 	loaded 826/1082 of the data.
F:\code\medical-data-quality-pipeline\src\load\load_to_raw.py - build - 73

[INFO:20] 2026-07-05 15:48:08,695 - 	loaded 827/1082 of the data.
F:\code\medical-data-quality-pipeline\src\load\load_to_raw.py - build - 73

[INFO:20] 2026-07-05 15:48:08,730 - 	loaded 828/1082 of the data.
F:\code\medical-data-quality-pipeline\src\load\load_to_raw.py - build - 73

[INFO:20] 2026-07-05 15:48:08,766 - 	loaded 829/1082 of the data.
F:\code\medical-data-quality-pipeline\src\load\load_to_raw.py - build - 73

[INFO:20] 2026-07-05 15:48:08,918 - 	loaded 830/1082 of the data.
F:\code\medical-data-quality-pipeline\src\load\load_to_raw.py - build - 73

[INFO:20] 2026-07-05 15:48:08,956 - 	loaded 831/1082 of the data.
F:\code\medical-data-quality-pipeline\src\load\load_to_raw.py - build - 73

[INFO:20] 2026-07-05 15:48:08,990 - 	loaded 832/1082 of the data.
F:\code\medical-data-quality-pipeline\src\load\load_to_raw.py - build - 73

[INFO:20] 2026-07-05 15:48:09,025 - 	loaded 833/1082 of the data.
F:\code\medical-data-quality-pipeline\src\load\load_to_raw.py - build - 73

[INFO:20] 2026-07-05 15:48:09,059 - 	loaded 834/1082 of the data.
F:\code\medical-data-quality-pipeline\src\load\load_to_raw.py - build - 73

[INFO:20] 2026-07-05 15:48:09,095 - 	loaded 835/1082 of the data.
F:\code\medical-data-quality-pipeline\src\load\load_to_raw.py - build - 73

[INFO:20] 2026-07-05 15:48:09,130 - 	loaded 836/1082 of the data.
F:\code\medical-data-quality-pipeline\src\load\load_to_raw.py - build - 73

[INFO:20] 2026-07-05 15:48:09,169 - 	loaded 837/1082 of the data.
F:\code\medical-data-quality-pipeline\src\load\load_to_raw.py - build - 73

[INFO:20] 2026-07-05 15:48:09,203 - 	loaded 838/1082 of the data.
F:\code\medical-data-quality-pipeline\src\load\load_to_raw.py - build - 73

[INFO:20] 2026-07-05 15:48:09,358 - 	loaded 839/1082 of the data.
F:\code\medical-data-quality-pipeline\src\load\load_to_raw.py - build - 73

[INFO:20] 2026-07-05 15:48:09,393 - 	loaded 840/1082 of the data.
F:\code\medical-data-quality-pipeline\src\load\load_to_raw.py - build - 73

[INFO:20] 2026-07-05 15:48:09,433 - 	loaded 841/1082 of the data.
F:\code\medical-data-quality-pipeline\src\load\load_to_raw.py - build - 73

[INFO:20] 2026-07-05 15:48:09,464 - 	loaded 842/1082 of the data.
F:\code\medical-data-quality-pipeline\src\load\load_to_raw.py - build - 73

[INFO:20] 2026-07-05 15:48:09,500 - 	loaded 843/1082 of the data.
F:\code\medical-data-quality-pipeline\src\load\load_to_raw.py - build - 73

[INFO:20] 2026-07-05 15:48:09,534 - 	loaded 844/1082 of the data.
F:\code\medical-data-quality-pipeline\src\load\load_to_raw.py - build - 73

[INFO:20] 2026-07-05 15:48:09,568 - 	loaded 845/1082 of the data.
F:\code\medical-data-quality-pipeline\src\load\load_to_raw.py - build - 73

[INFO:20] 2026-07-05 15:48:09,604 - 	loaded 846/1082 of the data.
F:\code\medical-data-quality-pipeline\src\load\load_to_raw.py - build - 73

[INFO:20] 2026-07-05 15:48:09,640 - 	loaded 847/1082 of the data.
F:\code\medical-data-quality-pipeline\src\load\load_to_raw.py - build - 73

[INFO:20] 2026-07-05 15:48:09,675 - 	loaded 848/1082 of the data.
F:\code\medical-data-quality-pipeline\src\load\load_to_raw.py - build - 73

[INFO:20] 2026-07-05 15:48:09,711 - 	loaded 849/1082 of the data.
F:\code\medical-data-quality-pipeline\src\load\load_to_raw.py - build - 73

[INFO:20] 2026-07-05 15:48:09,745 - 	loaded 850/1082 of the data.
F:\code\medical-data-quality-pipeline\src\load\load_to_raw.py - build - 73

[INFO:20] 2026-07-05 15:48:09,780 - 	loaded 851/1082 of the data.
F:\code\medical-data-quality-pipeline\src\load\load_to_raw.py - build - 73

[INFO:20] 2026-07-05 15:48:09,817 - 	loaded 852/1082 of the data.
F:\code\medical-data-quality-pipeline\src\load\load_to_raw.py - build - 73

[INFO:20] 2026-07-05 15:48:09,853 - 	loaded 853/1082 of the data.
F:\code\medical-data-quality-pipeline\src\load\load_to_raw.py - build - 73

[INFO:20] 2026-07-05 15:48:09,887 - 	loaded 854/1082 of the data.
F:\code\medical-data-quality-pipeline\src\load\load_to_raw.py - build - 73

[INFO:20] 2026-07-05 15:48:09,921 - 	loaded 855/1082 of the data.
F:\code\medical-data-quality-pipeline\src\load\load_to_raw.py - build - 73

[INFO:20] 2026-07-05 15:48:10,055 - 	loaded 856/1082 of the data.
F:\code\medical-data-quality-pipeline\src\load\load_to_raw.py - build - 73

[INFO:20] 2026-07-05 15:48:10,087 - 	loaded 857/1082 of the data.
F:\code\medical-data-quality-pipeline\src\load\load_to_raw.py - build - 73

[INFO:20] 2026-07-05 15:48:10,122 - 	loaded 858/1082 of the data.
F:\code\medical-data-quality-pipeline\src\load\load_to_raw.py - build - 73

[INFO:20] 2026-07-05 15:48:10,156 - 	loaded 859/1082 of the data.
F:\code\medical-data-quality-pipeline\src\load\load_to_raw.py - build - 73

[INFO:20] 2026-07-05 15:48:10,188 - 	loaded 860/1082 of the data.
F:\code\medical-data-quality-pipeline\src\load\load_to_raw.py - build - 73

[INFO:20] 2026-07-05 15:48:10,221 - 	loaded 861/1082 of the data.
F:\code\medical-data-quality-pipeline\src\load\load_to_raw.py - build - 73

[INFO:20] 2026-07-05 15:48:10,254 - 	loaded 862/1082 of the data.
F:\code\medical-data-quality-pipeline\src\load\load_to_raw.py - build - 73

[INFO:20] 2026-07-05 15:48:10,291 - 	loaded 863/1082 of the data.
F:\code\medical-data-quality-pipeline\src\load\load_to_raw.py - build - 73

[INFO:20] 2026-07-05 15:48:10,494 - 	loaded 864/1082 of the data.
F:\code\medical-data-quality-pipeline\src\load\load_to_raw.py - build - 73

[INFO:20] 2026-07-05 15:48:10,534 - 	loaded 865/1082 of the data.
F:\code\medical-data-quality-pipeline\src\load\load_to_raw.py - build - 73

[INFO:20] 2026-07-05 15:48:10,567 - 	loaded 866/1082 of the data.
F:\code\medical-data-quality-pipeline\src\load\load_to_raw.py - build - 73

[INFO:20] 2026-07-05 15:48:10,601 - 	loaded 867/1082 of the data.
F:\code\medical-data-quality-pipeline\src\load\load_to_raw.py - build - 73

[INFO:20] 2026-07-05 15:48:10,633 - 	loaded 868/1082 of the data.
F:\code\medical-data-quality-pipeline\src\load\load_to_raw.py - build - 73

[INFO:20] 2026-07-05 15:48:10,668 - 	loaded 869/1082 of the data.
F:\code\medical-data-quality-pipeline\src\load\load_to_raw.py - build - 73

[INFO:20] 2026-07-05 15:48:10,807 - 	loaded 870/1082 of the data.
F:\code\medical-data-quality-pipeline\src\load\load_to_raw.py - build - 73

[INFO:20] 2026-07-05 15:48:10,839 - 	loaded 871/1082 of the data.
F:\code\medical-data-quality-pipeline\src\load\load_to_raw.py - build - 73

[INFO:20] 2026-07-05 15:48:10,871 - 	loaded 872/1082 of the data.
F:\code\medical-data-quality-pipeline\src\load\load_to_raw.py - build - 73

[INFO:20] 2026-07-05 15:48:10,905 - 	loaded 873/1082 of the data.
F:\code\medical-data-quality-pipeline\src\load\load_to_raw.py - build - 73

[INFO:20] 2026-07-05 15:48:10,938 - 	loaded 874/1082 of the data.
F:\code\medical-data-quality-pipeline\src\load\load_to_raw.py - build - 73

[INFO:20] 2026-07-05 15:48:10,974 - 	loaded 875/1082 of the data.
F:\code\medical-data-quality-pipeline\src\load\load_to_raw.py - build - 73

[INFO:20] 2026-07-05 15:48:11,007 - 	loaded 876/1082 of the data.
F:\code\medical-data-quality-pipeline\src\load\load_to_raw.py - build - 73

[INFO:20] 2026-07-05 15:48:11,046 - 	loaded 877/1082 of the data.
F:\code\medical-data-quality-pipeline\src\load\load_to_raw.py - build - 73

[INFO:20] 2026-07-05 15:48:11,082 - 	loaded 878/1082 of the data.
F:\code\medical-data-quality-pipeline\src\load\load_to_raw.py - build - 73

[INFO:20] 2026-07-05 15:48:11,116 - 	loaded 879/1082 of the data.
F:\code\medical-data-quality-pipeline\src\load\load_to_raw.py - build - 73

[INFO:20] 2026-07-05 15:48:11,150 - 	loaded 880/1082 of the data.
F:\code\medical-data-quality-pipeline\src\load\load_to_raw.py - build - 73

[INFO:20] 2026-07-05 15:48:11,185 - 	loaded 881/1082 of the data.
F:\code\medical-data-quality-pipeline\src\load\load_to_raw.py - build - 73

[INFO:20] 2026-07-05 15:48:11,219 - 	loaded 882/1082 of the data.
F:\code\medical-data-quality-pipeline\src\load\load_to_raw.py - build - 73

[INFO:20] 2026-07-05 15:48:11,256 - 	loaded 883/1082 of the data.
F:\code\medical-data-quality-pipeline\src\load\load_to_raw.py - build - 73

[INFO:20] 2026-07-05 15:48:11,292 - 	loaded 884/1082 of the data.
F:\code\medical-data-quality-pipeline\src\load\load_to_raw.py - build - 73

[INFO:20] 2026-07-05 15:48:11,325 - 	loaded 885/1082 of the data.
F:\code\medical-data-quality-pipeline\src\load\load_to_raw.py - build - 73

[INFO:20] 2026-07-05 15:48:11,358 - 	loaded 886/1082 of the data.
F:\code\medical-data-quality-pipeline\src\load\load_to_raw.py - build - 73

[INFO:20] 2026-07-05 15:48:11,394 - 	loaded 887/1082 of the data.
F:\code\medical-data-quality-pipeline\src\load\load_to_raw.py - build - 73

[INFO:20] 2026-07-05 15:48:11,427 - 	loaded 888/1082 of the data.
F:\code\medical-data-quality-pipeline\src\load\load_to_raw.py - build - 73

[INFO:20] 2026-07-05 15:48:11,466 - 	loaded 889/1082 of the data.
F:\code\medical-data-quality-pipeline\src\load\load_to_raw.py - build - 73

[INFO:20] 2026-07-05 15:48:11,506 - 	loaded 890/1082 of the data.
F:\code\medical-data-quality-pipeline\src\load\load_to_raw.py - build - 73

[INFO:20] 2026-07-05 15:48:11,541 - 	loaded 891/1082 of the data.
F:\code\medical-data-quality-pipeline\src\load\load_to_raw.py - build - 73

[INFO:20] 2026-07-05 15:48:11,575 - 	loaded 892/1082 of the data.
F:\code\medical-data-quality-pipeline\src\load\load_to_raw.py - build - 73

[INFO:20] 2026-07-05 15:48:11,609 - 	loaded 893/1082 of the data.
F:\code\medical-data-quality-pipeline\src\load\load_to_raw.py - build - 73

[INFO:20] 2026-07-05 15:48:11,645 - 	loaded 894/1082 of the data.
F:\code\medical-data-quality-pipeline\src\load\load_to_raw.py - build - 73

[INFO:20] 2026-07-05 15:48:11,683 - 	loaded 895/1082 of the data.
F:\code\medical-data-quality-pipeline\src\load\load_to_raw.py - build - 73

[INFO:20] 2026-07-05 15:48:11,852 - 	loaded 896/1082 of the data.
F:\code\medical-data-quality-pipeline\src\load\load_to_raw.py - build - 73

[INFO:20] 2026-07-05 15:48:11,896 - 	loaded 897/1082 of the data.
F:\code\medical-data-quality-pipeline\src\load\load_to_raw.py - build - 73

[INFO:20] 2026-07-05 15:48:11,928 - 	loaded 898/1082 of the data.
F:\code\medical-data-quality-pipeline\src\load\load_to_raw.py - build - 73

[INFO:20] 2026-07-05 15:48:11,961 - 	loaded 899/1082 of the data.
F:\code\medical-data-quality-pipeline\src\load\load_to_raw.py - build - 73

[INFO:20] 2026-07-05 15:48:11,993 - 	loaded 900/1082 of the data.
F:\code\medical-data-quality-pipeline\src\load\load_to_raw.py - build - 73

[INFO:20] 2026-07-05 15:48:12,026 - 	loaded 901/1082 of the data.
F:\code\medical-data-quality-pipeline\src\load\load_to_raw.py - build - 73

[INFO:20] 2026-07-05 15:48:12,060 - 	loaded 902/1082 of the data.
F:\code\medical-data-quality-pipeline\src\load\load_to_raw.py - build - 73

[INFO:20] 2026-07-05 15:48:12,097 - 	loaded 903/1082 of the data.
F:\code\medical-data-quality-pipeline\src\load\load_to_raw.py - build - 73

[INFO:20] 2026-07-05 15:48:12,133 - 	loaded 904/1082 of the data.
F:\code\medical-data-quality-pipeline\src\load\load_to_raw.py - build - 73

[INFO:20] 2026-07-05 15:48:12,167 - 	loaded 905/1082 of the data.
F:\code\medical-data-quality-pipeline\src\load\load_to_raw.py - build - 73

[INFO:20] 2026-07-05 15:48:12,201 - 	loaded 906/1082 of the data.
F:\code\medical-data-quality-pipeline\src\load\load_to_raw.py - build - 73

[INFO:20] 2026-07-05 15:48:12,232 - 	loaded 907/1082 of the data.
F:\code\medical-data-quality-pipeline\src\load\load_to_raw.py - build - 73

[INFO:20] 2026-07-05 15:48:12,264 - 	loaded 908/1082 of the data.
F:\code\medical-data-quality-pipeline\src\load\load_to_raw.py - build - 73

[INFO:20] 2026-07-05 15:48:12,301 - 	loaded 909/1082 of the data.
F:\code\medical-data-quality-pipeline\src\load\load_to_raw.py - build - 73

[INFO:20] 2026-07-05 15:48:12,338 - 	loaded 910/1082 of the data.
F:\code\medical-data-quality-pipeline\src\load\load_to_raw.py - build - 73

[INFO:20] 2026-07-05 15:48:12,372 - 	loaded 911/1082 of the data.
F:\code\medical-data-quality-pipeline\src\load\load_to_raw.py - build - 73

[INFO:20] 2026-07-05 15:48:12,403 - 	loaded 912/1082 of the data.
F:\code\medical-data-quality-pipeline\src\load\load_to_raw.py - build - 73

[INFO:20] 2026-07-05 15:48:12,547 - 	loaded 913/1082 of the data.
F:\code\medical-data-quality-pipeline\src\load\load_to_raw.py - build - 73

[INFO:20] 2026-07-05 15:48:12,580 - 	loaded 914/1082 of the data.
F:\code\medical-data-quality-pipeline\src\load\load_to_raw.py - build - 73

[INFO:20] 2026-07-05 15:48:12,612 - 	loaded 915/1082 of the data.
F:\code\medical-data-quality-pipeline\src\load\load_to_raw.py - build - 73

[INFO:20] 2026-07-05 15:48:12,645 - 	loaded 916/1082 of the data.
F:\code\medical-data-quality-pipeline\src\load\load_to_raw.py - build - 73

[INFO:20] 2026-07-05 15:48:12,678 - 	loaded 917/1082 of the data.
F:\code\medical-data-quality-pipeline\src\load\load_to_raw.py - build - 73

[INFO:20] 2026-07-05 15:48:12,714 - 	loaded 918/1082 of the data.
F:\code\medical-data-quality-pipeline\src\load\load_to_raw.py - build - 73

[INFO:20] 2026-07-05 15:48:12,748 - 	loaded 919/1082 of the data.
F:\code\medical-data-quality-pipeline\src\load\load_to_raw.py - build - 73

[INFO:20] 2026-07-05 15:48:12,787 - 	loaded 920/1082 of the data.
F:\code\medical-data-quality-pipeline\src\load\load_to_raw.py - build - 73

[INFO:20] 2026-07-05 15:48:12,964 - 	loaded 921/1082 of the data.
F:\code\medical-data-quality-pipeline\src\load\load_to_raw.py - build - 73

[INFO:20] 2026-07-05 15:48:12,996 - 	loaded 922/1082 of the data.
F:\code\medical-data-quality-pipeline\src\load\load_to_raw.py - build - 73

[INFO:20] 2026-07-05 15:48:13,169 - 	loaded 923/1082 of the data.
F:\code\medical-data-quality-pipeline\src\load\load_to_raw.py - build - 73

[INFO:20] 2026-07-05 15:48:13,215 - 	loaded 924/1082 of the data.
F:\code\medical-data-quality-pipeline\src\load\load_to_raw.py - build - 73

[INFO:20] 2026-07-05 15:48:13,366 - 	loaded 925/1082 of the data.
F:\code\medical-data-quality-pipeline\src\load\load_to_raw.py - build - 73

[INFO:20] 2026-07-05 15:48:13,401 - 	loaded 926/1082 of the data.
F:\code\medical-data-quality-pipeline\src\load\load_to_raw.py - build - 73

[INFO:20] 2026-07-05 15:48:13,436 - 	loaded 927/1082 of the data.
F:\code\medical-data-quality-pipeline\src\load\load_to_raw.py - build - 73

[INFO:20] 2026-07-05 15:48:13,469 - 	loaded 928/1082 of the data.
F:\code\medical-data-quality-pipeline\src\load\load_to_raw.py - build - 73

[INFO:20] 2026-07-05 15:48:13,500 - 	loaded 929/1082 of the data.
F:\code\medical-data-quality-pipeline\src\load\load_to_raw.py - build - 73

[INFO:20] 2026-07-05 15:48:13,533 - 	loaded 930/1082 of the data.
F:\code\medical-data-quality-pipeline\src\load\load_to_raw.py - build - 73

[INFO:20] 2026-07-05 15:48:13,570 - 	loaded 931/1082 of the data.
F:\code\medical-data-quality-pipeline\src\load\load_to_raw.py - build - 73

[INFO:20] 2026-07-05 15:48:13,604 - 	loaded 932/1082 of the data.
F:\code\medical-data-quality-pipeline\src\load\load_to_raw.py - build - 73

[INFO:20] 2026-07-05 15:48:13,637 - 	loaded 933/1082 of the data.
F:\code\medical-data-quality-pipeline\src\load\load_to_raw.py - build - 73

[INFO:20] 2026-07-05 15:48:13,672 - 	loaded 934/1082 of the data.
F:\code\medical-data-quality-pipeline\src\load\load_to_raw.py - build - 73

[INFO:20] 2026-07-05 15:48:13,814 - 	loaded 935/1082 of the data.
F:\code\medical-data-quality-pipeline\src\load\load_to_raw.py - build - 73

[INFO:20] 2026-07-05 15:48:13,846 - 	loaded 936/1082 of the data.
F:\code\medical-data-quality-pipeline\src\load\load_to_raw.py - build - 73

[INFO:20] 2026-07-05 15:48:13,879 - 	loaded 937/1082 of the data.
F:\code\medical-data-quality-pipeline\src\load\load_to_raw.py - build - 73

[INFO:20] 2026-07-05 15:48:13,915 - 	loaded 938/1082 of the data.
F:\code\medical-data-quality-pipeline\src\load\load_to_raw.py - build - 73

[INFO:20] 2026-07-05 15:48:13,947 - 	loaded 939/1082 of the data.
F:\code\medical-data-quality-pipeline\src\load\load_to_raw.py - build - 73

[INFO:20] 2026-07-05 15:48:13,980 - 	loaded 940/1082 of the data.
F:\code\medical-data-quality-pipeline\src\load\load_to_raw.py - build - 73

[INFO:20] 2026-07-05 15:48:14,014 - 	loaded 941/1082 of the data.
F:\code\medical-data-quality-pipeline\src\load\load_to_raw.py - build - 73

[INFO:20] 2026-07-05 15:48:14,154 - 	loaded 942/1082 of the data.
F:\code\medical-data-quality-pipeline\src\load\load_to_raw.py - build - 73

[INFO:20] 2026-07-05 15:48:14,188 - 	loaded 943/1082 of the data.
F:\code\medical-data-quality-pipeline\src\load\load_to_raw.py - build - 73

[INFO:20] 2026-07-05 15:48:14,219 - 	loaded 944/1082 of the data.
F:\code\medical-data-quality-pipeline\src\load\load_to_raw.py - build - 73

[INFO:20] 2026-07-05 15:48:14,250 - 	loaded 945/1082 of the data.
F:\code\medical-data-quality-pipeline\src\load\load_to_raw.py - build - 73

[INFO:20] 2026-07-05 15:48:14,283 - 	loaded 946/1082 of the data.
F:\code\medical-data-quality-pipeline\src\load\load_to_raw.py - build - 73

[INFO:20] 2026-07-05 15:48:14,317 - 	loaded 947/1082 of the data.
F:\code\medical-data-quality-pipeline\src\load\load_to_raw.py - build - 73

[INFO:20] 2026-07-05 15:48:14,352 - 	loaded 948/1082 of the data.
F:\code\medical-data-quality-pipeline\src\load\load_to_raw.py - build - 73

[INFO:20] 2026-07-05 15:48:14,386 - 	loaded 949/1082 of the data.
F:\code\medical-data-quality-pipeline\src\load\load_to_raw.py - build - 73

[INFO:20] 2026-07-05 15:48:14,425 - 	loaded 950/1082 of the data.
F:\code\medical-data-quality-pipeline\src\load\load_to_raw.py - build - 73

[INFO:20] 2026-07-05 15:48:14,460 - 	loaded 951/1082 of the data.
F:\code\medical-data-quality-pipeline\src\load\load_to_raw.py - build - 73

[INFO:20] 2026-07-05 15:48:14,495 - 	loaded 952/1082 of the data.
F:\code\medical-data-quality-pipeline\src\load\load_to_raw.py - build - 73

[INFO:20] 2026-07-05 15:48:14,531 - 	loaded 953/1082 of the data.
F:\code\medical-data-quality-pipeline\src\load\load_to_raw.py - build - 73

[INFO:20] 2026-07-05 15:48:14,564 - 	loaded 954/1082 of the data.
F:\code\medical-data-quality-pipeline\src\load\load_to_raw.py - build - 73

[INFO:20] 2026-07-05 15:48:14,602 - 	loaded 955/1082 of the data.
F:\code\medical-data-quality-pipeline\src\load\load_to_raw.py - build - 73

[INFO:20] 2026-07-05 15:48:14,639 - 	loaded 956/1082 of the data.
F:\code\medical-data-quality-pipeline\src\load\load_to_raw.py - build - 73

[INFO:20] 2026-07-05 15:48:14,674 - 	loaded 957/1082 of the data.
F:\code\medical-data-quality-pipeline\src\load\load_to_raw.py - build - 73

[INFO:20] 2026-07-05 15:48:14,706 - 	loaded 958/1082 of the data.
F:\code\medical-data-quality-pipeline\src\load\load_to_raw.py - build - 73

[INFO:20] 2026-07-05 15:48:14,740 - 	loaded 959/1082 of the data.
F:\code\medical-data-quality-pipeline\src\load\load_to_raw.py - build - 73

[INFO:20] 2026-07-05 15:48:14,774 - 	loaded 960/1082 of the data.
F:\code\medical-data-quality-pipeline\src\load\load_to_raw.py - build - 73

[INFO:20] 2026-07-05 15:48:14,924 - 	loaded 961/1082 of the data.
F:\code\medical-data-quality-pipeline\src\load\load_to_raw.py - build - 73

[INFO:20] 2026-07-05 15:48:14,958 - 	loaded 962/1082 of the data.
F:\code\medical-data-quality-pipeline\src\load\load_to_raw.py - build - 73

[INFO:20] 2026-07-05 15:48:14,994 - 	loaded 963/1082 of the data.
F:\code\medical-data-quality-pipeline\src\load\load_to_raw.py - build - 73

[INFO:20] 2026-07-05 15:48:15,027 - 	loaded 964/1082 of the data.
F:\code\medical-data-quality-pipeline\src\load\load_to_raw.py - build - 73

[INFO:20] 2026-07-05 15:48:15,061 - 	loaded 965/1082 of the data.
F:\code\medical-data-quality-pipeline\src\load\load_to_raw.py - build - 73

[INFO:20] 2026-07-05 15:48:15,095 - 	loaded 966/1082 of the data.
F:\code\medical-data-quality-pipeline\src\load\load_to_raw.py - build - 73

[INFO:20] 2026-07-05 15:48:15,131 - 	loaded 967/1082 of the data.
F:\code\medical-data-quality-pipeline\src\load\load_to_raw.py - build - 73

[INFO:20] 2026-07-05 15:48:15,169 - 	loaded 968/1082 of the data.
F:\code\medical-data-quality-pipeline\src\load\load_to_raw.py - build - 73

[INFO:20] 2026-07-05 15:48:15,203 - 	loaded 969/1082 of the data.
F:\code\medical-data-quality-pipeline\src\load\load_to_raw.py - build - 73

[INFO:20] 2026-07-05 15:48:15,237 - 	loaded 970/1082 of the data.
F:\code\medical-data-quality-pipeline\src\load\load_to_raw.py - build - 73

[INFO:20] 2026-07-05 15:48:15,270 - 	loaded 971/1082 of the data.
F:\code\medical-data-quality-pipeline\src\load\load_to_raw.py - build - 73

[INFO:20] 2026-07-05 15:48:15,303 - 	loaded 972/1082 of the data.
F:\code\medical-data-quality-pipeline\src\load\load_to_raw.py - build - 73

[INFO:20] 2026-07-05 15:48:15,337 - 	loaded 973/1082 of the data.
F:\code\medical-data-quality-pipeline\src\load\load_to_raw.py - build - 73

[INFO:20] 2026-07-05 15:48:15,474 - 	loaded 974/1082 of the data.
F:\code\medical-data-quality-pipeline\src\load\load_to_raw.py - build - 73

[INFO:20] 2026-07-05 15:48:15,510 - 	loaded 975/1082 of the data.
F:\code\medical-data-quality-pipeline\src\load\load_to_raw.py - build - 73

[INFO:20] 2026-07-05 15:48:15,544 - 	loaded 976/1082 of the data.
F:\code\medical-data-quality-pipeline\src\load\load_to_raw.py - build - 73

[INFO:20] 2026-07-05 15:48:15,582 - 	loaded 977/1082 of the data.
F:\code\medical-data-quality-pipeline\src\load\load_to_raw.py - build - 73

[INFO:20] 2026-07-05 15:48:15,617 - 	loaded 978/1082 of the data.
F:\code\medical-data-quality-pipeline\src\load\load_to_raw.py - build - 73

[INFO:20] 2026-07-05 15:48:15,650 - 	loaded 979/1082 of the data.
F:\code\medical-data-quality-pipeline\src\load\load_to_raw.py - build - 73

[INFO:20] 2026-07-05 15:48:15,684 - 	loaded 980/1082 of the data.
F:\code\medical-data-quality-pipeline\src\load\load_to_raw.py - build - 73

[INFO:20] 2026-07-05 15:48:15,718 - 	loaded 981/1082 of the data.
F:\code\medical-data-quality-pipeline\src\load\load_to_raw.py - build - 73

[INFO:20] 2026-07-05 15:48:15,753 - 	loaded 982/1082 of the data.
F:\code\medical-data-quality-pipeline\src\load\load_to_raw.py - build - 73

[INFO:20] 2026-07-05 15:48:15,790 - 	loaded 983/1082 of the data.
F:\code\medical-data-quality-pipeline\src\load\load_to_raw.py - build - 73

[INFO:20] 2026-07-05 15:48:15,825 - 	loaded 984/1082 of the data.
F:\code\medical-data-quality-pipeline\src\load\load_to_raw.py - build - 73

[INFO:20] 2026-07-05 15:48:15,859 - 	loaded 985/1082 of the data.
F:\code\medical-data-quality-pipeline\src\load\load_to_raw.py - build - 73

[INFO:20] 2026-07-05 15:48:15,893 - 	loaded 986/1082 of the data.
F:\code\medical-data-quality-pipeline\src\load\load_to_raw.py - build - 73

[INFO:20] 2026-07-05 15:48:15,928 - 	loaded 987/1082 of the data.
F:\code\medical-data-quality-pipeline\src\load\load_to_raw.py - build - 73

[INFO:20] 2026-07-05 15:48:15,964 - 	loaded 988/1082 of the data.
F:\code\medical-data-quality-pipeline\src\load\load_to_raw.py - build - 73

[INFO:20] 2026-07-05 15:48:16,001 - 	loaded 989/1082 of the data.
F:\code\medical-data-quality-pipeline\src\load\load_to_raw.py - build - 73

[INFO:20] 2026-07-05 15:48:16,035 - 	loaded 990/1082 of the data.
F:\code\medical-data-quality-pipeline\src\load\load_to_raw.py - build - 73

[INFO:20] 2026-07-05 15:48:16,070 - 	loaded 991/1082 of the data.
F:\code\medical-data-quality-pipeline\src\load\load_to_raw.py - build - 73

[INFO:20] 2026-07-05 15:48:16,104 - 	loaded 992/1082 of the data.
F:\code\medical-data-quality-pipeline\src\load\load_to_raw.py - build - 73

[INFO:20] 2026-07-05 15:48:16,140 - 	loaded 993/1082 of the data.
F:\code\medical-data-quality-pipeline\src\load\load_to_raw.py - build - 73

[INFO:20] 2026-07-05 15:48:16,176 - 	loaded 994/1082 of the data.
F:\code\medical-data-quality-pipeline\src\load\load_to_raw.py - build - 73

[INFO:20] 2026-07-05 15:48:16,212 - 	loaded 995/1082 of the data.
F:\code\medical-data-quality-pipeline\src\load\load_to_raw.py - build - 73

[INFO:20] 2026-07-05 15:48:16,246 - 	loaded 996/1082 of the data.
F:\code\medical-data-quality-pipeline\src\load\load_to_raw.py - build - 73

[INFO:20] 2026-07-05 15:48:16,420 - 	loaded 997/1082 of the data.
F:\code\medical-data-quality-pipeline\src\load\load_to_raw.py - build - 73

[INFO:20] 2026-07-05 15:48:16,463 - 	loaded 998/1082 of the data.
F:\code\medical-data-quality-pipeline\src\load\load_to_raw.py - build - 73

[INFO:20] 2026-07-05 15:48:16,504 - 	loaded 999/1082 of the data.
F:\code\medical-data-quality-pipeline\src\load\load_to_raw.py - build - 73

[INFO:20] 2026-07-05 15:48:16,540 - 	loaded 1000/1082 of the data.
F:\code\medical-data-quality-pipeline\src\load\load_to_raw.py - build - 73

[INFO:20] 2026-07-05 15:48:16,579 - 	loaded 1001/1082 of the data.
F:\code\medical-data-quality-pipeline\src\load\load_to_raw.py - build - 73

[INFO:20] 2026-07-05 15:48:16,614 - 	loaded 1002/1082 of the data.
F:\code\medical-data-quality-pipeline\src\load\load_to_raw.py - build - 73

[INFO:20] 2026-07-05 15:48:16,649 - 	loaded 1003/1082 of the data.
F:\code\medical-data-quality-pipeline\src\load\load_to_raw.py - build - 73

[INFO:20] 2026-07-05 15:48:16,686 - 	loaded 1004/1082 of the data.
F:\code\medical-data-quality-pipeline\src\load\load_to_raw.py - build - 73

[INFO:20] 2026-07-05 15:48:16,722 - 	loaded 1005/1082 of the data.
F:\code\medical-data-quality-pipeline\src\load\load_to_raw.py - build - 73

[INFO:20] 2026-07-05 15:48:16,756 - 	loaded 1006/1082 of the data.
F:\code\medical-data-quality-pipeline\src\load\load_to_raw.py - build - 73

[INFO:20] 2026-07-05 15:48:16,790 - 	loaded 1007/1082 of the data.
F:\code\medical-data-quality-pipeline\src\load\load_to_raw.py - build - 73

[INFO:20] 2026-07-05 15:48:16,824 - 	loaded 1008/1082 of the data.
F:\code\medical-data-quality-pipeline\src\load\load_to_raw.py - build - 73

[INFO:20] 2026-07-05 15:48:16,857 - 	loaded 1009/1082 of the data.
F:\code\medical-data-quality-pipeline\src\load\load_to_raw.py - build - 73

[INFO:20] 2026-07-05 15:48:16,895 - 	loaded 1010/1082 of the data.
F:\code\medical-data-quality-pipeline\src\load\load_to_raw.py - build - 73

[INFO:20] 2026-07-05 15:48:16,934 - 	loaded 1011/1082 of the data.
F:\code\medical-data-quality-pipeline\src\load\load_to_raw.py - build - 73

[INFO:20] 2026-07-05 15:48:16,967 - 	loaded 1012/1082 of the data.
F:\code\medical-data-quality-pipeline\src\load\load_to_raw.py - build - 73

[INFO:20] 2026-07-05 15:48:17,000 - 	loaded 1013/1082 of the data.
F:\code\medical-data-quality-pipeline\src\load\load_to_raw.py - build - 73

[INFO:20] 2026-07-05 15:48:17,035 - 	loaded 1014/1082 of the data.
F:\code\medical-data-quality-pipeline\src\load\load_to_raw.py - build - 73

[INFO:20] 2026-07-05 15:48:17,068 - 	loaded 1015/1082 of the data.
F:\code\medical-data-quality-pipeline\src\load\load_to_raw.py - build - 73

[INFO:20] 2026-07-05 15:48:17,105 - 	loaded 1016/1082 of the data.
F:\code\medical-data-quality-pipeline\src\load\load_to_raw.py - build - 73

[INFO:20] 2026-07-05 15:48:17,141 - 	loaded 1017/1082 of the data.
F:\code\medical-data-quality-pipeline\src\load\load_to_raw.py - build - 73

[INFO:20] 2026-07-05 15:48:17,175 - 	loaded 1018/1082 of the data.
F:\code\medical-data-quality-pipeline\src\load\load_to_raw.py - build - 73

[INFO:20] 2026-07-05 15:48:17,208 - 	loaded 1019/1082 of the data.
F:\code\medical-data-quality-pipeline\src\load\load_to_raw.py - build - 73

[INFO:20] 2026-07-05 15:48:17,242 - 	loaded 1020/1082 of the data.
F:\code\medical-data-quality-pipeline\src\load\load_to_raw.py - build - 73

[INFO:20] 2026-07-05 15:48:17,276 - 	loaded 1021/1082 of the data.
F:\code\medical-data-quality-pipeline\src\load\load_to_raw.py - build - 73

[INFO:20] 2026-07-05 15:48:17,313 - 	loaded 1022/1082 of the data.
F:\code\medical-data-quality-pipeline\src\load\load_to_raw.py - build - 73

[INFO:20] 2026-07-05 15:48:17,349 - 	loaded 1023/1082 of the data.
F:\code\medical-data-quality-pipeline\src\load\load_to_raw.py - build - 73

[INFO:20] 2026-07-05 15:48:17,382 - 	loaded 1024/1082 of the data.
F:\code\medical-data-quality-pipeline\src\load\load_to_raw.py - build - 73

[INFO:20] 2026-07-05 15:48:17,416 - 	loaded 1025/1082 of the data.
F:\code\medical-data-quality-pipeline\src\load\load_to_raw.py - build - 73

[INFO:20] 2026-07-05 15:48:17,453 - 	loaded 1026/1082 of the data.
F:\code\medical-data-quality-pipeline\src\load\load_to_raw.py - build - 73

[INFO:20] 2026-07-05 15:48:17,487 - 	loaded 1027/1082 of the data.
F:\code\medical-data-quality-pipeline\src\load\load_to_raw.py - build - 73

[INFO:20] 2026-07-05 15:48:17,525 - 	loaded 1028/1082 of the data.
F:\code\medical-data-quality-pipeline\src\load\load_to_raw.py - build - 73

[INFO:20] 2026-07-05 15:48:17,562 - 	loaded 1029/1082 of the data.
F:\code\medical-data-quality-pipeline\src\load\load_to_raw.py - build - 73

[INFO:20] 2026-07-05 15:48:17,596 - 	loaded 1030/1082 of the data.
F:\code\medical-data-quality-pipeline\src\load\load_to_raw.py - build - 73

[INFO:20] 2026-07-05 15:48:17,630 - 	loaded 1031/1082 of the data.
F:\code\medical-data-quality-pipeline\src\load\load_to_raw.py - build - 73

[INFO:20] 2026-07-05 15:48:17,663 - 	loaded 1032/1082 of the data.
F:\code\medical-data-quality-pipeline\src\load\load_to_raw.py - build - 73

[INFO:20] 2026-07-05 15:48:17,700 - 	loaded 1033/1082 of the data.
F:\code\medical-data-quality-pipeline\src\load\load_to_raw.py - build - 73

[INFO:20] 2026-07-05 15:48:17,739 - 	loaded 1034/1082 of the data.
F:\code\medical-data-quality-pipeline\src\load\load_to_raw.py - build - 73

[INFO:20] 2026-07-05 15:48:17,773 - 	loaded 1035/1082 of the data.
F:\code\medical-data-quality-pipeline\src\load\load_to_raw.py - build - 73

[INFO:20] 2026-07-05 15:48:17,808 - 	loaded 1036/1082 of the data.
F:\code\medical-data-quality-pipeline\src\load\load_to_raw.py - build - 73

[INFO:20] 2026-07-05 15:48:17,841 - 	loaded 1037/1082 of the data.
F:\code\medical-data-quality-pipeline\src\load\load_to_raw.py - build - 73

[INFO:20] 2026-07-05 15:48:17,875 - 	loaded 1038/1082 of the data.
F:\code\medical-data-quality-pipeline\src\load\load_to_raw.py - build - 73

[INFO:20] 2026-07-05 15:48:17,912 - 	loaded 1039/1082 of the data.
F:\code\medical-data-quality-pipeline\src\load\load_to_raw.py - build - 73

[INFO:20] 2026-07-05 15:48:17,951 - 	loaded 1040/1082 of the data.
F:\code\medical-data-quality-pipeline\src\load\load_to_raw.py - build - 73

[INFO:20] 2026-07-05 15:48:17,989 - 	loaded 1041/1082 of the data.
F:\code\medical-data-quality-pipeline\src\load\load_to_raw.py - build - 73

[INFO:20] 2026-07-05 15:48:18,121 - 	loaded 1042/1082 of the data.
F:\code\medical-data-quality-pipeline\src\load\load_to_raw.py - build - 73

[INFO:20] 2026-07-05 15:48:18,160 - 	loaded 1043/1082 of the data.
F:\code\medical-data-quality-pipeline\src\load\load_to_raw.py - build - 73

[INFO:20] 2026-07-05 15:48:18,191 - 	loaded 1044/1082 of the data.
F:\code\medical-data-quality-pipeline\src\load\load_to_raw.py - build - 73

[INFO:20] 2026-07-05 15:48:18,224 - 	loaded 1045/1082 of the data.
F:\code\medical-data-quality-pipeline\src\load\load_to_raw.py - build - 73

[INFO:20] 2026-07-05 15:48:18,256 - 	loaded 1046/1082 of the data.
F:\code\medical-data-quality-pipeline\src\load\load_to_raw.py - build - 73

[INFO:20] 2026-07-05 15:48:18,291 - 	loaded 1047/1082 of the data.
F:\code\medical-data-quality-pipeline\src\load\load_to_raw.py - build - 73

[INFO:20] 2026-07-05 15:48:18,326 - 	loaded 1048/1082 of the data.
F:\code\medical-data-quality-pipeline\src\load\load_to_raw.py - build - 73

[INFO:20] 2026-07-05 15:48:18,364 - 	loaded 1049/1082 of the data.
F:\code\medical-data-quality-pipeline\src\load\load_to_raw.py - build - 73

[INFO:20] 2026-07-05 15:48:18,398 - 	loaded 1050/1082 of the data.
F:\code\medical-data-quality-pipeline\src\load\load_to_raw.py - build - 73

[INFO:20] 2026-07-05 15:48:18,432 - 	loaded 1051/1082 of the data.
F:\code\medical-data-quality-pipeline\src\load\load_to_raw.py - build - 73

[INFO:20] 2026-07-05 15:48:18,466 - 	loaded 1052/1082 of the data.
F:\code\medical-data-quality-pipeline\src\load\load_to_raw.py - build - 73

[INFO:20] 2026-07-05 15:48:18,501 - 	loaded 1053/1082 of the data.
F:\code\medical-data-quality-pipeline\src\load\load_to_raw.py - build - 73

[INFO:20] 2026-07-05 15:48:18,639 - 	loaded 1054/1082 of the data.
F:\code\medical-data-quality-pipeline\src\load\load_to_raw.py - build - 73

[INFO:20] 2026-07-05 15:48:18,686 - 	loaded 1055/1082 of the data.
F:\code\medical-data-quality-pipeline\src\load\load_to_raw.py - build - 73

[INFO:20] 2026-07-05 15:48:18,719 - 	loaded 1056/1082 of the data.
F:\code\medical-data-quality-pipeline\src\load\load_to_raw.py - build - 73

[INFO:20] 2026-07-05 15:48:18,752 - 	loaded 1057/1082 of the data.
F:\code\medical-data-quality-pipeline\src\load\load_to_raw.py - build - 73

[INFO:20] 2026-07-05 15:48:18,787 - 	loaded 1058/1082 of the data.
F:\code\medical-data-quality-pipeline\src\load\load_to_raw.py - build - 73

[INFO:20] 2026-07-05 15:48:18,958 - 	loaded 1059/1082 of the data.
F:\code\medical-data-quality-pipeline\src\load\load_to_raw.py - build - 73

[INFO:20] 2026-07-05 15:48:19,001 - 	loaded 1060/1082 of the data.
F:\code\medical-data-quality-pipeline\src\load\load_to_raw.py - build - 73

[INFO:20] 2026-07-05 15:48:19,033 - 	loaded 1061/1082 of the data.
F:\code\medical-data-quality-pipeline\src\load\load_to_raw.py - build - 73

[INFO:20] 2026-07-05 15:48:19,066 - 	loaded 1062/1082 of the data.
F:\code\medical-data-quality-pipeline\src\load\load_to_raw.py - build - 73

[INFO:20] 2026-07-05 15:48:19,099 - 	loaded 1063/1082 of the data.
F:\code\medical-data-quality-pipeline\src\load\load_to_raw.py - build - 73

[INFO:20] 2026-07-05 15:48:19,132 - 	loaded 1064/1082 of the data.
F:\code\medical-data-quality-pipeline\src\load\load_to_raw.py - build - 73

[INFO:20] 2026-07-05 15:48:19,165 - 	loaded 1065/1082 of the data.
F:\code\medical-data-quality-pipeline\src\load\load_to_raw.py - build - 73

[INFO:20] 2026-07-05 15:48:19,202 - 	loaded 1066/1082 of the data.
F:\code\medical-data-quality-pipeline\src\load\load_to_raw.py - build - 73

[INFO:20] 2026-07-05 15:48:19,240 - 	loaded 1067/1082 of the data.
F:\code\medical-data-quality-pipeline\src\load\load_to_raw.py - build - 73

[INFO:20] 2026-07-05 15:48:19,273 - 	loaded 1068/1082 of the data.
F:\code\medical-data-quality-pipeline\src\load\load_to_raw.py - build - 73

[INFO:20] 2026-07-05 15:48:19,306 - 	loaded 1069/1082 of the data.
F:\code\medical-data-quality-pipeline\src\load\load_to_raw.py - build - 73

[INFO:20] 2026-07-05 15:48:19,341 - 	loaded 1070/1082 of the data.
F:\code\medical-data-quality-pipeline\src\load\load_to_raw.py - build - 73

[INFO:20] 2026-07-05 15:48:19,375 - 	loaded 1071/1082 of the data.
F:\code\medical-data-quality-pipeline\src\load\load_to_raw.py - build - 73

[INFO:20] 2026-07-05 15:48:19,411 - 	loaded 1072/1082 of the data.
F:\code\medical-data-quality-pipeline\src\load\load_to_raw.py - build - 73

[INFO:20] 2026-07-05 15:48:19,444 - 	loaded 1073/1082 of the data.
F:\code\medical-data-quality-pipeline\src\load\load_to_raw.py - build - 73

[INFO:20] 2026-07-05 15:48:19,482 - 	loaded 1074/1082 of the data.
F:\code\medical-data-quality-pipeline\src\load\load_to_raw.py - build - 73

[INFO:20] 2026-07-05 15:48:19,519 - 	loaded 1075/1082 of the data.
F:\code\medical-data-quality-pipeline\src\load\load_to_raw.py - build - 73

[INFO:20] 2026-07-05 15:48:19,557 - 	loaded 1076/1082 of the data.
F:\code\medical-data-quality-pipeline\src\load\load_to_raw.py - build - 73

[INFO:20] 2026-07-05 15:48:19,595 - 	loaded 1077/1082 of the data.
F:\code\medical-data-quality-pipeline\src\load\load_to_raw.py - build - 73

[INFO:20] 2026-07-05 15:48:19,732 - 	loaded 1078/1082 of the data.
F:\code\medical-data-quality-pipeline\src\load\load_to_raw.py - build - 73

[INFO:20] 2026-07-05 15:48:19,763 - 	loaded 1079/1082 of the data.
F:\code\medical-data-quality-pipeline\src\load\load_to_raw.py - build - 73

[INFO:20] 2026-07-05 15:48:19,799 - 	loaded 1080/1082 of the data.
F:\code\medical-data-quality-pipeline\src\load\load_to_raw.py - build - 73

[INFO:20] 2026-07-05 15:48:19,836 - 	loaded 1081/1082 of the data.
F:\code\medical-data-quality-pipeline\src\load\load_to_raw.py - build - 73

[INFO:20] 2026-07-05 15:48:19,869 - 	loaded 1082/1082 of the data.
F:\code\medical-data-quality-pipeline\src\load\load_to_raw.py - build - 73

[INFO:20] 2026-07-05 15:48:19,870 - data of raw.pyxis table inserted.
F:\code\medical-data-quality-pipeline\src\load\load_to_raw.py - build - 77

[INFO:20] 2026-07-05 15:48:19,870 - preparing table raw.triage.
F:\code\medical-data-quality-pipeline\src\load\load_to_raw.py - build - 38

[INFO:20] 2026-07-05 15:48:19,921 - creating table raw.triage.
F:\code\medical-data-quality-pipeline\src\load\load_to_raw.py - build - 53

[INFO:20] 2026-07-05 15:48:20,079 - Table raw.triage created
F:\code\medical-data-quality-pipeline\src\load\load_to_raw.py - build - 56

[INFO:20] 2026-07-05 15:48:20,079 - preparing data of raw.triage table.
F:\code\medical-data-quality-pipeline\src\load\load_to_raw.py - build - 61

[INFO:20] 2026-07-05 15:48:20,079 - inserting data of raw.triage table.
F:\code\medical-data-quality-pipeline\src\load\load_to_raw.py - build - 68

[INFO:20] 2026-07-05 15:48:20,113 - 	loaded 1/222 of the data.
F:\code\medical-data-quality-pipeline\src\load\load_to_raw.py - build - 73

[INFO:20] 2026-07-05 15:48:20,150 - 	loaded 2/222 of the data.
F:\code\medical-data-quality-pipeline\src\load\load_to_raw.py - build - 73

[INFO:20] 2026-07-05 15:48:20,185 - 	loaded 3/222 of the data.
F:\code\medical-data-quality-pipeline\src\load\load_to_raw.py - build - 73

[INFO:20] 2026-07-05 15:48:20,333 - 	loaded 4/222 of the data.
F:\code\medical-data-quality-pipeline\src\load\load_to_raw.py - build - 73

[INFO:20] 2026-07-05 15:48:20,370 - 	loaded 5/222 of the data.
F:\code\medical-data-quality-pipeline\src\load\load_to_raw.py - build - 73

[INFO:20] 2026-07-05 15:48:20,413 - 	loaded 6/222 of the data.
F:\code\medical-data-quality-pipeline\src\load\load_to_raw.py - build - 73

[INFO:20] 2026-07-05 15:48:20,450 - 	loaded 7/222 of the data.
F:\code\medical-data-quality-pipeline\src\load\load_to_raw.py - build - 73

[INFO:20] 2026-07-05 15:48:20,481 - 	loaded 8/222 of the data.
F:\code\medical-data-quality-pipeline\src\load\load_to_raw.py - build - 73

[INFO:20] 2026-07-05 15:48:20,514 - 	loaded 9/222 of the data.
F:\code\medical-data-quality-pipeline\src\load\load_to_raw.py - build - 73

[INFO:20] 2026-07-05 15:48:20,550 - 	loaded 10/222 of the data.
F:\code\medical-data-quality-pipeline\src\load\load_to_raw.py - build - 73

[INFO:20] 2026-07-05 15:48:20,591 - 	loaded 11/222 of the data.
F:\code\medical-data-quality-pipeline\src\load\load_to_raw.py - build - 73

[INFO:20] 2026-07-05 15:48:20,624 - 	loaded 12/222 of the data.
F:\code\medical-data-quality-pipeline\src\load\load_to_raw.py - build - 73

[INFO:20] 2026-07-05 15:48:20,659 - 	loaded 13/222 of the data.
F:\code\medical-data-quality-pipeline\src\load\load_to_raw.py - build - 73

[INFO:20] 2026-07-05 15:48:20,694 - 	loaded 14/222 of the data.
F:\code\medical-data-quality-pipeline\src\load\load_to_raw.py - build - 73

[INFO:20] 2026-07-05 15:48:20,728 - 	loaded 15/222 of the data.
F:\code\medical-data-quality-pipeline\src\load\load_to_raw.py - build - 73

[INFO:20] 2026-07-05 15:48:20,762 - 	loaded 16/222 of the data.
F:\code\medical-data-quality-pipeline\src\load\load_to_raw.py - build - 73

[INFO:20] 2026-07-05 15:48:20,801 - 	loaded 17/222 of the data.
F:\code\medical-data-quality-pipeline\src\load\load_to_raw.py - build - 73

[INFO:20] 2026-07-05 15:48:20,962 - 	loaded 18/222 of the data.
F:\code\medical-data-quality-pipeline\src\load\load_to_raw.py - build - 73

[INFO:20] 2026-07-05 15:48:21,003 - 	loaded 19/222 of the data.
F:\code\medical-data-quality-pipeline\src\load\load_to_raw.py - build - 73

[INFO:20] 2026-07-05 15:48:21,035 - 	loaded 20/222 of the data.
F:\code\medical-data-quality-pipeline\src\load\load_to_raw.py - build - 73

[INFO:20] 2026-07-05 15:48:21,072 - 	loaded 21/222 of the data.
F:\code\medical-data-quality-pipeline\src\load\load_to_raw.py - build - 73

[INFO:20] 2026-07-05 15:48:21,107 - 	loaded 22/222 of the data.
F:\code\medical-data-quality-pipeline\src\load\load_to_raw.py - build - 73

[INFO:20] 2026-07-05 15:48:21,139 - 	loaded 23/222 of the data.
F:\code\medical-data-quality-pipeline\src\load\load_to_raw.py - build - 73

[INFO:20] 2026-07-05 15:48:21,172 - 	loaded 24/222 of the data.
F:\code\medical-data-quality-pipeline\src\load\load_to_raw.py - build - 73

[INFO:20] 2026-07-05 15:48:21,205 - 	loaded 25/222 of the data.
F:\code\medical-data-quality-pipeline\src\load\load_to_raw.py - build - 73

[INFO:20] 2026-07-05 15:48:21,243 - 	loaded 26/222 of the data.
F:\code\medical-data-quality-pipeline\src\load\load_to_raw.py - build - 73

[INFO:20] 2026-07-05 15:48:21,280 - 	loaded 27/222 of the data.
F:\code\medical-data-quality-pipeline\src\load\load_to_raw.py - build - 73

[INFO:20] 2026-07-05 15:48:21,315 - 	loaded 28/222 of the data.
F:\code\medical-data-quality-pipeline\src\load\load_to_raw.py - build - 73

[INFO:20] 2026-07-05 15:48:21,348 - 	loaded 29/222 of the data.
F:\code\medical-data-quality-pipeline\src\load\load_to_raw.py - build - 73

[INFO:20] 2026-07-05 15:48:21,383 - 	loaded 30/222 of the data.
F:\code\medical-data-quality-pipeline\src\load\load_to_raw.py - build - 73

[INFO:20] 2026-07-05 15:48:21,418 - 	loaded 31/222 of the data.
F:\code\medical-data-quality-pipeline\src\load\load_to_raw.py - build - 73

[INFO:20] 2026-07-05 15:48:21,586 - 	loaded 32/222 of the data.
F:\code\medical-data-quality-pipeline\src\load\load_to_raw.py - build - 73

[INFO:20] 2026-07-05 15:48:21,620 - 	loaded 33/222 of the data.
F:\code\medical-data-quality-pipeline\src\load\load_to_raw.py - build - 73

[INFO:20] 2026-07-05 15:48:21,652 - 	loaded 34/222 of the data.
F:\code\medical-data-quality-pipeline\src\load\load_to_raw.py - build - 73

[INFO:20] 2026-07-05 15:48:21,686 - 	loaded 35/222 of the data.
F:\code\medical-data-quality-pipeline\src\load\load_to_raw.py - build - 73

[INFO:20] 2026-07-05 15:48:21,721 - 	loaded 36/222 of the data.
F:\code\medical-data-quality-pipeline\src\load\load_to_raw.py - build - 73

[INFO:20] 2026-07-05 15:48:21,755 - 	loaded 37/222 of the data.
F:\code\medical-data-quality-pipeline\src\load\load_to_raw.py - build - 73

[INFO:20] 2026-07-05 15:48:21,900 - 	loaded 38/222 of the data.
F:\code\medical-data-quality-pipeline\src\load\load_to_raw.py - build - 73

[INFO:20] 2026-07-05 15:48:21,933 - 	loaded 39/222 of the data.
F:\code\medical-data-quality-pipeline\src\load\load_to_raw.py - build - 73

[INFO:20] 2026-07-05 15:48:21,966 - 	loaded 40/222 of the data.
F:\code\medical-data-quality-pipeline\src\load\load_to_raw.py - build - 73

[INFO:20] 2026-07-05 15:48:22,000 - 	loaded 41/222 of the data.
F:\code\medical-data-quality-pipeline\src\load\load_to_raw.py - build - 73

[INFO:20] 2026-07-05 15:48:22,033 - 	loaded 42/222 of the data.
F:\code\medical-data-quality-pipeline\src\load\load_to_raw.py - build - 73

[INFO:20] 2026-07-05 15:48:22,067 - 	loaded 43/222 of the data.
F:\code\medical-data-quality-pipeline\src\load\load_to_raw.py - build - 73

[INFO:20] 2026-07-05 15:48:22,101 - 	loaded 44/222 of the data.
F:\code\medical-data-quality-pipeline\src\load\load_to_raw.py - build - 73

[INFO:20] 2026-07-05 15:48:22,136 - 	loaded 45/222 of the data.
F:\code\medical-data-quality-pipeline\src\load\load_to_raw.py - build - 73

[INFO:20] 2026-07-05 15:48:22,171 - 	loaded 46/222 of the data.
F:\code\medical-data-quality-pipeline\src\load\load_to_raw.py - build - 73

[INFO:20] 2026-07-05 15:48:22,205 - 	loaded 47/222 of the data.
F:\code\medical-data-quality-pipeline\src\load\load_to_raw.py - build - 73

[INFO:20] 2026-07-05 15:48:22,240 - 	loaded 48/222 of the data.
F:\code\medical-data-quality-pipeline\src\load\load_to_raw.py - build - 73

[INFO:20] 2026-07-05 15:48:22,384 - 	loaded 49/222 of the data.
F:\code\medical-data-quality-pipeline\src\load\load_to_raw.py - build - 73

[INFO:20] 2026-07-05 15:48:22,529 - 	loaded 50/222 of the data.
F:\code\medical-data-quality-pipeline\src\load\load_to_raw.py - build - 73

[INFO:20] 2026-07-05 15:48:22,571 - 	loaded 51/222 of the data.
F:\code\medical-data-quality-pipeline\src\load\load_to_raw.py - build - 73

[INFO:20] 2026-07-05 15:48:22,610 - 	loaded 52/222 of the data.
F:\code\medical-data-quality-pipeline\src\load\load_to_raw.py - build - 73

[INFO:20] 2026-07-05 15:48:22,642 - 	loaded 53/222 of the data.
F:\code\medical-data-quality-pipeline\src\load\load_to_raw.py - build - 73

[INFO:20] 2026-07-05 15:48:22,676 - 	loaded 54/222 of the data.
F:\code\medical-data-quality-pipeline\src\load\load_to_raw.py - build - 73

[INFO:20] 2026-07-05 15:48:22,712 - 	loaded 55/222 of the data.
F:\code\medical-data-quality-pipeline\src\load\load_to_raw.py - build - 73

[INFO:20] 2026-07-05 15:48:22,748 - 	loaded 56/222 of the data.
F:\code\medical-data-quality-pipeline\src\load\load_to_raw.py - build - 73

[INFO:20] 2026-07-05 15:48:22,780 - 	loaded 57/222 of the data.
F:\code\medical-data-quality-pipeline\src\load\load_to_raw.py - build - 73

[INFO:20] 2026-07-05 15:48:22,811 - 	loaded 58/222 of the data.
F:\code\medical-data-quality-pipeline\src\load\load_to_raw.py - build - 73

[INFO:20] 2026-07-05 15:48:22,948 - 	loaded 59/222 of the data.
F:\code\medical-data-quality-pipeline\src\load\load_to_raw.py - build - 73

[INFO:20] 2026-07-05 15:48:22,982 - 	loaded 60/222 of the data.
F:\code\medical-data-quality-pipeline\src\load\load_to_raw.py - build - 73

[INFO:20] 2026-07-05 15:48:23,119 - 	loaded 61/222 of the data.
F:\code\medical-data-quality-pipeline\src\load\load_to_raw.py - build - 73

[INFO:20] 2026-07-05 15:48:23,149 - 	loaded 62/222 of the data.
F:\code\medical-data-quality-pipeline\src\load\load_to_raw.py - build - 73

[INFO:20] 2026-07-05 15:48:23,194 - 	loaded 63/222 of the data.
F:\code\medical-data-quality-pipeline\src\load\load_to_raw.py - build - 73

[INFO:20] 2026-07-05 15:48:23,229 - 	loaded 64/222 of the data.
F:\code\medical-data-quality-pipeline\src\load\load_to_raw.py - build - 73

[INFO:20] 2026-07-05 15:48:23,260 - 	loaded 65/222 of the data.
F:\code\medical-data-quality-pipeline\src\load\load_to_raw.py - build - 73

[INFO:20] 2026-07-05 15:48:23,405 - 	loaded 66/222 of the data.
F:\code\medical-data-quality-pipeline\src\load\load_to_raw.py - build - 73

[INFO:20] 2026-07-05 15:48:23,435 - 	loaded 67/222 of the data.
F:\code\medical-data-quality-pipeline\src\load\load_to_raw.py - build - 73

[INFO:20] 2026-07-05 15:48:23,575 - 	loaded 68/222 of the data.
F:\code\medical-data-quality-pipeline\src\load\load_to_raw.py - build - 73

[INFO:20] 2026-07-05 15:48:23,609 - 	loaded 69/222 of the data.
F:\code\medical-data-quality-pipeline\src\load\load_to_raw.py - build - 73

[INFO:20] 2026-07-05 15:48:23,647 - 	loaded 70/222 of the data.
F:\code\medical-data-quality-pipeline\src\load\load_to_raw.py - build - 73

[INFO:20] 2026-07-05 15:48:23,683 - 	loaded 71/222 of the data.
F:\code\medical-data-quality-pipeline\src\load\load_to_raw.py - build - 73

[INFO:20] 2026-07-05 15:48:23,829 - 	loaded 72/222 of the data.
F:\code\medical-data-quality-pipeline\src\load\load_to_raw.py - build - 73

[INFO:20] 2026-07-05 15:48:23,876 - 	loaded 73/222 of the data.
F:\code\medical-data-quality-pipeline\src\load\load_to_raw.py - build - 73

[INFO:20] 2026-07-05 15:48:23,912 - 	loaded 74/222 of the data.
F:\code\medical-data-quality-pipeline\src\load\load_to_raw.py - build - 73

[INFO:20] 2026-07-05 15:48:23,945 - 	loaded 75/222 of the data.
F:\code\medical-data-quality-pipeline\src\load\load_to_raw.py - build - 73

[INFO:20] 2026-07-05 15:48:23,977 - 	loaded 76/222 of the data.
F:\code\medical-data-quality-pipeline\src\load\load_to_raw.py - build - 73

[INFO:20] 2026-07-05 15:48:24,009 - 	loaded 77/222 of the data.
F:\code\medical-data-quality-pipeline\src\load\load_to_raw.py - build - 73

[INFO:20] 2026-07-05 15:48:24,045 - 	loaded 78/222 of the data.
F:\code\medical-data-quality-pipeline\src\load\load_to_raw.py - build - 73

[INFO:20] 2026-07-05 15:48:24,083 - 	loaded 79/222 of the data.
F:\code\medical-data-quality-pipeline\src\load\load_to_raw.py - build - 73

[INFO:20] 2026-07-05 15:48:24,120 - 	loaded 80/222 of the data.
F:\code\medical-data-quality-pipeline\src\load\load_to_raw.py - build - 73

[INFO:20] 2026-07-05 15:48:24,155 - 	loaded 81/222 of the data.
F:\code\medical-data-quality-pipeline\src\load\load_to_raw.py - build - 73

[INFO:20] 2026-07-05 15:48:24,189 - 	loaded 82/222 of the data.
F:\code\medical-data-quality-pipeline\src\load\load_to_raw.py - build - 73

[INFO:20] 2026-07-05 15:48:24,221 - 	loaded 83/222 of the data.
F:\code\medical-data-quality-pipeline\src\load\load_to_raw.py - build - 73

[INFO:20] 2026-07-05 15:48:24,255 - 	loaded 84/222 of the data.
F:\code\medical-data-quality-pipeline\src\load\load_to_raw.py - build - 73

[INFO:20] 2026-07-05 15:48:24,293 - 	loaded 85/222 of the data.
F:\code\medical-data-quality-pipeline\src\load\load_to_raw.py - build - 73

[INFO:20] 2026-07-05 15:48:24,328 - 	loaded 86/222 of the data.
F:\code\medical-data-quality-pipeline\src\load\load_to_raw.py - build - 73

[INFO:20] 2026-07-05 15:48:24,476 - 	loaded 87/222 of the data.
F:\code\medical-data-quality-pipeline\src\load\load_to_raw.py - build - 73

[INFO:20] 2026-07-05 15:48:24,513 - 	loaded 88/222 of the data.
F:\code\medical-data-quality-pipeline\src\load\load_to_raw.py - build - 73

[INFO:20] 2026-07-05 15:48:24,558 - 	loaded 89/222 of the data.
F:\code\medical-data-quality-pipeline\src\load\load_to_raw.py - build - 73

[INFO:20] 2026-07-05 15:48:24,603 - 	loaded 90/222 of the data.
F:\code\medical-data-quality-pipeline\src\load\load_to_raw.py - build - 73

[INFO:20] 2026-07-05 15:48:24,638 - 	loaded 91/222 of the data.
F:\code\medical-data-quality-pipeline\src\load\load_to_raw.py - build - 73

[INFO:20] 2026-07-05 15:48:24,673 - 	loaded 92/222 of the data.
F:\code\medical-data-quality-pipeline\src\load\load_to_raw.py - build - 73

[INFO:20] 2026-07-05 15:48:24,712 - 	loaded 93/222 of the data.
F:\code\medical-data-quality-pipeline\src\load\load_to_raw.py - build - 73

[INFO:20] 2026-07-05 15:48:24,749 - 	loaded 94/222 of the data.
F:\code\medical-data-quality-pipeline\src\load\load_to_raw.py - build - 73

[INFO:20] 2026-07-05 15:48:24,783 - 	loaded 95/222 of the data.
F:\code\medical-data-quality-pipeline\src\load\load_to_raw.py - build - 73

[INFO:20] 2026-07-05 15:48:24,820 - 	loaded 96/222 of the data.
F:\code\medical-data-quality-pipeline\src\load\load_to_raw.py - build - 73

[INFO:20] 2026-07-05 15:48:24,855 - 	loaded 97/222 of the data.
F:\code\medical-data-quality-pipeline\src\load\load_to_raw.py - build - 73

[INFO:20] 2026-07-05 15:48:24,891 - 	loaded 98/222 of the data.
F:\code\medical-data-quality-pipeline\src\load\load_to_raw.py - build - 73

[INFO:20] 2026-07-05 15:48:24,927 - 	loaded 99/222 of the data.
F:\code\medical-data-quality-pipeline\src\load\load_to_raw.py - build - 73

[INFO:20] 2026-07-05 15:48:25,063 - 	loaded 100/222 of the data.
F:\code\medical-data-quality-pipeline\src\load\load_to_raw.py - build - 73

[INFO:20] 2026-07-05 15:48:25,097 - 	loaded 101/222 of the data.
F:\code\medical-data-quality-pipeline\src\load\load_to_raw.py - build - 73

[INFO:20] 2026-07-05 15:48:25,133 - 	loaded 102/222 of the data.
F:\code\medical-data-quality-pipeline\src\load\load_to_raw.py - build - 73

[INFO:20] 2026-07-05 15:48:25,170 - 	loaded 103/222 of the data.
F:\code\medical-data-quality-pipeline\src\load\load_to_raw.py - build - 73

[INFO:20] 2026-07-05 15:48:25,205 - 	loaded 104/222 of the data.
F:\code\medical-data-quality-pipeline\src\load\load_to_raw.py - build - 73

[INFO:20] 2026-07-05 15:48:25,239 - 	loaded 105/222 of the data.
F:\code\medical-data-quality-pipeline\src\load\load_to_raw.py - build - 73

[INFO:20] 2026-07-05 15:48:25,273 - 	loaded 106/222 of the data.
F:\code\medical-data-quality-pipeline\src\load\load_to_raw.py - build - 73

[INFO:20] 2026-07-05 15:48:25,412 - 	loaded 107/222 of the data.
F:\code\medical-data-quality-pipeline\src\load\load_to_raw.py - build - 73

[INFO:20] 2026-07-05 15:48:25,445 - 	loaded 108/222 of the data.
F:\code\medical-data-quality-pipeline\src\load\load_to_raw.py - build - 73

[INFO:20] 2026-07-05 15:48:25,583 - 	loaded 109/222 of the data.
F:\code\medical-data-quality-pipeline\src\load\load_to_raw.py - build - 73

[INFO:20] 2026-07-05 15:48:25,639 - 	loaded 110/222 of the data.
F:\code\medical-data-quality-pipeline\src\load\load_to_raw.py - build - 73

[INFO:20] 2026-07-05 15:48:25,682 - 	loaded 111/222 of the data.
F:\code\medical-data-quality-pipeline\src\load\load_to_raw.py - build - 73

[INFO:20] 2026-07-05 15:48:25,820 - 	loaded 112/222 of the data.
F:\code\medical-data-quality-pipeline\src\load\load_to_raw.py - build - 73

[INFO:20] 2026-07-05 15:48:25,852 - 	loaded 113/222 of the data.
F:\code\medical-data-quality-pipeline\src\load\load_to_raw.py - build - 73

[INFO:20] 2026-07-05 15:48:25,890 - 	loaded 114/222 of the data.
F:\code\medical-data-quality-pipeline\src\load\load_to_raw.py - build - 73

[INFO:20] 2026-07-05 15:48:25,926 - 	loaded 115/222 of the data.
F:\code\medical-data-quality-pipeline\src\load\load_to_raw.py - build - 73

[INFO:20] 2026-07-05 15:48:25,962 - 	loaded 116/222 of the data.
F:\code\medical-data-quality-pipeline\src\load\load_to_raw.py - build - 73

[INFO:20] 2026-07-05 15:48:25,998 - 	loaded 117/222 of the data.
F:\code\medical-data-quality-pipeline\src\load\load_to_raw.py - build - 73

[INFO:20] 2026-07-05 15:48:26,032 - 	loaded 118/222 of the data.
F:\code\medical-data-quality-pipeline\src\load\load_to_raw.py - build - 73

[INFO:20] 2026-07-05 15:48:26,068 - 	loaded 119/222 of the data.
F:\code\medical-data-quality-pipeline\src\load\load_to_raw.py - build - 73

[INFO:20] 2026-07-05 15:48:26,105 - 	loaded 120/222 of the data.
F:\code\medical-data-quality-pipeline\src\load\load_to_raw.py - build - 73

[INFO:20] 2026-07-05 15:48:26,141 - 	loaded 121/222 of the data.
F:\code\medical-data-quality-pipeline\src\load\load_to_raw.py - build - 73

[INFO:20] 2026-07-05 15:48:26,177 - 	loaded 122/222 of the data.
F:\code\medical-data-quality-pipeline\src\load\load_to_raw.py - build - 73

[INFO:20] 2026-07-05 15:48:26,210 - 	loaded 123/222 of the data.
F:\code\medical-data-quality-pipeline\src\load\load_to_raw.py - build - 73

[INFO:20] 2026-07-05 15:48:26,243 - 	loaded 124/222 of the data.
F:\code\medical-data-quality-pipeline\src\load\load_to_raw.py - build - 73

[INFO:20] 2026-07-05 15:48:26,383 - 	loaded 125/222 of the data.
F:\code\medical-data-quality-pipeline\src\load\load_to_raw.py - build - 73

[INFO:20] 2026-07-05 15:48:26,420 - 	loaded 126/222 of the data.
F:\code\medical-data-quality-pipeline\src\load\load_to_raw.py - build - 73

[INFO:20] 2026-07-05 15:48:26,459 - 	loaded 127/222 of the data.
F:\code\medical-data-quality-pipeline\src\load\load_to_raw.py - build - 73

[INFO:20] 2026-07-05 15:48:26,492 - 	loaded 128/222 of the data.
F:\code\medical-data-quality-pipeline\src\load\load_to_raw.py - build - 73

[INFO:20] 2026-07-05 15:48:26,525 - 	loaded 129/222 of the data.
F:\code\medical-data-quality-pipeline\src\load\load_to_raw.py - build - 73

[INFO:20] 2026-07-05 15:48:26,559 - 	loaded 130/222 of the data.
F:\code\medical-data-quality-pipeline\src\load\load_to_raw.py - build - 73

[INFO:20] 2026-07-05 15:48:26,594 - 	loaded 131/222 of the data.
F:\code\medical-data-quality-pipeline\src\load\load_to_raw.py - build - 73

[INFO:20] 2026-07-05 15:48:26,637 - 	loaded 132/222 of the data.
F:\code\medical-data-quality-pipeline\src\load\load_to_raw.py - build - 73

[INFO:20] 2026-07-05 15:48:26,670 - 	loaded 133/222 of the data.
F:\code\medical-data-quality-pipeline\src\load\load_to_raw.py - build - 73

[INFO:20] 2026-07-05 15:48:26,711 - 	loaded 134/222 of the data.
F:\code\medical-data-quality-pipeline\src\load\load_to_raw.py - build - 73

[INFO:20] 2026-07-05 15:48:26,745 - 	loaded 135/222 of the data.
F:\code\medical-data-quality-pipeline\src\load\load_to_raw.py - build - 73

[INFO:20] 2026-07-05 15:48:26,904 - 	loaded 136/222 of the data.
F:\code\medical-data-quality-pipeline\src\load\load_to_raw.py - build - 73

[INFO:20] 2026-07-05 15:48:26,942 - 	loaded 137/222 of the data.
F:\code\medical-data-quality-pipeline\src\load\load_to_raw.py - build - 73

[INFO:20] 2026-07-05 15:48:26,974 - 	loaded 138/222 of the data.
F:\code\medical-data-quality-pipeline\src\load\load_to_raw.py - build - 73

[INFO:20] 2026-07-05 15:48:27,006 - 	loaded 139/222 of the data.
F:\code\medical-data-quality-pipeline\src\load\load_to_raw.py - build - 73

[INFO:20] 2026-07-05 15:48:27,041 - 	loaded 140/222 of the data.
F:\code\medical-data-quality-pipeline\src\load\load_to_raw.py - build - 73

[INFO:20] 2026-07-05 15:48:27,075 - 	loaded 141/222 of the data.
F:\code\medical-data-quality-pipeline\src\load\load_to_raw.py - build - 73

[INFO:20] 2026-07-05 15:48:27,106 - 	loaded 142/222 of the data.
F:\code\medical-data-quality-pipeline\src\load\load_to_raw.py - build - 73

[INFO:20] 2026-07-05 15:48:27,145 - 	loaded 143/222 of the data.
F:\code\medical-data-quality-pipeline\src\load\load_to_raw.py - build - 73

[INFO:20] 2026-07-05 15:48:27,183 - 	loaded 144/222 of the data.
F:\code\medical-data-quality-pipeline\src\load\load_to_raw.py - build - 73

[INFO:20] 2026-07-05 15:48:27,216 - 	loaded 145/222 of the data.
F:\code\medical-data-quality-pipeline\src\load\load_to_raw.py - build - 73

[INFO:20] 2026-07-05 15:48:27,249 - 	loaded 146/222 of the data.
F:\code\medical-data-quality-pipeline\src\load\load_to_raw.py - build - 73

[INFO:20] 2026-07-05 15:48:27,288 - 	loaded 147/222 of the data.
F:\code\medical-data-quality-pipeline\src\load\load_to_raw.py - build - 73

[INFO:20] 2026-07-05 15:48:27,439 - 	loaded 148/222 of the data.
F:\code\medical-data-quality-pipeline\src\load\load_to_raw.py - build - 73

[INFO:20] 2026-07-05 15:48:27,475 - 	loaded 149/222 of the data.
F:\code\medical-data-quality-pipeline\src\load\load_to_raw.py - build - 73

[INFO:20] 2026-07-05 15:48:27,509 - 	loaded 150/222 of the data.
F:\code\medical-data-quality-pipeline\src\load\load_to_raw.py - build - 73

[INFO:20] 2026-07-05 15:48:27,543 - 	loaded 151/222 of the data.
F:\code\medical-data-quality-pipeline\src\load\load_to_raw.py - build - 73

[INFO:20] 2026-07-05 15:48:27,576 - 	loaded 152/222 of the data.
F:\code\medical-data-quality-pipeline\src\load\load_to_raw.py - build - 73

[INFO:20] 2026-07-05 15:48:27,608 - 	loaded 153/222 of the data.
F:\code\medical-data-quality-pipeline\src\load\load_to_raw.py - build - 73

[INFO:20] 2026-07-05 15:48:27,642 - 	loaded 154/222 of the data.
F:\code\medical-data-quality-pipeline\src\load\load_to_raw.py - build - 73

[INFO:20] 2026-07-05 15:48:27,679 - 	loaded 155/222 of the data.
F:\code\medical-data-quality-pipeline\src\load\load_to_raw.py - build - 73

[INFO:20] 2026-07-05 15:48:27,719 - 	loaded 156/222 of the data.
F:\code\medical-data-quality-pipeline\src\load\load_to_raw.py - build - 73

[INFO:20] 2026-07-05 15:48:27,754 - 	loaded 157/222 of the data.
F:\code\medical-data-quality-pipeline\src\load\load_to_raw.py - build - 73

[INFO:20] 2026-07-05 15:48:27,791 - 	loaded 158/222 of the data.
F:\code\medical-data-quality-pipeline\src\load\load_to_raw.py - build - 73

[INFO:20] 2026-07-05 15:48:27,827 - 	loaded 159/222 of the data.
F:\code\medical-data-quality-pipeline\src\load\load_to_raw.py - build - 73

[INFO:20] 2026-07-05 15:48:27,860 - 	loaded 160/222 of the data.
F:\code\medical-data-quality-pipeline\src\load\load_to_raw.py - build - 73

[INFO:20] 2026-07-05 15:48:28,024 - 	loaded 161/222 of the data.
F:\code\medical-data-quality-pipeline\src\load\load_to_raw.py - build - 73

[INFO:20] 2026-07-05 15:48:28,057 - 	loaded 162/222 of the data.
F:\code\medical-data-quality-pipeline\src\load\load_to_raw.py - build - 73

[INFO:20] 2026-07-05 15:48:28,090 - 	loaded 163/222 of the data.
F:\code\medical-data-quality-pipeline\src\load\load_to_raw.py - build - 73

[INFO:20] 2026-07-05 15:48:28,123 - 	loaded 164/222 of the data.
F:\code\medical-data-quality-pipeline\src\load\load_to_raw.py - build - 73

[INFO:20] 2026-07-05 15:48:28,157 - 	loaded 165/222 of the data.
F:\code\medical-data-quality-pipeline\src\load\load_to_raw.py - build - 73

[INFO:20] 2026-07-05 15:48:28,191 - 	loaded 166/222 of the data.
F:\code\medical-data-quality-pipeline\src\load\load_to_raw.py - build - 73

[INFO:20] 2026-07-05 15:48:28,225 - 	loaded 167/222 of the data.
F:\code\medical-data-quality-pipeline\src\load\load_to_raw.py - build - 73

[INFO:20] 2026-07-05 15:48:28,261 - 	loaded 168/222 of the data.
F:\code\medical-data-quality-pipeline\src\load\load_to_raw.py - build - 73

[INFO:20] 2026-07-05 15:48:28,295 - 	loaded 169/222 of the data.
F:\code\medical-data-quality-pipeline\src\load\load_to_raw.py - build - 73

[INFO:20] 2026-07-05 15:48:28,328 - 	loaded 170/222 of the data.
F:\code\medical-data-quality-pipeline\src\load\load_to_raw.py - build - 73

[INFO:20] 2026-07-05 15:48:28,363 - 	loaded 171/222 of the data.
F:\code\medical-data-quality-pipeline\src\load\load_to_raw.py - build - 73

[INFO:20] 2026-07-05 15:48:28,395 - 	loaded 172/222 of the data.
F:\code\medical-data-quality-pipeline\src\load\load_to_raw.py - build - 73

[INFO:20] 2026-07-05 15:48:28,428 - 	loaded 173/222 of the data.
F:\code\medical-data-quality-pipeline\src\load\load_to_raw.py - build - 73

[INFO:20] 2026-07-05 15:48:28,465 - 	loaded 174/222 of the data.
F:\code\medical-data-quality-pipeline\src\load\load_to_raw.py - build - 73

[INFO:20] 2026-07-05 15:48:28,502 - 	loaded 175/222 of the data.
F:\code\medical-data-quality-pipeline\src\load\load_to_raw.py - build - 73

[INFO:20] 2026-07-05 15:48:28,535 - 	loaded 176/222 of the data.
F:\code\medical-data-quality-pipeline\src\load\load_to_raw.py - build - 73

[INFO:20] 2026-07-05 15:48:28,692 - 	loaded 177/222 of the data.
F:\code\medical-data-quality-pipeline\src\load\load_to_raw.py - build - 73

[INFO:20] 2026-07-05 15:48:28,733 - 	loaded 178/222 of the data.
F:\code\medical-data-quality-pipeline\src\load\load_to_raw.py - build - 73

[INFO:20] 2026-07-05 15:48:28,767 - 	loaded 179/222 of the data.
F:\code\medical-data-quality-pipeline\src\load\load_to_raw.py - build - 73

[INFO:20] 2026-07-05 15:48:28,800 - 	loaded 180/222 of the data.
F:\code\medical-data-quality-pipeline\src\load\load_to_raw.py - build - 73

[INFO:20] 2026-07-05 15:48:28,835 - 	loaded 181/222 of the data.
F:\code\medical-data-quality-pipeline\src\load\load_to_raw.py - build - 73

[INFO:20] 2026-07-05 15:48:28,871 - 	loaded 182/222 of the data.
F:\code\medical-data-quality-pipeline\src\load\load_to_raw.py - build - 73

[INFO:20] 2026-07-05 15:48:28,906 - 	loaded 183/222 of the data.
F:\code\medical-data-quality-pipeline\src\load\load_to_raw.py - build - 73

[INFO:20] 2026-07-05 15:48:28,941 - 	loaded 184/222 of the data.
F:\code\medical-data-quality-pipeline\src\load\load_to_raw.py - build - 73

[INFO:20] 2026-07-05 15:48:28,978 - 	loaded 185/222 of the data.
F:\code\medical-data-quality-pipeline\src\load\load_to_raw.py - build - 73

[INFO:20] 2026-07-05 15:48:29,013 - 	loaded 186/222 of the data.
F:\code\medical-data-quality-pipeline\src\load\load_to_raw.py - build - 73

[INFO:20] 2026-07-05 15:48:29,047 - 	loaded 187/222 of the data.
F:\code\medical-data-quality-pipeline\src\load\load_to_raw.py - build - 73

[INFO:20] 2026-07-05 15:48:29,081 - 	loaded 188/222 of the data.
F:\code\medical-data-quality-pipeline\src\load\load_to_raw.py - build - 73

[INFO:20] 2026-07-05 15:48:29,115 - 	loaded 189/222 of the data.
F:\code\medical-data-quality-pipeline\src\load\load_to_raw.py - build - 73

[INFO:20] 2026-07-05 15:48:29,154 - 	loaded 190/222 of the data.
F:\code\medical-data-quality-pipeline\src\load\load_to_raw.py - build - 73

[INFO:20] 2026-07-05 15:48:29,188 - 	loaded 191/222 of the data.
F:\code\medical-data-quality-pipeline\src\load\load_to_raw.py - build - 73

[INFO:20] 2026-07-05 15:48:29,224 - 	loaded 192/222 of the data.
F:\code\medical-data-quality-pipeline\src\load\load_to_raw.py - build - 73

[INFO:20] 2026-07-05 15:48:29,258 - 	loaded 193/222 of the data.
F:\code\medical-data-quality-pipeline\src\load\load_to_raw.py - build - 73

[INFO:20] 2026-07-05 15:48:29,291 - 	loaded 194/222 of the data.
F:\code\medical-data-quality-pipeline\src\load\load_to_raw.py - build - 73

[INFO:20] 2026-07-05 15:48:29,326 - 	loaded 195/222 of the data.
F:\code\medical-data-quality-pipeline\src\load\load_to_raw.py - build - 73

[INFO:20] 2026-07-05 15:48:29,363 - 	loaded 196/222 of the data.
F:\code\medical-data-quality-pipeline\src\load\load_to_raw.py - build - 73

[INFO:20] 2026-07-05 15:48:29,399 - 	loaded 197/222 of the data.
F:\code\medical-data-quality-pipeline\src\load\load_to_raw.py - build - 73

[INFO:20] 2026-07-05 15:48:29,431 - 	loaded 198/222 of the data.
F:\code\medical-data-quality-pipeline\src\load\load_to_raw.py - build - 73

[INFO:20] 2026-07-05 15:48:29,466 - 	loaded 199/222 of the data.
F:\code\medical-data-quality-pipeline\src\load\load_to_raw.py - build - 73

[INFO:20] 2026-07-05 15:48:29,501 - 	loaded 200/222 of the data.
F:\code\medical-data-quality-pipeline\src\load\load_to_raw.py - build - 73

[INFO:20] 2026-07-05 15:48:29,536 - 	loaded 201/222 of the data.
F:\code\medical-data-quality-pipeline\src\load\load_to_raw.py - build - 73

[INFO:20] 2026-07-05 15:48:29,573 - 	loaded 202/222 of the data.
F:\code\medical-data-quality-pipeline\src\load\load_to_raw.py - build - 73

[INFO:20] 2026-07-05 15:48:29,610 - 	loaded 203/222 of the data.
F:\code\medical-data-quality-pipeline\src\load\load_to_raw.py - build - 73

[INFO:20] 2026-07-05 15:48:29,644 - 	loaded 204/222 of the data.
F:\code\medical-data-quality-pipeline\src\load\load_to_raw.py - build - 73

[INFO:20] 2026-07-05 15:48:29,682 - 	loaded 205/222 of the data.
F:\code\medical-data-quality-pipeline\src\load\load_to_raw.py - build - 73

[INFO:20] 2026-07-05 15:48:29,716 - 	loaded 206/222 of the data.
F:\code\medical-data-quality-pipeline\src\load\load_to_raw.py - build - 73

[INFO:20] 2026-07-05 15:48:29,749 - 	loaded 207/222 of the data.
F:\code\medical-data-quality-pipeline\src\load\load_to_raw.py - build - 73

[INFO:20] 2026-07-05 15:48:29,787 - 	loaded 208/222 of the data.
F:\code\medical-data-quality-pipeline\src\load\load_to_raw.py - build - 73

[INFO:20] 2026-07-05 15:48:29,825 - 	loaded 209/222 of the data.
F:\code\medical-data-quality-pipeline\src\load\load_to_raw.py - build - 73

[INFO:20] 2026-07-05 15:48:29,859 - 	loaded 210/222 of the data.
F:\code\medical-data-quality-pipeline\src\load\load_to_raw.py - build - 73

[INFO:20] 2026-07-05 15:48:29,891 - 	loaded 211/222 of the data.
F:\code\medical-data-quality-pipeline\src\load\load_to_raw.py - build - 73

[INFO:20] 2026-07-05 15:48:29,924 - 	loaded 212/222 of the data.
F:\code\medical-data-quality-pipeline\src\load\load_to_raw.py - build - 73

[INFO:20] 2026-07-05 15:48:29,958 - 	loaded 213/222 of the data.
F:\code\medical-data-quality-pipeline\src\load\load_to_raw.py - build - 73

[INFO:20] 2026-07-05 15:48:29,997 - 	loaded 214/222 of the data.
F:\code\medical-data-quality-pipeline\src\load\load_to_raw.py - build - 73

[INFO:20] 2026-07-05 15:48:30,033 - 	loaded 215/222 of the data.
F:\code\medical-data-quality-pipeline\src\load\load_to_raw.py - build - 73

[INFO:20] 2026-07-05 15:48:30,066 - 	loaded 216/222 of the data.
F:\code\medical-data-quality-pipeline\src\load\load_to_raw.py - build - 73

[INFO:20] 2026-07-05 15:48:30,101 - 	loaded 217/222 of the data.
F:\code\medical-data-quality-pipeline\src\load\load_to_raw.py - build - 73

[INFO:20] 2026-07-05 15:48:30,135 - 	loaded 218/222 of the data.
F:\code\medical-data-quality-pipeline\src\load\load_to_raw.py - build - 73

[INFO:20] 2026-07-05 15:48:30,170 - 	loaded 219/222 of the data.
F:\code\medical-data-quality-pipeline\src\load\load_to_raw.py - build - 73

[INFO:20] 2026-07-05 15:48:30,206 - 	loaded 220/222 of the data.
F:\code\medical-data-quality-pipeline\src\load\load_to_raw.py - build - 73

[INFO:20] 2026-07-05 15:48:30,243 - 	loaded 221/222 of the data.
F:\code\medical-data-quality-pipeline\src\load\load_to_raw.py - build - 73

[INFO:20] 2026-07-05 15:48:30,276 - 	loaded 222/222 of the data.
F:\code\medical-data-quality-pipeline\src\load\load_to_raw.py - build - 73

[INFO:20] 2026-07-05 15:48:30,276 - data of raw.triage table inserted.
F:\code\medical-data-quality-pipeline\src\load\load_to_raw.py - build - 77

[INFO:20] 2026-07-05 15:48:30,276 - preparing table raw.vitalsign.
F:\code\medical-data-quality-pipeline\src\load\load_to_raw.py - build - 38

[INFO:20] 2026-07-05 15:48:30,329 - creating table raw.vitalsign.
F:\code\medical-data-quality-pipeline\src\load\load_to_raw.py - build - 53

[INFO:20] 2026-07-05 15:48:30,532 - Table raw.vitalsign created
F:\code\medical-data-quality-pipeline\src\load\load_to_raw.py - build - 56

[INFO:20] 2026-07-05 15:48:30,532 - preparing data of raw.vitalsign table.
F:\code\medical-data-quality-pipeline\src\load\load_to_raw.py - build - 61

[INFO:20] 2026-07-05 15:48:30,532 - inserting data of raw.vitalsign table.
F:\code\medical-data-quality-pipeline\src\load\load_to_raw.py - build - 68

[INFO:20] 2026-07-05 15:48:30,569 - 	loaded 1/1038 of the data.
F:\code\medical-data-quality-pipeline\src\load\load_to_raw.py - build - 73

[INFO:20] 2026-07-05 15:48:30,609 - 	loaded 2/1038 of the data.
F:\code\medical-data-quality-pipeline\src\load\load_to_raw.py - build - 73

[INFO:20] 2026-07-05 15:48:30,648 - 	loaded 3/1038 of the data.
F:\code\medical-data-quality-pipeline\src\load\load_to_raw.py - build - 73

[INFO:20] 2026-07-05 15:48:30,697 - 	loaded 4/1038 of the data.
F:\code\medical-data-quality-pipeline\src\load\load_to_raw.py - build - 73

[INFO:20] 2026-07-05 15:48:30,734 - 	loaded 5/1038 of the data.
F:\code\medical-data-quality-pipeline\src\load\load_to_raw.py - build - 73

[INFO:20] 2026-07-05 15:48:30,892 - 	loaded 6/1038 of the data.
F:\code\medical-data-quality-pipeline\src\load\load_to_raw.py - build - 73

[INFO:20] 2026-07-05 15:48:30,928 - 	loaded 7/1038 of the data.
F:\code\medical-data-quality-pipeline\src\load\load_to_raw.py - build - 73

[INFO:20] 2026-07-05 15:48:30,967 - 	loaded 8/1038 of the data.
F:\code\medical-data-quality-pipeline\src\load\load_to_raw.py - build - 73

[INFO:20] 2026-07-05 15:48:31,005 - 	loaded 9/1038 of the data.
F:\code\medical-data-quality-pipeline\src\load\load_to_raw.py - build - 73

[INFO:20] 2026-07-05 15:48:31,038 - 	loaded 10/1038 of the data.
F:\code\medical-data-quality-pipeline\src\load\load_to_raw.py - build - 73

[INFO:20] 2026-07-05 15:48:31,079 - 	loaded 11/1038 of the data.
F:\code\medical-data-quality-pipeline\src\load\load_to_raw.py - build - 73

[INFO:20] 2026-07-05 15:48:31,131 - 	loaded 12/1038 of the data.
F:\code\medical-data-quality-pipeline\src\load\load_to_raw.py - build - 73

[INFO:20] 2026-07-05 15:48:31,165 - 	loaded 13/1038 of the data.
F:\code\medical-data-quality-pipeline\src\load\load_to_raw.py - build - 73

[INFO:20] 2026-07-05 15:48:31,207 - 	loaded 14/1038 of the data.
F:\code\medical-data-quality-pipeline\src\load\load_to_raw.py - build - 73

[INFO:20] 2026-07-05 15:48:31,248 - 	loaded 15/1038 of the data.
F:\code\medical-data-quality-pipeline\src\load\load_to_raw.py - build - 73

[INFO:20] 2026-07-05 15:48:31,287 - 	loaded 16/1038 of the data.
F:\code\medical-data-quality-pipeline\src\load\load_to_raw.py - build - 73

[INFO:20] 2026-07-05 15:48:31,323 - 	loaded 17/1038 of the data.
F:\code\medical-data-quality-pipeline\src\load\load_to_raw.py - build - 73

[INFO:20] 2026-07-05 15:48:31,360 - 	loaded 18/1038 of the data.
F:\code\medical-data-quality-pipeline\src\load\load_to_raw.py - build - 73

[INFO:20] 2026-07-05 15:48:31,395 - 	loaded 19/1038 of the data.
F:\code\medical-data-quality-pipeline\src\load\load_to_raw.py - build - 73

[INFO:20] 2026-07-05 15:48:31,430 - 	loaded 20/1038 of the data.
F:\code\medical-data-quality-pipeline\src\load\load_to_raw.py - build - 73

[INFO:20] 2026-07-05 15:48:31,468 - 	loaded 21/1038 of the data.
F:\code\medical-data-quality-pipeline\src\load\load_to_raw.py - build - 73

[INFO:20] 2026-07-05 15:48:31,502 - 	loaded 22/1038 of the data.
F:\code\medical-data-quality-pipeline\src\load\load_to_raw.py - build - 73

[INFO:20] 2026-07-05 15:48:31,536 - 	loaded 23/1038 of the data.
F:\code\medical-data-quality-pipeline\src\load\load_to_raw.py - build - 73

[INFO:20] 2026-07-05 15:48:31,706 - 	loaded 24/1038 of the data.
F:\code\medical-data-quality-pipeline\src\load\load_to_raw.py - build - 73

[INFO:20] 2026-07-05 15:48:31,752 - 	loaded 25/1038 of the data.
F:\code\medical-data-quality-pipeline\src\load\load_to_raw.py - build - 73

[INFO:20] 2026-07-05 15:48:31,785 - 	loaded 26/1038 of the data.
F:\code\medical-data-quality-pipeline\src\load\load_to_raw.py - build - 73

[INFO:20] 2026-07-05 15:48:31,819 - 	loaded 27/1038 of the data.
F:\code\medical-data-quality-pipeline\src\load\load_to_raw.py - build - 73

[INFO:20] 2026-07-05 15:48:31,853 - 	loaded 28/1038 of the data.
F:\code\medical-data-quality-pipeline\src\load\load_to_raw.py - build - 73

[INFO:20] 2026-07-05 15:48:31,889 - 	loaded 29/1038 of the data.
F:\code\medical-data-quality-pipeline\src\load\load_to_raw.py - build - 73

[INFO:20] 2026-07-05 15:48:31,925 - 	loaded 30/1038 of the data.
F:\code\medical-data-quality-pipeline\src\load\load_to_raw.py - build - 73

[INFO:20] 2026-07-05 15:48:31,962 - 	loaded 31/1038 of the data.
F:\code\medical-data-quality-pipeline\src\load\load_to_raw.py - build - 73

[INFO:20] 2026-07-05 15:48:31,996 - 	loaded 32/1038 of the data.
F:\code\medical-data-quality-pipeline\src\load\load_to_raw.py - build - 73

[INFO:20] 2026-07-05 15:48:32,030 - 	loaded 33/1038 of the data.
F:\code\medical-data-quality-pipeline\src\load\load_to_raw.py - build - 73

[INFO:20] 2026-07-05 15:48:32,063 - 	loaded 34/1038 of the data.
F:\code\medical-data-quality-pipeline\src\load\load_to_raw.py - build - 73

[INFO:20] 2026-07-05 15:48:32,096 - 	loaded 35/1038 of the data.
F:\code\medical-data-quality-pipeline\src\load\load_to_raw.py - build - 73

[INFO:20] 2026-07-05 15:48:32,129 - 	loaded 36/1038 of the data.
F:\code\medical-data-quality-pipeline\src\load\load_to_raw.py - build - 73

[INFO:20] 2026-07-05 15:48:32,167 - 	loaded 37/1038 of the data.
F:\code\medical-data-quality-pipeline\src\load\load_to_raw.py - build - 73

[INFO:20] 2026-07-05 15:48:32,204 - 	loaded 38/1038 of the data.
F:\code\medical-data-quality-pipeline\src\load\load_to_raw.py - build - 73

[INFO:20] 2026-07-05 15:48:32,237 - 	loaded 39/1038 of the data.
F:\code\medical-data-quality-pipeline\src\load\load_to_raw.py - build - 73

[INFO:20] 2026-07-05 15:48:32,270 - 	loaded 40/1038 of the data.
F:\code\medical-data-quality-pipeline\src\load\load_to_raw.py - build - 73

[INFO:20] 2026-07-05 15:48:32,303 - 	loaded 41/1038 of the data.
F:\code\medical-data-quality-pipeline\src\load\load_to_raw.py - build - 73

[INFO:20] 2026-07-05 15:48:32,338 - 	loaded 42/1038 of the data.
F:\code\medical-data-quality-pipeline\src\load\load_to_raw.py - build - 73

[INFO:20] 2026-07-05 15:48:32,375 - 	loaded 43/1038 of the data.
F:\code\medical-data-quality-pipeline\src\load\load_to_raw.py - build - 73

[INFO:20] 2026-07-05 15:48:32,514 - 	loaded 44/1038 of the data.
F:\code\medical-data-quality-pipeline\src\load\load_to_raw.py - build - 73

[INFO:20] 2026-07-05 15:48:32,545 - 	loaded 45/1038 of the data.
F:\code\medical-data-quality-pipeline\src\load\load_to_raw.py - build - 73

[INFO:20] 2026-07-05 15:48:32,585 - 	loaded 46/1038 of the data.
F:\code\medical-data-quality-pipeline\src\load\load_to_raw.py - build - 73

[INFO:20] 2026-07-05 15:48:32,621 - 	loaded 47/1038 of the data.
F:\code\medical-data-quality-pipeline\src\load\load_to_raw.py - build - 73

[INFO:20] 2026-07-05 15:48:32,655 - 	loaded 48/1038 of the data.
F:\code\medical-data-quality-pipeline\src\load\load_to_raw.py - build - 73

[INFO:20] 2026-07-05 15:48:32,688 - 	loaded 49/1038 of the data.
F:\code\medical-data-quality-pipeline\src\load\load_to_raw.py - build - 73

[INFO:20] 2026-07-05 15:48:32,728 - 	loaded 50/1038 of the data.
F:\code\medical-data-quality-pipeline\src\load\load_to_raw.py - build - 73

[INFO:20] 2026-07-05 15:48:32,763 - 	loaded 51/1038 of the data.
F:\code\medical-data-quality-pipeline\src\load\load_to_raw.py - build - 73

[INFO:20] 2026-07-05 15:48:32,802 - 	loaded 52/1038 of the data.
F:\code\medical-data-quality-pipeline\src\load\load_to_raw.py - build - 73

[INFO:20] 2026-07-05 15:48:32,836 - 	loaded 53/1038 of the data.
F:\code\medical-data-quality-pipeline\src\load\load_to_raw.py - build - 73

[INFO:20] 2026-07-05 15:48:32,873 - 	loaded 54/1038 of the data.
F:\code\medical-data-quality-pipeline\src\load\load_to_raw.py - build - 73

[INFO:20] 2026-07-05 15:48:32,907 - 	loaded 55/1038 of the data.
F:\code\medical-data-quality-pipeline\src\load\load_to_raw.py - build - 73

[INFO:20] 2026-07-05 15:48:32,939 - 	loaded 56/1038 of the data.
F:\code\medical-data-quality-pipeline\src\load\load_to_raw.py - build - 73

[INFO:20] 2026-07-05 15:48:32,977 - 	loaded 57/1038 of the data.
F:\code\medical-data-quality-pipeline\src\load\load_to_raw.py - build - 73

[INFO:20] 2026-07-05 15:48:33,019 - 	loaded 58/1038 of the data.
F:\code\medical-data-quality-pipeline\src\load\load_to_raw.py - build - 73

[INFO:20] 2026-07-05 15:48:33,055 - 	loaded 59/1038 of the data.
F:\code\medical-data-quality-pipeline\src\load\load_to_raw.py - build - 73

[INFO:20] 2026-07-05 15:48:33,230 - 	loaded 60/1038 of the data.
F:\code\medical-data-quality-pipeline\src\load\load_to_raw.py - build - 73

[INFO:20] 2026-07-05 15:48:33,266 - 	loaded 61/1038 of the data.
F:\code\medical-data-quality-pipeline\src\load\load_to_raw.py - build - 73

[INFO:20] 2026-07-05 15:48:33,299 - 	loaded 62/1038 of the data.
F:\code\medical-data-quality-pipeline\src\load\load_to_raw.py - build - 73

[INFO:20] 2026-07-05 15:48:33,330 - 	loaded 63/1038 of the data.
F:\code\medical-data-quality-pipeline\src\load\load_to_raw.py - build - 73

[INFO:20] 2026-07-05 15:48:33,363 - 	loaded 64/1038 of the data.
F:\code\medical-data-quality-pipeline\src\load\load_to_raw.py - build - 73

[INFO:20] 2026-07-05 15:48:33,395 - 	loaded 65/1038 of the data.
F:\code\medical-data-quality-pipeline\src\load\load_to_raw.py - build - 73

[INFO:20] 2026-07-05 15:48:33,545 - 	loaded 66/1038 of the data.
F:\code\medical-data-quality-pipeline\src\load\load_to_raw.py - build - 73

[INFO:20] 2026-07-05 15:48:33,581 - 	loaded 67/1038 of the data.
F:\code\medical-data-quality-pipeline\src\load\load_to_raw.py - build - 73

[INFO:20] 2026-07-05 15:48:33,742 - 	loaded 68/1038 of the data.
F:\code\medical-data-quality-pipeline\src\load\load_to_raw.py - build - 73

[INFO:20] 2026-07-05 15:48:33,787 - 	loaded 69/1038 of the data.
F:\code\medical-data-quality-pipeline\src\load\load_to_raw.py - build - 73

[INFO:20] 2026-07-05 15:48:33,821 - 	loaded 70/1038 of the data.
F:\code\medical-data-quality-pipeline\src\load\load_to_raw.py - build - 73

[INFO:20] 2026-07-05 15:48:33,853 - 	loaded 71/1038 of the data.
F:\code\medical-data-quality-pipeline\src\load\load_to_raw.py - build - 73

[INFO:20] 2026-07-05 15:48:33,889 - 	loaded 72/1038 of the data.
F:\code\medical-data-quality-pipeline\src\load\load_to_raw.py - build - 73

[INFO:20] 2026-07-05 15:48:33,926 - 	loaded 73/1038 of the data.
F:\code\medical-data-quality-pipeline\src\load\load_to_raw.py - build - 73

[INFO:20] 2026-07-05 15:48:34,076 - 	loaded 74/1038 of the data.
F:\code\medical-data-quality-pipeline\src\load\load_to_raw.py - build - 73

[INFO:20] 2026-07-05 15:48:34,110 - 	loaded 75/1038 of the data.
F:\code\medical-data-quality-pipeline\src\load\load_to_raw.py - build - 73

[INFO:20] 2026-07-05 15:48:34,144 - 	loaded 76/1038 of the data.
F:\code\medical-data-quality-pipeline\src\load\load_to_raw.py - build - 73

[INFO:20] 2026-07-05 15:48:34,182 - 	loaded 77/1038 of the data.
F:\code\medical-data-quality-pipeline\src\load\load_to_raw.py - build - 73

[INFO:20] 2026-07-05 15:48:34,215 - 	loaded 78/1038 of the data.
F:\code\medical-data-quality-pipeline\src\load\load_to_raw.py - build - 73

[INFO:20] 2026-07-05 15:48:34,246 - 	loaded 79/1038 of the data.
F:\code\medical-data-quality-pipeline\src\load\load_to_raw.py - build - 73

[INFO:20] 2026-07-05 15:48:34,279 - 	loaded 80/1038 of the data.
F:\code\medical-data-quality-pipeline\src\load\load_to_raw.py - build - 73

[INFO:20] 2026-07-05 15:48:34,317 - 	loaded 81/1038 of the data.
F:\code\medical-data-quality-pipeline\src\load\load_to_raw.py - build - 73

[INFO:20] 2026-07-05 15:48:34,352 - 	loaded 82/1038 of the data.
F:\code\medical-data-quality-pipeline\src\load\load_to_raw.py - build - 73

[INFO:20] 2026-07-05 15:48:34,387 - 	loaded 83/1038 of the data.
F:\code\medical-data-quality-pipeline\src\load\load_to_raw.py - build - 73

[INFO:20] 2026-07-05 15:48:34,420 - 	loaded 84/1038 of the data.
F:\code\medical-data-quality-pipeline\src\load\load_to_raw.py - build - 73

[INFO:20] 2026-07-05 15:48:34,454 - 	loaded 85/1038 of the data.
F:\code\medical-data-quality-pipeline\src\load\load_to_raw.py - build - 73

[INFO:20] 2026-07-05 15:48:34,489 - 	loaded 86/1038 of the data.
F:\code\medical-data-quality-pipeline\src\load\load_to_raw.py - build - 73

[INFO:20] 2026-07-05 15:48:34,527 - 	loaded 87/1038 of the data.
F:\code\medical-data-quality-pipeline\src\load\load_to_raw.py - build - 73

[INFO:20] 2026-07-05 15:48:34,567 - 	loaded 88/1038 of the data.
F:\code\medical-data-quality-pipeline\src\load\load_to_raw.py - build - 73

[INFO:20] 2026-07-05 15:48:34,602 - 	loaded 89/1038 of the data.
F:\code\medical-data-quality-pipeline\src\load\load_to_raw.py - build - 73

[INFO:20] 2026-07-05 15:48:34,635 - 	loaded 90/1038 of the data.
F:\code\medical-data-quality-pipeline\src\load\load_to_raw.py - build - 73

[INFO:20] 2026-07-05 15:48:34,670 - 	loaded 91/1038 of the data.
F:\code\medical-data-quality-pipeline\src\load\load_to_raw.py - build - 73

[INFO:20] 2026-07-05 15:48:34,826 - 	loaded 92/1038 of the data.
F:\code\medical-data-quality-pipeline\src\load\load_to_raw.py - build - 73

[INFO:20] 2026-07-05 15:48:34,859 - 	loaded 93/1038 of the data.
F:\code\medical-data-quality-pipeline\src\load\load_to_raw.py - build - 73

[INFO:20] 2026-07-05 15:48:34,894 - 	loaded 94/1038 of the data.
F:\code\medical-data-quality-pipeline\src\load\load_to_raw.py - build - 73

[INFO:20] 2026-07-05 15:48:34,928 - 	loaded 95/1038 of the data.
F:\code\medical-data-quality-pipeline\src\load\load_to_raw.py - build - 73

[INFO:20] 2026-07-05 15:48:34,963 - 	loaded 96/1038 of the data.
F:\code\medical-data-quality-pipeline\src\load\load_to_raw.py - build - 73

[INFO:20] 2026-07-05 15:48:34,997 - 	loaded 97/1038 of the data.
F:\code\medical-data-quality-pipeline\src\load\load_to_raw.py - build - 73

[INFO:20] 2026-07-05 15:48:35,030 - 	loaded 98/1038 of the data.
F:\code\medical-data-quality-pipeline\src\load\load_to_raw.py - build - 73

[INFO:20] 2026-07-05 15:48:35,067 - 	loaded 99/1038 of the data.
F:\code\medical-data-quality-pipeline\src\load\load_to_raw.py - build - 73

[INFO:20] 2026-07-05 15:48:35,105 - 	loaded 100/1038 of the data.
F:\code\medical-data-quality-pipeline\src\load\load_to_raw.py - build - 73

[INFO:20] 2026-07-05 15:48:35,139 - 	loaded 101/1038 of the data.
F:\code\medical-data-quality-pipeline\src\load\load_to_raw.py - build - 73

[INFO:20] 2026-07-05 15:48:35,174 - 	loaded 102/1038 of the data.
F:\code\medical-data-quality-pipeline\src\load\load_to_raw.py - build - 73

[INFO:20] 2026-07-05 15:48:35,207 - 	loaded 103/1038 of the data.
F:\code\medical-data-quality-pipeline\src\load\load_to_raw.py - build - 73

[INFO:20] 2026-07-05 15:48:35,360 - 	loaded 104/1038 of the data.
F:\code\medical-data-quality-pipeline\src\load\load_to_raw.py - build - 73

[INFO:20] 2026-07-05 15:48:35,393 - 	loaded 105/1038 of the data.
F:\code\medical-data-quality-pipeline\src\load\load_to_raw.py - build - 73

[INFO:20] 2026-07-05 15:48:35,427 - 	loaded 106/1038 of the data.
F:\code\medical-data-quality-pipeline\src\load\load_to_raw.py - build - 73

[INFO:20] 2026-07-05 15:48:35,460 - 	loaded 107/1038 of the data.
F:\code\medical-data-quality-pipeline\src\load\load_to_raw.py - build - 73

[INFO:20] 2026-07-05 15:48:35,492 - 	loaded 108/1038 of the data.
F:\code\medical-data-quality-pipeline\src\load\load_to_raw.py - build - 73

[INFO:20] 2026-07-05 15:48:35,524 - 	loaded 109/1038 of the data.
F:\code\medical-data-quality-pipeline\src\load\load_to_raw.py - build - 73

[INFO:20] 2026-07-05 15:48:35,557 - 	loaded 110/1038 of the data.
F:\code\medical-data-quality-pipeline\src\load\load_to_raw.py - build - 73

[INFO:20] 2026-07-05 15:48:35,602 - 	loaded 111/1038 of the data.
F:\code\medical-data-quality-pipeline\src\load\load_to_raw.py - build - 73

[INFO:20] 2026-07-05 15:48:35,640 - 	loaded 112/1038 of the data.
F:\code\medical-data-quality-pipeline\src\load\load_to_raw.py - build - 73

[INFO:20] 2026-07-05 15:48:35,676 - 	loaded 113/1038 of the data.
F:\code\medical-data-quality-pipeline\src\load\load_to_raw.py - build - 73

[INFO:20] 2026-07-05 15:48:35,709 - 	loaded 114/1038 of the data.
F:\code\medical-data-quality-pipeline\src\load\load_to_raw.py - build - 73

[INFO:20] 2026-07-05 15:48:35,743 - 	loaded 115/1038 of the data.
F:\code\medical-data-quality-pipeline\src\load\load_to_raw.py - build - 73

[INFO:20] 2026-07-05 15:48:35,781 - 	loaded 116/1038 of the data.
F:\code\medical-data-quality-pipeline\src\load\load_to_raw.py - build - 73

[INFO:20] 2026-07-05 15:48:35,817 - 	loaded 117/1038 of the data.
F:\code\medical-data-quality-pipeline\src\load\load_to_raw.py - build - 73

[INFO:20] 2026-07-05 15:48:35,858 - 	loaded 118/1038 of the data.
F:\code\medical-data-quality-pipeline\src\load\load_to_raw.py - build - 73

[INFO:20] 2026-07-05 15:48:36,003 - 	loaded 119/1038 of the data.
F:\code\medical-data-quality-pipeline\src\load\load_to_raw.py - build - 73

[INFO:20] 2026-07-05 15:48:36,043 - 	loaded 120/1038 of the data.
F:\code\medical-data-quality-pipeline\src\load\load_to_raw.py - build - 73

[INFO:20] 2026-07-05 15:48:36,076 - 	loaded 121/1038 of the data.
F:\code\medical-data-quality-pipeline\src\load\load_to_raw.py - build - 73

[INFO:20] 2026-07-05 15:48:36,111 - 	loaded 122/1038 of the data.
F:\code\medical-data-quality-pipeline\src\load\load_to_raw.py - build - 73

[INFO:20] 2026-07-05 15:48:36,144 - 	loaded 123/1038 of the data.
F:\code\medical-data-quality-pipeline\src\load\load_to_raw.py - build - 73

[INFO:20] 2026-07-05 15:48:36,302 - 	loaded 124/1038 of the data.
F:\code\medical-data-quality-pipeline\src\load\load_to_raw.py - build - 73

[INFO:20] 2026-07-05 15:48:36,349 - 	loaded 125/1038 of the data.
F:\code\medical-data-quality-pipeline\src\load\load_to_raw.py - build - 73

[INFO:20] 2026-07-05 15:48:36,391 - 	loaded 126/1038 of the data.
F:\code\medical-data-quality-pipeline\src\load\load_to_raw.py - build - 73

[INFO:20] 2026-07-05 15:48:36,429 - 	loaded 127/1038 of the data.
F:\code\medical-data-quality-pipeline\src\load\load_to_raw.py - build - 73

[INFO:20] 2026-07-05 15:48:36,472 - 	loaded 128/1038 of the data.
F:\code\medical-data-quality-pipeline\src\load\load_to_raw.py - build - 73

[INFO:20] 2026-07-05 15:48:36,508 - 	loaded 129/1038 of the data.
F:\code\medical-data-quality-pipeline\src\load\load_to_raw.py - build - 73

[INFO:20] 2026-07-05 15:48:36,546 - 	loaded 130/1038 of the data.
F:\code\medical-data-quality-pipeline\src\load\load_to_raw.py - build - 73

[INFO:20] 2026-07-05 15:48:36,582 - 	loaded 131/1038 of the data.
F:\code\medical-data-quality-pipeline\src\load\load_to_raw.py - build - 73

[INFO:20] 2026-07-05 15:48:36,616 - 	loaded 132/1038 of the data.
F:\code\medical-data-quality-pipeline\src\load\load_to_raw.py - build - 73

[INFO:20] 2026-07-05 15:48:36,777 - 	loaded 133/1038 of the data.
F:\code\medical-data-quality-pipeline\src\load\load_to_raw.py - build - 73

[INFO:20] 2026-07-05 15:48:36,813 - 	loaded 134/1038 of the data.
F:\code\medical-data-quality-pipeline\src\load\load_to_raw.py - build - 73

[INFO:20] 2026-07-05 15:48:36,846 - 	loaded 135/1038 of the data.
F:\code\medical-data-quality-pipeline\src\load\load_to_raw.py - build - 73

[INFO:20] 2026-07-05 15:48:36,880 - 	loaded 136/1038 of the data.
F:\code\medical-data-quality-pipeline\src\load\load_to_raw.py - build - 73

[INFO:20] 2026-07-05 15:48:36,913 - 	loaded 137/1038 of the data.
F:\code\medical-data-quality-pipeline\src\load\load_to_raw.py - build - 73

[INFO:20] 2026-07-05 15:48:36,947 - 	loaded 138/1038 of the data.
F:\code\medical-data-quality-pipeline\src\load\load_to_raw.py - build - 73

[INFO:20] 2026-07-05 15:48:37,103 - 	loaded 139/1038 of the data.
F:\code\medical-data-quality-pipeline\src\load\load_to_raw.py - build - 73

[INFO:20] 2026-07-05 15:48:37,136 - 	loaded 140/1038 of the data.
F:\code\medical-data-quality-pipeline\src\load\load_to_raw.py - build - 73

[INFO:20] 2026-07-05 15:48:37,308 - 	loaded 141/1038 of the data.
F:\code\medical-data-quality-pipeline\src\load\load_to_raw.py - build - 73

[INFO:20] 2026-07-05 15:48:37,352 - 	loaded 142/1038 of the data.
F:\code\medical-data-quality-pipeline\src\load\load_to_raw.py - build - 73

[INFO:20] 2026-07-05 15:48:37,382 - 	loaded 143/1038 of the data.
F:\code\medical-data-quality-pipeline\src\load\load_to_raw.py - build - 73

[INFO:20] 2026-07-05 15:48:37,415 - 	loaded 144/1038 of the data.
F:\code\medical-data-quality-pipeline\src\load\load_to_raw.py - build - 73

[INFO:20] 2026-07-05 15:48:37,450 - 	loaded 145/1038 of the data.
F:\code\medical-data-quality-pipeline\src\load\load_to_raw.py - build - 73

[INFO:20] 2026-07-05 15:48:37,483 - 	loaded 146/1038 of the data.
F:\code\medical-data-quality-pipeline\src\load\load_to_raw.py - build - 73

[INFO:20] 2026-07-05 15:48:37,646 - 	loaded 147/1038 of the data.
F:\code\medical-data-quality-pipeline\src\load\load_to_raw.py - build - 73

[INFO:20] 2026-07-05 15:48:37,684 - 	loaded 148/1038 of the data.
F:\code\medical-data-quality-pipeline\src\load\load_to_raw.py - build - 73

[INFO:20] 2026-07-05 15:48:37,722 - 	loaded 149/1038 of the data.
F:\code\medical-data-quality-pipeline\src\load\load_to_raw.py - build - 73

[INFO:20] 2026-07-05 15:48:37,757 - 	loaded 150/1038 of the data.
F:\code\medical-data-quality-pipeline\src\load\load_to_raw.py - build - 73

[INFO:20] 2026-07-05 15:48:37,797 - 	loaded 151/1038 of the data.
F:\code\medical-data-quality-pipeline\src\load\load_to_raw.py - build - 73

[INFO:20] 2026-07-05 15:48:37,935 - 	loaded 152/1038 of the data.
F:\code\medical-data-quality-pipeline\src\load\load_to_raw.py - build - 73

[INFO:20] 2026-07-05 15:48:37,978 - 	loaded 153/1038 of the data.
F:\code\medical-data-quality-pipeline\src\load\load_to_raw.py - build - 73

[INFO:20] 2026-07-05 15:48:38,139 - 	loaded 154/1038 of the data.
F:\code\medical-data-quality-pipeline\src\load\load_to_raw.py - build - 73

[INFO:20] 2026-07-05 15:48:38,184 - 	loaded 155/1038 of the data.
F:\code\medical-data-quality-pipeline\src\load\load_to_raw.py - build - 73

[INFO:20] 2026-07-05 15:48:38,217 - 	loaded 156/1038 of the data.
F:\code\medical-data-quality-pipeline\src\load\load_to_raw.py - build - 73

[INFO:20] 2026-07-05 15:48:38,248 - 	loaded 157/1038 of the data.
F:\code\medical-data-quality-pipeline\src\load\load_to_raw.py - build - 73

[INFO:20] 2026-07-05 15:48:38,278 - 	loaded 158/1038 of the data.
F:\code\medical-data-quality-pipeline\src\load\load_to_raw.py - build - 73

[INFO:20] 2026-07-05 15:48:38,310 - 	loaded 159/1038 of the data.
F:\code\medical-data-quality-pipeline\src\load\load_to_raw.py - build - 73

[INFO:20] 2026-07-05 15:48:38,468 - 	loaded 160/1038 of the data.
F:\code\medical-data-quality-pipeline\src\load\load_to_raw.py - build - 73

[INFO:20] 2026-07-05 15:48:38,505 - 	loaded 161/1038 of the data.
F:\code\medical-data-quality-pipeline\src\load\load_to_raw.py - build - 73

[INFO:20] 2026-07-05 15:48:38,537 - 	loaded 162/1038 of the data.
F:\code\medical-data-quality-pipeline\src\load\load_to_raw.py - build - 73

[INFO:20] 2026-07-05 15:48:38,692 - 	loaded 163/1038 of the data.
F:\code\medical-data-quality-pipeline\src\load\load_to_raw.py - build - 73

[INFO:20] 2026-07-05 15:48:38,735 - 	loaded 164/1038 of the data.
F:\code\medical-data-quality-pipeline\src\load\load_to_raw.py - build - 73

[INFO:20] 2026-07-05 15:48:38,766 - 	loaded 165/1038 of the data.
F:\code\medical-data-quality-pipeline\src\load\load_to_raw.py - build - 73

[INFO:20] 2026-07-05 15:48:38,801 - 	loaded 166/1038 of the data.
F:\code\medical-data-quality-pipeline\src\load\load_to_raw.py - build - 73

[INFO:20] 2026-07-05 15:48:38,952 - 	loaded 167/1038 of the data.
F:\code\medical-data-quality-pipeline\src\load\load_to_raw.py - build - 73

[INFO:20] 2026-07-05 15:48:38,986 - 	loaded 168/1038 of the data.
F:\code\medical-data-quality-pipeline\src\load\load_to_raw.py - build - 73

[INFO:20] 2026-07-05 15:48:39,017 - 	loaded 169/1038 of the data.
F:\code\medical-data-quality-pipeline\src\load\load_to_raw.py - build - 73

[INFO:20] 2026-07-05 15:48:39,048 - 	loaded 170/1038 of the data.
F:\code\medical-data-quality-pipeline\src\load\load_to_raw.py - build - 73

[INFO:20] 2026-07-05 15:48:39,083 - 	loaded 171/1038 of the data.
F:\code\medical-data-quality-pipeline\src\load\load_to_raw.py - build - 73

[INFO:20] 2026-07-05 15:48:39,218 - 	loaded 172/1038 of the data.
F:\code\medical-data-quality-pipeline\src\load\load_to_raw.py - build - 73

[INFO:20] 2026-07-05 15:48:39,251 - 	loaded 173/1038 of the data.
F:\code\medical-data-quality-pipeline\src\load\load_to_raw.py - build - 73

[INFO:20] 2026-07-05 15:48:39,284 - 	loaded 174/1038 of the data.
F:\code\medical-data-quality-pipeline\src\load\load_to_raw.py - build - 73

[INFO:20] 2026-07-05 15:48:39,315 - 	loaded 175/1038 of the data.
F:\code\medical-data-quality-pipeline\src\load\load_to_raw.py - build - 73

[INFO:20] 2026-07-05 15:48:39,349 - 	loaded 176/1038 of the data.
F:\code\medical-data-quality-pipeline\src\load\load_to_raw.py - build - 73

[INFO:20] 2026-07-05 15:48:39,382 - 	loaded 177/1038 of the data.
F:\code\medical-data-quality-pipeline\src\load\load_to_raw.py - build - 73

[INFO:20] 2026-07-05 15:48:39,416 - 	loaded 178/1038 of the data.
F:\code\medical-data-quality-pipeline\src\load\load_to_raw.py - build - 73

[INFO:20] 2026-07-05 15:48:39,451 - 	loaded 179/1038 of the data.
F:\code\medical-data-quality-pipeline\src\load\load_to_raw.py - build - 73

[INFO:20] 2026-07-05 15:48:39,490 - 	loaded 180/1038 of the data.
F:\code\medical-data-quality-pipeline\src\load\load_to_raw.py - build - 73

[INFO:20] 2026-07-05 15:48:39,524 - 	loaded 181/1038 of the data.
F:\code\medical-data-quality-pipeline\src\load\load_to_raw.py - build - 73

[INFO:20] 2026-07-05 15:48:39,558 - 	loaded 182/1038 of the data.
F:\code\medical-data-quality-pipeline\src\load\load_to_raw.py - build - 73

[INFO:20] 2026-07-05 15:48:39,704 - 	loaded 183/1038 of the data.
F:\code\medical-data-quality-pipeline\src\load\load_to_raw.py - build - 73

[INFO:20] 2026-07-05 15:48:39,740 - 	loaded 184/1038 of the data.
F:\code\medical-data-quality-pipeline\src\load\load_to_raw.py - build - 73

[INFO:20] 2026-07-05 15:48:39,773 - 	loaded 185/1038 of the data.
F:\code\medical-data-quality-pipeline\src\load\load_to_raw.py - build - 73

[INFO:20] 2026-07-05 15:48:39,805 - 	loaded 186/1038 of the data.
F:\code\medical-data-quality-pipeline\src\load\load_to_raw.py - build - 73

[INFO:20] 2026-07-05 15:48:39,839 - 	loaded 187/1038 of the data.
F:\code\medical-data-quality-pipeline\src\load\load_to_raw.py - build - 73

[INFO:20] 2026-07-05 15:48:39,976 - 	loaded 188/1038 of the data.
F:\code\medical-data-quality-pipeline\src\load\load_to_raw.py - build - 73

[INFO:20] 2026-07-05 15:48:40,014 - 	loaded 189/1038 of the data.
F:\code\medical-data-quality-pipeline\src\load\load_to_raw.py - build - 73

[INFO:20] 2026-07-05 15:48:40,048 - 	loaded 190/1038 of the data.
F:\code\medical-data-quality-pipeline\src\load\load_to_raw.py - build - 73

[INFO:20] 2026-07-05 15:48:40,083 - 	loaded 191/1038 of the data.
F:\code\medical-data-quality-pipeline\src\load\load_to_raw.py - build - 73

[INFO:20] 2026-07-05 15:48:40,117 - 	loaded 192/1038 of the data.
F:\code\medical-data-quality-pipeline\src\load\load_to_raw.py - build - 73

[INFO:20] 2026-07-05 15:48:40,151 - 	loaded 193/1038 of the data.
F:\code\medical-data-quality-pipeline\src\load\load_to_raw.py - build - 73

[INFO:20] 2026-07-05 15:48:40,185 - 	loaded 194/1038 of the data.
F:\code\medical-data-quality-pipeline\src\load\load_to_raw.py - build - 73

[INFO:20] 2026-07-05 15:48:40,222 - 	loaded 195/1038 of the data.
F:\code\medical-data-quality-pipeline\src\load\load_to_raw.py - build - 73

[INFO:20] 2026-07-05 15:48:40,256 - 	loaded 196/1038 of the data.
F:\code\medical-data-quality-pipeline\src\load\load_to_raw.py - build - 73

[INFO:20] 2026-07-05 15:48:40,292 - 	loaded 197/1038 of the data.
F:\code\medical-data-quality-pipeline\src\load\load_to_raw.py - build - 73

[INFO:20] 2026-07-05 15:48:40,437 - 	loaded 198/1038 of the data.
F:\code\medical-data-quality-pipeline\src\load\load_to_raw.py - build - 73

[INFO:20] 2026-07-05 15:48:40,477 - 	loaded 199/1038 of the data.
F:\code\medical-data-quality-pipeline\src\load\load_to_raw.py - build - 73

[INFO:20] 2026-07-05 15:48:40,515 - 	loaded 200/1038 of the data.
F:\code\medical-data-quality-pipeline\src\load\load_to_raw.py - build - 73

[INFO:20] 2026-07-05 15:48:40,554 - 	loaded 201/1038 of the data.
F:\code\medical-data-quality-pipeline\src\load\load_to_raw.py - build - 73

[INFO:20] 2026-07-05 15:48:40,709 - 	loaded 202/1038 of the data.
F:\code\medical-data-quality-pipeline\src\load\load_to_raw.py - build - 73

[INFO:20] 2026-07-05 15:48:40,744 - 	loaded 203/1038 of the data.
F:\code\medical-data-quality-pipeline\src\load\load_to_raw.py - build - 73

[INFO:20] 2026-07-05 15:48:40,776 - 	loaded 204/1038 of the data.
F:\code\medical-data-quality-pipeline\src\load\load_to_raw.py - build - 73

[INFO:20] 2026-07-05 15:48:40,823 - 	loaded 205/1038 of the data.
F:\code\medical-data-quality-pipeline\src\load\load_to_raw.py - build - 73

[INFO:20] 2026-07-05 15:48:40,863 - 	loaded 206/1038 of the data.
F:\code\medical-data-quality-pipeline\src\load\load_to_raw.py - build - 73

[INFO:20] 2026-07-05 15:48:41,014 - 	loaded 207/1038 of the data.
F:\code\medical-data-quality-pipeline\src\load\load_to_raw.py - build - 73

[INFO:20] 2026-07-05 15:48:41,050 - 	loaded 208/1038 of the data.
F:\code\medical-data-quality-pipeline\src\load\load_to_raw.py - build - 73

[INFO:20] 2026-07-05 15:48:41,084 - 	loaded 209/1038 of the data.
F:\code\medical-data-quality-pipeline\src\load\load_to_raw.py - build - 73

[INFO:20] 2026-07-05 15:48:41,118 - 	loaded 210/1038 of the data.
F:\code\medical-data-quality-pipeline\src\load\load_to_raw.py - build - 73

[INFO:20] 2026-07-05 15:48:41,151 - 	loaded 211/1038 of the data.
F:\code\medical-data-quality-pipeline\src\load\load_to_raw.py - build - 73

[INFO:20] 2026-07-05 15:48:41,182 - 	loaded 212/1038 of the data.
F:\code\medical-data-quality-pipeline\src\load\load_to_raw.py - build - 73

[INFO:20] 2026-07-05 15:48:41,215 - 	loaded 213/1038 of the data.
F:\code\medical-data-quality-pipeline\src\load\load_to_raw.py - build - 73

[INFO:20] 2026-07-05 15:48:41,251 - 	loaded 214/1038 of the data.
F:\code\medical-data-quality-pipeline\src\load\load_to_raw.py - build - 73

[INFO:20] 2026-07-05 15:48:41,283 - 	loaded 215/1038 of the data.
F:\code\medical-data-quality-pipeline\src\load\load_to_raw.py - build - 73

[INFO:20] 2026-07-05 15:48:41,319 - 	loaded 216/1038 of the data.
F:\code\medical-data-quality-pipeline\src\load\load_to_raw.py - build - 73

[INFO:20] 2026-07-05 15:48:41,354 - 	loaded 217/1038 of the data.
F:\code\medical-data-quality-pipeline\src\load\load_to_raw.py - build - 73

[INFO:20] 2026-07-05 15:48:41,387 - 	loaded 218/1038 of the data.
F:\code\medical-data-quality-pipeline\src\load\load_to_raw.py - build - 73

[INFO:20] 2026-07-05 15:48:41,424 - 	loaded 219/1038 of the data.
F:\code\medical-data-quality-pipeline\src\load\load_to_raw.py - build - 73

[INFO:20] 2026-07-05 15:48:41,462 - 	loaded 220/1038 of the data.
F:\code\medical-data-quality-pipeline\src\load\load_to_raw.py - build - 73

[INFO:20] 2026-07-05 15:48:41,501 - 	loaded 221/1038 of the data.
F:\code\medical-data-quality-pipeline\src\load\load_to_raw.py - build - 73

[INFO:20] 2026-07-05 15:48:41,537 - 	loaded 222/1038 of the data.
F:\code\medical-data-quality-pipeline\src\load\load_to_raw.py - build - 73

[INFO:20] 2026-07-05 15:48:41,574 - 	loaded 223/1038 of the data.
F:\code\medical-data-quality-pipeline\src\load\load_to_raw.py - build - 73

[INFO:20] 2026-07-05 15:48:41,609 - 	loaded 224/1038 of the data.
F:\code\medical-data-quality-pipeline\src\load\load_to_raw.py - build - 73

[INFO:20] 2026-07-05 15:48:41,646 - 	loaded 225/1038 of the data.
F:\code\medical-data-quality-pipeline\src\load\load_to_raw.py - build - 73

[INFO:20] 2026-07-05 15:48:41,684 - 	loaded 226/1038 of the data.
F:\code\medical-data-quality-pipeline\src\load\load_to_raw.py - build - 73

[INFO:20] 2026-07-05 15:48:41,724 - 	loaded 227/1038 of the data.
F:\code\medical-data-quality-pipeline\src\load\load_to_raw.py - build - 73

[INFO:20] 2026-07-05 15:48:41,758 - 	loaded 228/1038 of the data.
F:\code\medical-data-quality-pipeline\src\load\load_to_raw.py - build - 73

[INFO:20] 2026-07-05 15:48:41,792 - 	loaded 229/1038 of the data.
F:\code\medical-data-quality-pipeline\src\load\load_to_raw.py - build - 73

[INFO:20] 2026-07-05 15:48:41,828 - 	loaded 230/1038 of the data.
F:\code\medical-data-quality-pipeline\src\load\load_to_raw.py - build - 73

[INFO:20] 2026-07-05 15:48:41,983 - 	loaded 231/1038 of the data.
F:\code\medical-data-quality-pipeline\src\load\load_to_raw.py - build - 73

[INFO:20] 2026-07-05 15:48:42,019 - 	loaded 232/1038 of the data.
F:\code\medical-data-quality-pipeline\src\load\load_to_raw.py - build - 73

[INFO:20] 2026-07-05 15:48:42,054 - 	loaded 233/1038 of the data.
F:\code\medical-data-quality-pipeline\src\load\load_to_raw.py - build - 73

[INFO:20] 2026-07-05 15:48:42,093 - 	loaded 234/1038 of the data.
F:\code\medical-data-quality-pipeline\src\load\load_to_raw.py - build - 73

[INFO:20] 2026-07-05 15:48:42,127 - 	loaded 235/1038 of the data.
F:\code\medical-data-quality-pipeline\src\load\load_to_raw.py - build - 73

[INFO:20] 2026-07-05 15:48:42,163 - 	loaded 236/1038 of the data.
F:\code\medical-data-quality-pipeline\src\load\load_to_raw.py - build - 73

[INFO:20] 2026-07-05 15:48:42,200 - 	loaded 237/1038 of the data.
F:\code\medical-data-quality-pipeline\src\load\load_to_raw.py - build - 73

[INFO:20] 2026-07-05 15:48:42,240 - 	loaded 238/1038 of the data.
F:\code\medical-data-quality-pipeline\src\load\load_to_raw.py - build - 73

[INFO:20] 2026-07-05 15:48:42,275 - 	loaded 239/1038 of the data.
F:\code\medical-data-quality-pipeline\src\load\load_to_raw.py - build - 73

[INFO:20] 2026-07-05 15:48:42,307 - 	loaded 240/1038 of the data.
F:\code\medical-data-quality-pipeline\src\load\load_to_raw.py - build - 73

[INFO:20] 2026-07-05 15:48:42,342 - 	loaded 241/1038 of the data.
F:\code\medical-data-quality-pipeline\src\load\load_to_raw.py - build - 73

[INFO:20] 2026-07-05 15:48:42,377 - 	loaded 242/1038 of the data.
F:\code\medical-data-quality-pipeline\src\load\load_to_raw.py - build - 73

[INFO:20] 2026-07-05 15:48:42,411 - 	loaded 243/1038 of the data.
F:\code\medical-data-quality-pipeline\src\load\load_to_raw.py - build - 73

[INFO:20] 2026-07-05 15:48:42,450 - 	loaded 244/1038 of the data.
F:\code\medical-data-quality-pipeline\src\load\load_to_raw.py - build - 73

[INFO:20] 2026-07-05 15:48:42,486 - 	loaded 245/1038 of the data.
F:\code\medical-data-quality-pipeline\src\load\load_to_raw.py - build - 73

[INFO:20] 2026-07-05 15:48:42,520 - 	loaded 246/1038 of the data.
F:\code\medical-data-quality-pipeline\src\load\load_to_raw.py - build - 73

[INFO:20] 2026-07-05 15:48:42,555 - 	loaded 247/1038 of the data.
F:\code\medical-data-quality-pipeline\src\load\load_to_raw.py - build - 73

[INFO:20] 2026-07-05 15:48:42,589 - 	loaded 248/1038 of the data.
F:\code\medical-data-quality-pipeline\src\load\load_to_raw.py - build - 73

[INFO:20] 2026-07-05 15:48:42,623 - 	loaded 249/1038 of the data.
F:\code\medical-data-quality-pipeline\src\load\load_to_raw.py - build - 73

[INFO:20] 2026-07-05 15:48:42,667 - 	loaded 250/1038 of the data.
F:\code\medical-data-quality-pipeline\src\load\load_to_raw.py - build - 73

[INFO:20] 2026-07-05 15:48:42,705 - 	loaded 251/1038 of the data.
F:\code\medical-data-quality-pipeline\src\load\load_to_raw.py - build - 73

[INFO:20] 2026-07-05 15:48:42,739 - 	loaded 252/1038 of the data.
F:\code\medical-data-quality-pipeline\src\load\load_to_raw.py - build - 73

[INFO:20] 2026-07-05 15:48:42,773 - 	loaded 253/1038 of the data.
F:\code\medical-data-quality-pipeline\src\load\load_to_raw.py - build - 73

[INFO:20] 2026-07-05 15:48:42,807 - 	loaded 254/1038 of the data.
F:\code\medical-data-quality-pipeline\src\load\load_to_raw.py - build - 73

[INFO:20] 2026-07-05 15:48:42,845 - 	loaded 255/1038 of the data.
F:\code\medical-data-quality-pipeline\src\load\load_to_raw.py - build - 73

[INFO:20] 2026-07-05 15:48:42,882 - 	loaded 256/1038 of the data.
F:\code\medical-data-quality-pipeline\src\load\load_to_raw.py - build - 73

[INFO:20] 2026-07-05 15:48:42,915 - 	loaded 257/1038 of the data.
F:\code\medical-data-quality-pipeline\src\load\load_to_raw.py - build - 73

[INFO:20] 2026-07-05 15:48:43,091 - 	loaded 258/1038 of the data.
F:\code\medical-data-quality-pipeline\src\load\load_to_raw.py - build - 73

[INFO:20] 2026-07-05 15:48:43,124 - 	loaded 259/1038 of the data.
F:\code\medical-data-quality-pipeline\src\load\load_to_raw.py - build - 73

[INFO:20] 2026-07-05 15:48:43,155 - 	loaded 260/1038 of the data.
F:\code\medical-data-quality-pipeline\src\load\load_to_raw.py - build - 73

[INFO:20] 2026-07-05 15:48:43,186 - 	loaded 261/1038 of the data.
F:\code\medical-data-quality-pipeline\src\load\load_to_raw.py - build - 73

[INFO:20] 2026-07-05 15:48:43,219 - 	loaded 262/1038 of the data.
F:\code\medical-data-quality-pipeline\src\load\load_to_raw.py - build - 73

[INFO:20] 2026-07-05 15:48:43,252 - 	loaded 263/1038 of the data.
F:\code\medical-data-quality-pipeline\src\load\load_to_raw.py - build - 73

[INFO:20] 2026-07-05 15:48:43,386 - 	loaded 264/1038 of the data.
F:\code\medical-data-quality-pipeline\src\load\load_to_raw.py - build - 73

[INFO:20] 2026-07-05 15:48:43,419 - 	loaded 265/1038 of the data.
F:\code\medical-data-quality-pipeline\src\load\load_to_raw.py - build - 73

[INFO:20] 2026-07-05 15:48:43,454 - 	loaded 266/1038 of the data.
F:\code\medical-data-quality-pipeline\src\load\load_to_raw.py - build - 73

[INFO:20] 2026-07-05 15:48:43,488 - 	loaded 267/1038 of the data.
F:\code\medical-data-quality-pipeline\src\load\load_to_raw.py - build - 73

[INFO:20] 2026-07-05 15:48:43,521 - 	loaded 268/1038 of the data.
F:\code\medical-data-quality-pipeline\src\load\load_to_raw.py - build - 73

[INFO:20] 2026-07-05 15:48:43,554 - 	loaded 269/1038 of the data.
F:\code\medical-data-quality-pipeline\src\load\load_to_raw.py - build - 73

[INFO:20] 2026-07-05 15:48:43,693 - 	loaded 270/1038 of the data.
F:\code\medical-data-quality-pipeline\src\load\load_to_raw.py - build - 73

[INFO:20] 2026-07-05 15:48:43,729 - 	loaded 271/1038 of the data.
F:\code\medical-data-quality-pipeline\src\load\load_to_raw.py - build - 73

[INFO:20] 2026-07-05 15:48:43,763 - 	loaded 272/1038 of the data.
F:\code\medical-data-quality-pipeline\src\load\load_to_raw.py - build - 73

[INFO:20] 2026-07-05 15:48:43,797 - 	loaded 273/1038 of the data.
F:\code\medical-data-quality-pipeline\src\load\load_to_raw.py - build - 73

[INFO:20] 2026-07-05 15:48:43,831 - 	loaded 274/1038 of the data.
F:\code\medical-data-quality-pipeline\src\load\load_to_raw.py - build - 73

[INFO:20] 2026-07-05 15:48:43,866 - 	loaded 275/1038 of the data.
F:\code\medical-data-quality-pipeline\src\load\load_to_raw.py - build - 73

[INFO:20] 2026-07-05 15:48:43,901 - 	loaded 276/1038 of the data.
F:\code\medical-data-quality-pipeline\src\load\load_to_raw.py - build - 73

[INFO:20] 2026-07-05 15:48:43,939 - 	loaded 277/1038 of the data.
F:\code\medical-data-quality-pipeline\src\load\load_to_raw.py - build - 73

[INFO:20] 2026-07-05 15:48:43,976 - 	loaded 278/1038 of the data.
F:\code\medical-data-quality-pipeline\src\load\load_to_raw.py - build - 73

[INFO:20] 2026-07-05 15:48:44,011 - 	loaded 279/1038 of the data.
F:\code\medical-data-quality-pipeline\src\load\load_to_raw.py - build - 73

[INFO:20] 2026-07-05 15:48:44,045 - 	loaded 280/1038 of the data.
F:\code\medical-data-quality-pipeline\src\load\load_to_raw.py - build - 73

[INFO:20] 2026-07-05 15:48:44,095 - 	loaded 281/1038 of the data.
F:\code\medical-data-quality-pipeline\src\load\load_to_raw.py - build - 73

[INFO:20] 2026-07-05 15:48:44,136 - 	loaded 282/1038 of the data.
F:\code\medical-data-quality-pipeline\src\load\load_to_raw.py - build - 73

[INFO:20] 2026-07-05 15:48:44,174 - 	loaded 283/1038 of the data.
F:\code\medical-data-quality-pipeline\src\load\load_to_raw.py - build - 73

[INFO:20] 2026-07-05 15:48:44,207 - 	loaded 284/1038 of the data.
F:\code\medical-data-quality-pipeline\src\load\load_to_raw.py - build - 73

[INFO:20] 2026-07-05 15:48:44,239 - 	loaded 285/1038 of the data.
F:\code\medical-data-quality-pipeline\src\load\load_to_raw.py - build - 73

[INFO:20] 2026-07-05 15:48:44,272 - 	loaded 286/1038 of the data.
F:\code\medical-data-quality-pipeline\src\load\load_to_raw.py - build - 73

[INFO:20] 2026-07-05 15:48:44,306 - 	loaded 287/1038 of the data.
F:\code\medical-data-quality-pipeline\src\load\load_to_raw.py - build - 73

[INFO:20] 2026-07-05 15:48:44,350 - 	loaded 288/1038 of the data.
F:\code\medical-data-quality-pipeline\src\load\load_to_raw.py - build - 73

[INFO:20] 2026-07-05 15:48:44,492 - 	loaded 289/1038 of the data.
F:\code\medical-data-quality-pipeline\src\load\load_to_raw.py - build - 73

[INFO:20] 2026-07-05 15:48:44,525 - 	loaded 290/1038 of the data.
F:\code\medical-data-quality-pipeline\src\load\load_to_raw.py - build - 73

[INFO:20] 2026-07-05 15:48:44,558 - 	loaded 291/1038 of the data.
F:\code\medical-data-quality-pipeline\src\load\load_to_raw.py - build - 73

[INFO:20] 2026-07-05 15:48:44,714 - 	loaded 292/1038 of the data.
F:\code\medical-data-quality-pipeline\src\load\load_to_raw.py - build - 73

[INFO:20] 2026-07-05 15:48:44,867 - 	loaded 293/1038 of the data.
F:\code\medical-data-quality-pipeline\src\load\load_to_raw.py - build - 73

[INFO:20] 2026-07-05 15:48:44,900 - 	loaded 294/1038 of the data.
F:\code\medical-data-quality-pipeline\src\load\load_to_raw.py - build - 73

[INFO:20] 2026-07-05 15:48:44,935 - 	loaded 295/1038 of the data.
F:\code\medical-data-quality-pipeline\src\load\load_to_raw.py - build - 73

[INFO:20] 2026-07-05 15:48:44,972 - 	loaded 296/1038 of the data.
F:\code\medical-data-quality-pipeline\src\load\load_to_raw.py - build - 73

[INFO:20] 2026-07-05 15:48:45,016 - 	loaded 297/1038 of the data.
F:\code\medical-data-quality-pipeline\src\load\load_to_raw.py - build - 73

[INFO:20] 2026-07-05 15:48:45,050 - 	loaded 298/1038 of the data.
F:\code\medical-data-quality-pipeline\src\load\load_to_raw.py - build - 73

[INFO:20] 2026-07-05 15:48:45,082 - 	loaded 299/1038 of the data.
F:\code\medical-data-quality-pipeline\src\load\load_to_raw.py - build - 73

[INFO:20] 2026-07-05 15:48:45,118 - 	loaded 300/1038 of the data.
F:\code\medical-data-quality-pipeline\src\load\load_to_raw.py - build - 73

[INFO:20] 2026-07-05 15:48:45,287 - 	loaded 301/1038 of the data.
F:\code\medical-data-quality-pipeline\src\load\load_to_raw.py - build - 73

[INFO:20] 2026-07-05 15:48:45,323 - 	loaded 302/1038 of the data.
F:\code\medical-data-quality-pipeline\src\load\load_to_raw.py - build - 73

[INFO:20] 2026-07-05 15:48:45,354 - 	loaded 303/1038 of the data.
F:\code\medical-data-quality-pipeline\src\load\load_to_raw.py - build - 73

[INFO:20] 2026-07-05 15:48:45,519 - 	loaded 304/1038 of the data.
F:\code\medical-data-quality-pipeline\src\load\load_to_raw.py - build - 73

[INFO:20] 2026-07-05 15:48:45,559 - 	loaded 305/1038 of the data.
F:\code\medical-data-quality-pipeline\src\load\load_to_raw.py - build - 73

[INFO:20] 2026-07-05 15:48:45,705 - 	loaded 306/1038 of the data.
F:\code\medical-data-quality-pipeline\src\load\load_to_raw.py - build - 73

[INFO:20] 2026-07-05 15:48:45,737 - 	loaded 307/1038 of the data.
F:\code\medical-data-quality-pipeline\src\load\load_to_raw.py - build - 73

[INFO:20] 2026-07-05 15:48:45,770 - 	loaded 308/1038 of the data.
F:\code\medical-data-quality-pipeline\src\load\load_to_raw.py - build - 73

[INFO:20] 2026-07-05 15:48:45,804 - 	loaded 309/1038 of the data.
F:\code\medical-data-quality-pipeline\src\load\load_to_raw.py - build - 73

[INFO:20] 2026-07-05 15:48:45,836 - 	loaded 310/1038 of the data.
F:\code\medical-data-quality-pipeline\src\load\load_to_raw.py - build - 73

[INFO:20] 2026-07-05 15:48:45,869 - 	loaded 311/1038 of the data.
F:\code\medical-data-quality-pipeline\src\load\load_to_raw.py - build - 73

[INFO:20] 2026-07-05 15:48:45,900 - 	loaded 312/1038 of the data.
F:\code\medical-data-quality-pipeline\src\load\load_to_raw.py - build - 73

[INFO:20] 2026-07-05 15:48:45,934 - 	loaded 313/1038 of the data.
F:\code\medical-data-quality-pipeline\src\load\load_to_raw.py - build - 73

[INFO:20] 2026-07-05 15:48:45,971 - 	loaded 314/1038 of the data.
F:\code\medical-data-quality-pipeline\src\load\load_to_raw.py - build - 73

[INFO:20] 2026-07-05 15:48:46,008 - 	loaded 315/1038 of the data.
F:\code\medical-data-quality-pipeline\src\load\load_to_raw.py - build - 73

[INFO:20] 2026-07-05 15:48:46,043 - 	loaded 316/1038 of the data.
F:\code\medical-data-quality-pipeline\src\load\load_to_raw.py - build - 73

[INFO:20] 2026-07-05 15:48:46,077 - 	loaded 317/1038 of the data.
F:\code\medical-data-quality-pipeline\src\load\load_to_raw.py - build - 73

[INFO:20] 2026-07-05 15:48:46,111 - 	loaded 318/1038 of the data.
F:\code\medical-data-quality-pipeline\src\load\load_to_raw.py - build - 73

[INFO:20] 2026-07-05 15:48:46,146 - 	loaded 319/1038 of the data.
F:\code\medical-data-quality-pipeline\src\load\load_to_raw.py - build - 73

[INFO:20] 2026-07-05 15:48:46,181 - 	loaded 320/1038 of the data.
F:\code\medical-data-quality-pipeline\src\load\load_to_raw.py - build - 73

[INFO:20] 2026-07-05 15:48:46,217 - 	loaded 321/1038 of the data.
F:\code\medical-data-quality-pipeline\src\load\load_to_raw.py - build - 73

[INFO:20] 2026-07-05 15:48:46,251 - 	loaded 322/1038 of the data.
F:\code\medical-data-quality-pipeline\src\load\load_to_raw.py - build - 73

[INFO:20] 2026-07-05 15:48:46,286 - 	loaded 323/1038 of the data.
F:\code\medical-data-quality-pipeline\src\load\load_to_raw.py - build - 73

[INFO:20] 2026-07-05 15:48:46,318 - 	loaded 324/1038 of the data.
F:\code\medical-data-quality-pipeline\src\load\load_to_raw.py - build - 73

[INFO:20] 2026-07-05 15:48:46,352 - 	loaded 325/1038 of the data.
F:\code\medical-data-quality-pipeline\src\load\load_to_raw.py - build - 73

[INFO:20] 2026-07-05 15:48:46,386 - 	loaded 326/1038 of the data.
F:\code\medical-data-quality-pipeline\src\load\load_to_raw.py - build - 73

[INFO:20] 2026-07-05 15:48:46,425 - 	loaded 327/1038 of the data.
F:\code\medical-data-quality-pipeline\src\load\load_to_raw.py - build - 73

[INFO:20] 2026-07-05 15:48:46,460 - 	loaded 328/1038 of the data.
F:\code\medical-data-quality-pipeline\src\load\load_to_raw.py - build - 73

[INFO:20] 2026-07-05 15:48:46,493 - 	loaded 329/1038 of the data.
F:\code\medical-data-quality-pipeline\src\load\load_to_raw.py - build - 73

[INFO:20] 2026-07-05 15:48:46,527 - 	loaded 330/1038 of the data.
F:\code\medical-data-quality-pipeline\src\load\load_to_raw.py - build - 73

[INFO:20] 2026-07-05 15:48:46,561 - 	loaded 331/1038 of the data.
F:\code\medical-data-quality-pipeline\src\load\load_to_raw.py - build - 73

[INFO:20] 2026-07-05 15:48:46,695 - 	loaded 332/1038 of the data.
F:\code\medical-data-quality-pipeline\src\load\load_to_raw.py - build - 73

[INFO:20] 2026-07-05 15:48:46,728 - 	loaded 333/1038 of the data.
F:\code\medical-data-quality-pipeline\src\load\load_to_raw.py - build - 73

[INFO:20] 2026-07-05 15:48:46,763 - 	loaded 334/1038 of the data.
F:\code\medical-data-quality-pipeline\src\load\load_to_raw.py - build - 73

[INFO:20] 2026-07-05 15:48:46,799 - 	loaded 335/1038 of the data.
F:\code\medical-data-quality-pipeline\src\load\load_to_raw.py - build - 73

[INFO:20] 2026-07-05 15:48:46,832 - 	loaded 336/1038 of the data.
F:\code\medical-data-quality-pipeline\src\load\load_to_raw.py - build - 73

[INFO:20] 2026-07-05 15:48:46,871 - 	loaded 337/1038 of the data.
F:\code\medical-data-quality-pipeline\src\load\load_to_raw.py - build - 73

[INFO:20] 2026-07-05 15:48:46,907 - 	loaded 338/1038 of the data.
F:\code\medical-data-quality-pipeline\src\load\load_to_raw.py - build - 73

[INFO:20] 2026-07-05 15:48:47,062 - 	loaded 339/1038 of the data.
F:\code\medical-data-quality-pipeline\src\load\load_to_raw.py - build - 73

[INFO:20] 2026-07-05 15:48:47,116 - 	loaded 340/1038 of the data.
F:\code\medical-data-quality-pipeline\src\load\load_to_raw.py - build - 73

[INFO:20] 2026-07-05 15:48:47,265 - 	loaded 341/1038 of the data.
F:\code\medical-data-quality-pipeline\src\load\load_to_raw.py - build - 73

[INFO:20] 2026-07-05 15:48:47,302 - 	loaded 342/1038 of the data.
F:\code\medical-data-quality-pipeline\src\load\load_to_raw.py - build - 73

[INFO:20] 2026-07-05 15:48:47,444 - 	loaded 343/1038 of the data.
F:\code\medical-data-quality-pipeline\src\load\load_to_raw.py - build - 73

[INFO:20] 2026-07-05 15:48:47,477 - 	loaded 344/1038 of the data.
F:\code\medical-data-quality-pipeline\src\load\load_to_raw.py - build - 73

[INFO:20] 2026-07-05 15:48:47,510 - 	loaded 345/1038 of the data.
F:\code\medical-data-quality-pipeline\src\load\load_to_raw.py - build - 73

[INFO:20] 2026-07-05 15:48:47,540 - 	loaded 346/1038 of the data.
F:\code\medical-data-quality-pipeline\src\load\load_to_raw.py - build - 73

[INFO:20] 2026-07-05 15:48:47,574 - 	loaded 347/1038 of the data.
F:\code\medical-data-quality-pipeline\src\load\load_to_raw.py - build - 73

[INFO:20] 2026-07-05 15:48:47,612 - 	loaded 348/1038 of the data.
F:\code\medical-data-quality-pipeline\src\load\load_to_raw.py - build - 73

[INFO:20] 2026-07-05 15:48:47,644 - 	loaded 349/1038 of the data.
F:\code\medical-data-quality-pipeline\src\load\load_to_raw.py - build - 73

[INFO:20] 2026-07-05 15:48:47,687 - 	loaded 350/1038 of the data.
F:\code\medical-data-quality-pipeline\src\load\load_to_raw.py - build - 73

[INFO:20] 2026-07-05 15:48:47,727 - 	loaded 351/1038 of the data.
F:\code\medical-data-quality-pipeline\src\load\load_to_raw.py - build - 73

[INFO:20] 2026-07-05 15:48:47,760 - 	loaded 352/1038 of the data.
F:\code\medical-data-quality-pipeline\src\load\load_to_raw.py - build - 73

[INFO:20] 2026-07-05 15:48:47,797 - 	loaded 353/1038 of the data.
F:\code\medical-data-quality-pipeline\src\load\load_to_raw.py - build - 73

[INFO:20] 2026-07-05 15:48:47,835 - 	loaded 354/1038 of the data.
F:\code\medical-data-quality-pipeline\src\load\load_to_raw.py - build - 73

[INFO:20] 2026-07-05 15:48:47,874 - 	loaded 355/1038 of the data.
F:\code\medical-data-quality-pipeline\src\load\load_to_raw.py - build - 73

[INFO:20] 2026-07-05 15:48:47,913 - 	loaded 356/1038 of the data.
F:\code\medical-data-quality-pipeline\src\load\load_to_raw.py - build - 73

[INFO:20] 2026-07-05 15:48:47,950 - 	loaded 357/1038 of the data.
F:\code\medical-data-quality-pipeline\src\load\load_to_raw.py - build - 73

[INFO:20] 2026-07-05 15:48:47,985 - 	loaded 358/1038 of the data.
F:\code\medical-data-quality-pipeline\src\load\load_to_raw.py - build - 73

[INFO:20] 2026-07-05 15:48:48,022 - 	loaded 359/1038 of the data.
F:\code\medical-data-quality-pipeline\src\load\load_to_raw.py - build - 73

[INFO:20] 2026-07-05 15:48:48,056 - 	loaded 360/1038 of the data.
F:\code\medical-data-quality-pipeline\src\load\load_to_raw.py - build - 73

[INFO:20] 2026-07-05 15:48:48,092 - 	loaded 361/1038 of the data.
F:\code\medical-data-quality-pipeline\src\load\load_to_raw.py - build - 73

[INFO:20] 2026-07-05 15:48:48,131 - 	loaded 362/1038 of the data.
F:\code\medical-data-quality-pipeline\src\load\load_to_raw.py - build - 73

[INFO:20] 2026-07-05 15:48:48,167 - 	loaded 363/1038 of the data.
F:\code\medical-data-quality-pipeline\src\load\load_to_raw.py - build - 73

[INFO:20] 2026-07-05 15:48:48,308 - 	loaded 364/1038 of the data.
F:\code\medical-data-quality-pipeline\src\load\load_to_raw.py - build - 73

[INFO:20] 2026-07-05 15:48:48,342 - 	loaded 365/1038 of the data.
F:\code\medical-data-quality-pipeline\src\load\load_to_raw.py - build - 73

[INFO:20] 2026-07-05 15:48:48,375 - 	loaded 366/1038 of the data.
F:\code\medical-data-quality-pipeline\src\load\load_to_raw.py - build - 73

[INFO:20] 2026-07-05 15:48:48,586 - 	loaded 367/1038 of the data.
F:\code\medical-data-quality-pipeline\src\load\load_to_raw.py - build - 73

[INFO:20] 2026-07-05 15:48:48,621 - 	loaded 368/1038 of the data.
F:\code\medical-data-quality-pipeline\src\load\load_to_raw.py - build - 73

[INFO:20] 2026-07-05 15:48:48,663 - 	loaded 369/1038 of the data.
F:\code\medical-data-quality-pipeline\src\load\load_to_raw.py - build - 73

[INFO:20] 2026-07-05 15:48:48,700 - 	loaded 370/1038 of the data.
F:\code\medical-data-quality-pipeline\src\load\load_to_raw.py - build - 73

[INFO:20] 2026-07-05 15:48:48,740 - 	loaded 371/1038 of the data.
F:\code\medical-data-quality-pipeline\src\load\load_to_raw.py - build - 73

[INFO:20] 2026-07-05 15:48:48,780 - 	loaded 372/1038 of the data.
F:\code\medical-data-quality-pipeline\src\load\load_to_raw.py - build - 73

[INFO:20] 2026-07-05 15:48:48,816 - 	loaded 373/1038 of the data.
F:\code\medical-data-quality-pipeline\src\load\load_to_raw.py - build - 73

[INFO:20] 2026-07-05 15:48:48,851 - 	loaded 374/1038 of the data.
F:\code\medical-data-quality-pipeline\src\load\load_to_raw.py - build - 73

[INFO:20] 2026-07-05 15:48:48,885 - 	loaded 375/1038 of the data.
F:\code\medical-data-quality-pipeline\src\load\load_to_raw.py - build - 73

[INFO:20] 2026-07-05 15:48:48,919 - 	loaded 376/1038 of the data.
F:\code\medical-data-quality-pipeline\src\load\load_to_raw.py - build - 73

[INFO:20] 2026-07-05 15:48:49,062 - 	loaded 377/1038 of the data.
F:\code\medical-data-quality-pipeline\src\load\load_to_raw.py - build - 73

[INFO:20] 2026-07-05 15:48:49,220 - 	loaded 378/1038 of the data.
F:\code\medical-data-quality-pipeline\src\load\load_to_raw.py - build - 73

[INFO:20] 2026-07-05 15:48:49,254 - 	loaded 379/1038 of the data.
F:\code\medical-data-quality-pipeline\src\load\load_to_raw.py - build - 73

[INFO:20] 2026-07-05 15:48:49,424 - 	loaded 380/1038 of the data.
F:\code\medical-data-quality-pipeline\src\load\load_to_raw.py - build - 73

[INFO:20] 2026-07-05 15:48:49,461 - 	loaded 381/1038 of the data.
F:\code\medical-data-quality-pipeline\src\load\load_to_raw.py - build - 73

[INFO:20] 2026-07-05 15:48:49,492 - 	loaded 382/1038 of the data.
F:\code\medical-data-quality-pipeline\src\load\load_to_raw.py - build - 73

[INFO:20] 2026-07-05 15:48:49,525 - 	loaded 383/1038 of the data.
F:\code\medical-data-quality-pipeline\src\load\load_to_raw.py - build - 73

[INFO:20] 2026-07-05 15:48:49,558 - 	loaded 384/1038 of the data.
F:\code\medical-data-quality-pipeline\src\load\load_to_raw.py - build - 73

[INFO:20] 2026-07-05 15:48:49,590 - 	loaded 385/1038 of the data.
F:\code\medical-data-quality-pipeline\src\load\load_to_raw.py - build - 73

[INFO:20] 2026-07-05 15:48:49,622 - 	loaded 386/1038 of the data.
F:\code\medical-data-quality-pipeline\src\load\load_to_raw.py - build - 73

[INFO:20] 2026-07-05 15:48:49,660 - 	loaded 387/1038 of the data.
F:\code\medical-data-quality-pipeline\src\load\load_to_raw.py - build - 73

[INFO:20] 2026-07-05 15:48:49,699 - 	loaded 388/1038 of the data.
F:\code\medical-data-quality-pipeline\src\load\load_to_raw.py - build - 73

[INFO:20] 2026-07-05 15:48:49,733 - 	loaded 389/1038 of the data.
F:\code\medical-data-quality-pipeline\src\load\load_to_raw.py - build - 73

[INFO:20] 2026-07-05 15:48:49,912 - 	loaded 390/1038 of the data.
F:\code\medical-data-quality-pipeline\src\load\load_to_raw.py - build - 73

[INFO:20] 2026-07-05 15:48:50,069 - 	loaded 391/1038 of the data.
F:\code\medical-data-quality-pipeline\src\load\load_to_raw.py - build - 73

[INFO:20] 2026-07-05 15:48:50,108 - 	loaded 392/1038 of the data.
F:\code\medical-data-quality-pipeline\src\load\load_to_raw.py - build - 73

[INFO:20] 2026-07-05 15:48:50,146 - 	loaded 393/1038 of the data.
F:\code\medical-data-quality-pipeline\src\load\load_to_raw.py - build - 73

[INFO:20] 2026-07-05 15:48:50,180 - 	loaded 394/1038 of the data.
F:\code\medical-data-quality-pipeline\src\load\load_to_raw.py - build - 73

[INFO:20] 2026-07-05 15:48:50,211 - 	loaded 395/1038 of the data.
F:\code\medical-data-quality-pipeline\src\load\load_to_raw.py - build - 73

[INFO:20] 2026-07-05 15:48:50,243 - 	loaded 396/1038 of the data.
F:\code\medical-data-quality-pipeline\src\load\load_to_raw.py - build - 73

[INFO:20] 2026-07-05 15:48:50,275 - 	loaded 397/1038 of the data.
F:\code\medical-data-quality-pipeline\src\load\load_to_raw.py - build - 73

[INFO:20] 2026-07-05 15:48:50,426 - 	loaded 398/1038 of the data.
F:\code\medical-data-quality-pipeline\src\load\load_to_raw.py - build - 73

[INFO:20] 2026-07-05 15:48:50,457 - 	loaded 399/1038 of the data.
F:\code\medical-data-quality-pipeline\src\load\load_to_raw.py - build - 73

[INFO:20] 2026-07-05 15:48:50,489 - 	loaded 400/1038 of the data.
F:\code\medical-data-quality-pipeline\src\load\load_to_raw.py - build - 73

[INFO:20] 2026-07-05 15:48:50,653 - 	loaded 401/1038 of the data.
F:\code\medical-data-quality-pipeline\src\load\load_to_raw.py - build - 73

[INFO:20] 2026-07-05 15:48:50,790 - 	loaded 402/1038 of the data.
F:\code\medical-data-quality-pipeline\src\load\load_to_raw.py - build - 73

[INFO:20] 2026-07-05 15:48:50,843 - 	loaded 403/1038 of the data.
F:\code\medical-data-quality-pipeline\src\load\load_to_raw.py - build - 73

[INFO:20] 2026-07-05 15:48:50,881 - 	loaded 404/1038 of the data.
F:\code\medical-data-quality-pipeline\src\load\load_to_raw.py - build - 73

[INFO:20] 2026-07-05 15:48:50,919 - 	loaded 405/1038 of the data.
F:\code\medical-data-quality-pipeline\src\load\load_to_raw.py - build - 73

[INFO:20] 2026-07-05 15:48:50,954 - 	loaded 406/1038 of the data.
F:\code\medical-data-quality-pipeline\src\load\load_to_raw.py - build - 73

[INFO:20] 2026-07-05 15:48:50,988 - 	loaded 407/1038 of the data.
F:\code\medical-data-quality-pipeline\src\load\load_to_raw.py - build - 73

[INFO:20] 2026-07-05 15:48:51,021 - 	loaded 408/1038 of the data.
F:\code\medical-data-quality-pipeline\src\load\load_to_raw.py - build - 73

[INFO:20] 2026-07-05 15:48:51,055 - 	loaded 409/1038 of the data.
F:\code\medical-data-quality-pipeline\src\load\load_to_raw.py - build - 73

[INFO:20] 2026-07-05 15:48:51,089 - 	loaded 410/1038 of the data.
F:\code\medical-data-quality-pipeline\src\load\load_to_raw.py - build - 73

[INFO:20] 2026-07-05 15:48:51,126 - 	loaded 411/1038 of the data.
F:\code\medical-data-quality-pipeline\src\load\load_to_raw.py - build - 73

[INFO:20] 2026-07-05 15:48:51,161 - 	loaded 412/1038 of the data.
F:\code\medical-data-quality-pipeline\src\load\load_to_raw.py - build - 73

[INFO:20] 2026-07-05 15:48:51,197 - 	loaded 413/1038 of the data.
F:\code\medical-data-quality-pipeline\src\load\load_to_raw.py - build - 73

[INFO:20] 2026-07-05 15:48:51,232 - 	loaded 414/1038 of the data.
F:\code\medical-data-quality-pipeline\src\load\load_to_raw.py - build - 73

[INFO:20] 2026-07-05 15:48:51,266 - 	loaded 415/1038 of the data.
F:\code\medical-data-quality-pipeline\src\load\load_to_raw.py - build - 73

[INFO:20] 2026-07-05 15:48:51,300 - 	loaded 416/1038 of the data.
F:\code\medical-data-quality-pipeline\src\load\load_to_raw.py - build - 73

[INFO:20] 2026-07-05 15:48:51,445 - 	loaded 417/1038 of the data.
F:\code\medical-data-quality-pipeline\src\load\load_to_raw.py - build - 73

[INFO:20] 2026-07-05 15:48:51,477 - 	loaded 418/1038 of the data.
F:\code\medical-data-quality-pipeline\src\load\load_to_raw.py - build - 73

[INFO:20] 2026-07-05 15:48:51,536 - 	loaded 419/1038 of the data.
F:\code\medical-data-quality-pipeline\src\load\load_to_raw.py - build - 73

[INFO:20] 2026-07-05 15:48:51,569 - 	loaded 420/1038 of the data.
F:\code\medical-data-quality-pipeline\src\load\load_to_raw.py - build - 73

[INFO:20] 2026-07-05 15:48:51,602 - 	loaded 421/1038 of the data.
F:\code\medical-data-quality-pipeline\src\load\load_to_raw.py - build - 73

[INFO:20] 2026-07-05 15:48:51,636 - 	loaded 422/1038 of the data.
F:\code\medical-data-quality-pipeline\src\load\load_to_raw.py - build - 73

[INFO:20] 2026-07-05 15:48:51,670 - 	loaded 423/1038 of the data.
F:\code\medical-data-quality-pipeline\src\load\load_to_raw.py - build - 73

[INFO:20] 2026-07-05 15:48:51,703 - 	loaded 424/1038 of the data.
F:\code\medical-data-quality-pipeline\src\load\load_to_raw.py - build - 73

[INFO:20] 2026-07-05 15:48:51,738 - 	loaded 425/1038 of the data.
F:\code\medical-data-quality-pipeline\src\load\load_to_raw.py - build - 73

[INFO:20] 2026-07-05 15:48:51,774 - 	loaded 426/1038 of the data.
F:\code\medical-data-quality-pipeline\src\load\load_to_raw.py - build - 73

[INFO:20] 2026-07-05 15:48:51,810 - 	loaded 427/1038 of the data.
F:\code\medical-data-quality-pipeline\src\load\load_to_raw.py - build - 73

[INFO:20] 2026-07-05 15:48:51,844 - 	loaded 428/1038 of the data.
F:\code\medical-data-quality-pipeline\src\load\load_to_raw.py - build - 73

[INFO:20] 2026-07-05 15:48:51,877 - 	loaded 429/1038 of the data.
F:\code\medical-data-quality-pipeline\src\load\load_to_raw.py - build - 73

[INFO:20] 2026-07-05 15:48:51,914 - 	loaded 430/1038 of the data.
F:\code\medical-data-quality-pipeline\src\load\load_to_raw.py - build - 73

[INFO:20] 2026-07-05 15:48:51,950 - 	loaded 431/1038 of the data.
F:\code\medical-data-quality-pipeline\src\load\load_to_raw.py - build - 73

[INFO:20] 2026-07-05 15:48:51,986 - 	loaded 432/1038 of the data.
F:\code\medical-data-quality-pipeline\src\load\load_to_raw.py - build - 73

[INFO:20] 2026-07-05 15:48:52,025 - 	loaded 433/1038 of the data.
F:\code\medical-data-quality-pipeline\src\load\load_to_raw.py - build - 73

[INFO:20] 2026-07-05 15:48:52,173 - 	loaded 434/1038 of the data.
F:\code\medical-data-quality-pipeline\src\load\load_to_raw.py - build - 73

[INFO:20] 2026-07-05 15:48:52,214 - 	loaded 435/1038 of the data.
F:\code\medical-data-quality-pipeline\src\load\load_to_raw.py - build - 73

[INFO:20] 2026-07-05 15:48:52,262 - 	loaded 436/1038 of the data.
F:\code\medical-data-quality-pipeline\src\load\load_to_raw.py - build - 73

[INFO:20] 2026-07-05 15:48:52,309 - 	loaded 437/1038 of the data.
F:\code\medical-data-quality-pipeline\src\load\load_to_raw.py - build - 73

[INFO:20] 2026-07-05 15:48:52,348 - 	loaded 438/1038 of the data.
F:\code\medical-data-quality-pipeline\src\load\load_to_raw.py - build - 73

[INFO:20] 2026-07-05 15:48:52,381 - 	loaded 439/1038 of the data.
F:\code\medical-data-quality-pipeline\src\load\load_to_raw.py - build - 73

[INFO:20] 2026-07-05 15:48:52,417 - 	loaded 440/1038 of the data.
F:\code\medical-data-quality-pipeline\src\load\load_to_raw.py - build - 73

[INFO:20] 2026-07-05 15:48:52,458 - 	loaded 441/1038 of the data.
F:\code\medical-data-quality-pipeline\src\load\load_to_raw.py - build - 73

[INFO:20] 2026-07-05 15:48:52,631 - 	loaded 442/1038 of the data.
F:\code\medical-data-quality-pipeline\src\load\load_to_raw.py - build - 73

[INFO:20] 2026-07-05 15:48:52,670 - 	loaded 443/1038 of the data.
F:\code\medical-data-quality-pipeline\src\load\load_to_raw.py - build - 73

[INFO:20] 2026-07-05 15:48:52,709 - 	loaded 444/1038 of the data.
F:\code\medical-data-quality-pipeline\src\load\load_to_raw.py - build - 73

[INFO:20] 2026-07-05 15:48:52,745 - 	loaded 445/1038 of the data.
F:\code\medical-data-quality-pipeline\src\load\load_to_raw.py - build - 73

[INFO:20] 2026-07-05 15:48:52,782 - 	loaded 446/1038 of the data.
F:\code\medical-data-quality-pipeline\src\load\load_to_raw.py - build - 73

[INFO:20] 2026-07-05 15:48:52,824 - 	loaded 447/1038 of the data.
F:\code\medical-data-quality-pipeline\src\load\load_to_raw.py - build - 73

[INFO:20] 2026-07-05 15:48:52,859 - 	loaded 448/1038 of the data.
F:\code\medical-data-quality-pipeline\src\load\load_to_raw.py - build - 73

[INFO:20] 2026-07-05 15:48:52,897 - 	loaded 449/1038 of the data.
F:\code\medical-data-quality-pipeline\src\load\load_to_raw.py - build - 73

[INFO:20] 2026-07-05 15:48:52,931 - 	loaded 450/1038 of the data.
F:\code\medical-data-quality-pipeline\src\load\load_to_raw.py - build - 73

[INFO:20] 2026-07-05 15:48:52,966 - 	loaded 451/1038 of the data.
F:\code\medical-data-quality-pipeline\src\load\load_to_raw.py - build - 73

[INFO:20] 2026-07-05 15:48:53,000 - 	loaded 452/1038 of the data.
F:\code\medical-data-quality-pipeline\src\load\load_to_raw.py - build - 73

[INFO:20] 2026-07-05 15:48:53,034 - 	loaded 453/1038 of the data.
F:\code\medical-data-quality-pipeline\src\load\load_to_raw.py - build - 73

[INFO:20] 2026-07-05 15:48:53,074 - 	loaded 454/1038 of the data.
F:\code\medical-data-quality-pipeline\src\load\load_to_raw.py - build - 73

[INFO:20] 2026-07-05 15:48:53,115 - 	loaded 455/1038 of the data.
F:\code\medical-data-quality-pipeline\src\load\load_to_raw.py - build - 73

[INFO:20] 2026-07-05 15:48:53,153 - 	loaded 456/1038 of the data.
F:\code\medical-data-quality-pipeline\src\load\load_to_raw.py - build - 73

[INFO:20] 2026-07-05 15:48:53,312 - 	loaded 457/1038 of the data.
F:\code\medical-data-quality-pipeline\src\load\load_to_raw.py - build - 73

[INFO:20] 2026-07-05 15:48:53,351 - 	loaded 458/1038 of the data.
F:\code\medical-data-quality-pipeline\src\load\load_to_raw.py - build - 73

[INFO:20] 2026-07-05 15:48:53,386 - 	loaded 459/1038 of the data.
F:\code\medical-data-quality-pipeline\src\load\load_to_raw.py - build - 73

[INFO:20] 2026-07-05 15:48:53,417 - 	loaded 460/1038 of the data.
F:\code\medical-data-quality-pipeline\src\load\load_to_raw.py - build - 73

[INFO:20] 2026-07-05 15:48:53,451 - 	loaded 461/1038 of the data.
F:\code\medical-data-quality-pipeline\src\load\load_to_raw.py - build - 73

[INFO:20] 2026-07-05 15:48:53,484 - 	loaded 462/1038 of the data.
F:\code\medical-data-quality-pipeline\src\load\load_to_raw.py - build - 73

[INFO:20] 2026-07-05 15:48:53,519 - 	loaded 463/1038 of the data.
F:\code\medical-data-quality-pipeline\src\load\load_to_raw.py - build - 73

[INFO:20] 2026-07-05 15:48:53,672 - 	loaded 464/1038 of the data.
F:\code\medical-data-quality-pipeline\src\load\load_to_raw.py - build - 73

[INFO:20] 2026-07-05 15:48:53,710 - 	loaded 465/1038 of the data.
F:\code\medical-data-quality-pipeline\src\load\load_to_raw.py - build - 73

[INFO:20] 2026-07-05 15:48:53,743 - 	loaded 466/1038 of the data.
F:\code\medical-data-quality-pipeline\src\load\load_to_raw.py - build - 73

[INFO:20] 2026-07-05 15:48:53,777 - 	loaded 467/1038 of the data.
F:\code\medical-data-quality-pipeline\src\load\load_to_raw.py - build - 73

[INFO:20] 2026-07-05 15:48:53,810 - 	loaded 468/1038 of the data.
F:\code\medical-data-quality-pipeline\src\load\load_to_raw.py - build - 73

[INFO:20] 2026-07-05 15:48:53,843 - 	loaded 469/1038 of the data.
F:\code\medical-data-quality-pipeline\src\load\load_to_raw.py - build - 73

[INFO:20] 2026-07-05 15:48:53,874 - 	loaded 470/1038 of the data.
F:\code\medical-data-quality-pipeline\src\load\load_to_raw.py - build - 73

[INFO:20] 2026-07-05 15:48:53,908 - 	loaded 471/1038 of the data.
F:\code\medical-data-quality-pipeline\src\load\load_to_raw.py - build - 73

[INFO:20] 2026-07-05 15:48:53,941 - 	loaded 472/1038 of the data.
F:\code\medical-data-quality-pipeline\src\load\load_to_raw.py - build - 73

[INFO:20] 2026-07-05 15:48:53,983 - 	loaded 473/1038 of the data.
F:\code\medical-data-quality-pipeline\src\load\load_to_raw.py - build - 73

[INFO:20] 2026-07-05 15:48:54,023 - 	loaded 474/1038 of the data.
F:\code\medical-data-quality-pipeline\src\load\load_to_raw.py - build - 73

[INFO:20] 2026-07-05 15:48:54,056 - 	loaded 475/1038 of the data.
F:\code\medical-data-quality-pipeline\src\load\load_to_raw.py - build - 73

[INFO:20] 2026-07-05 15:48:54,090 - 	loaded 476/1038 of the data.
F:\code\medical-data-quality-pipeline\src\load\load_to_raw.py - build - 73

[INFO:20] 2026-07-05 15:48:54,124 - 	loaded 477/1038 of the data.
F:\code\medical-data-quality-pipeline\src\load\load_to_raw.py - build - 73

[INFO:20] 2026-07-05 15:48:54,158 - 	loaded 478/1038 of the data.
F:\code\medical-data-quality-pipeline\src\load\load_to_raw.py - build - 73

[INFO:20] 2026-07-05 15:48:54,303 - 	loaded 479/1038 of the data.
F:\code\medical-data-quality-pipeline\src\load\load_to_raw.py - build - 73

[INFO:20] 2026-07-05 15:48:54,348 - 	loaded 480/1038 of the data.
F:\code\medical-data-quality-pipeline\src\load\load_to_raw.py - build - 73

[INFO:20] 2026-07-05 15:48:54,394 - 	loaded 481/1038 of the data.
F:\code\medical-data-quality-pipeline\src\load\load_to_raw.py - build - 73

[INFO:20] 2026-07-05 15:48:54,430 - 	loaded 482/1038 of the data.
F:\code\medical-data-quality-pipeline\src\load\load_to_raw.py - build - 73

[INFO:20] 2026-07-05 15:48:54,467 - 	loaded 483/1038 of the data.
F:\code\medical-data-quality-pipeline\src\load\load_to_raw.py - build - 73

[INFO:20] 2026-07-05 15:48:54,624 - 	loaded 484/1038 of the data.
F:\code\medical-data-quality-pipeline\src\load\load_to_raw.py - build - 73

[INFO:20] 2026-07-05 15:48:54,664 - 	loaded 485/1038 of the data.
F:\code\medical-data-quality-pipeline\src\load\load_to_raw.py - build - 73

[INFO:20] 2026-07-05 15:48:54,697 - 	loaded 486/1038 of the data.
F:\code\medical-data-quality-pipeline\src\load\load_to_raw.py - build - 73

[INFO:20] 2026-07-05 15:48:54,728 - 	loaded 487/1038 of the data.
F:\code\medical-data-quality-pipeline\src\load\load_to_raw.py - build - 73

[INFO:20] 2026-07-05 15:48:54,762 - 	loaded 488/1038 of the data.
F:\code\medical-data-quality-pipeline\src\load\load_to_raw.py - build - 73

[INFO:20] 2026-07-05 15:48:54,796 - 	loaded 489/1038 of the data.
F:\code\medical-data-quality-pipeline\src\load\load_to_raw.py - build - 73

[INFO:20] 2026-07-05 15:48:54,829 - 	loaded 490/1038 of the data.
F:\code\medical-data-quality-pipeline\src\load\load_to_raw.py - build - 73

[INFO:20] 2026-07-05 15:48:54,867 - 	loaded 491/1038 of the data.
F:\code\medical-data-quality-pipeline\src\load\load_to_raw.py - build - 73

[INFO:20] 2026-07-05 15:48:54,907 - 	loaded 492/1038 of the data.
F:\code\medical-data-quality-pipeline\src\load\load_to_raw.py - build - 73

[INFO:20] 2026-07-05 15:48:54,944 - 	loaded 493/1038 of the data.
F:\code\medical-data-quality-pipeline\src\load\load_to_raw.py - build - 73

[INFO:20] 2026-07-05 15:48:54,980 - 	loaded 494/1038 of the data.
F:\code\medical-data-quality-pipeline\src\load\load_to_raw.py - build - 73

[INFO:20] 2026-07-05 15:48:55,014 - 	loaded 495/1038 of the data.
F:\code\medical-data-quality-pipeline\src\load\load_to_raw.py - build - 73

[INFO:20] 2026-07-05 15:48:55,051 - 	loaded 496/1038 of the data.
F:\code\medical-data-quality-pipeline\src\load\load_to_raw.py - build - 73

[INFO:20] 2026-07-05 15:48:55,093 - 	loaded 497/1038 of the data.
F:\code\medical-data-quality-pipeline\src\load\load_to_raw.py - build - 73

[INFO:20] 2026-07-05 15:48:55,136 - 	loaded 498/1038 of the data.
F:\code\medical-data-quality-pipeline\src\load\load_to_raw.py - build - 73

[INFO:20] 2026-07-05 15:48:55,292 - 	loaded 499/1038 of the data.
F:\code\medical-data-quality-pipeline\src\load\load_to_raw.py - build - 73

[INFO:20] 2026-07-05 15:48:55,327 - 	loaded 500/1038 of the data.
F:\code\medical-data-quality-pipeline\src\load\load_to_raw.py - build - 73

[INFO:20] 2026-07-05 15:48:55,512 - 	loaded 501/1038 of the data.
F:\code\medical-data-quality-pipeline\src\load\load_to_raw.py - build - 73

[INFO:20] 2026-07-05 15:48:55,561 - 	loaded 502/1038 of the data.
F:\code\medical-data-quality-pipeline\src\load\load_to_raw.py - build - 73

[INFO:20] 2026-07-05 15:48:55,610 - 	loaded 503/1038 of the data.
F:\code\medical-data-quality-pipeline\src\load\load_to_raw.py - build - 73

[INFO:20] 2026-07-05 15:48:55,663 - 	loaded 504/1038 of the data.
F:\code\medical-data-quality-pipeline\src\load\load_to_raw.py - build - 73

[INFO:20] 2026-07-05 15:48:55,718 - 	loaded 505/1038 of the data.
F:\code\medical-data-quality-pipeline\src\load\load_to_raw.py - build - 73

[INFO:20] 2026-07-05 15:48:55,789 - 	loaded 506/1038 of the data.
F:\code\medical-data-quality-pipeline\src\load\load_to_raw.py - build - 73

[INFO:20] 2026-07-05 15:48:55,848 - 	loaded 507/1038 of the data.
F:\code\medical-data-quality-pipeline\src\load\load_to_raw.py - build - 73

[INFO:20] 2026-07-05 15:48:55,893 - 	loaded 508/1038 of the data.
F:\code\medical-data-quality-pipeline\src\load\load_to_raw.py - build - 73

[INFO:20] 2026-07-05 15:48:55,926 - 	loaded 509/1038 of the data.
F:\code\medical-data-quality-pipeline\src\load\load_to_raw.py - build - 73

[INFO:20] 2026-07-05 15:48:55,962 - 	loaded 510/1038 of the data.
F:\code\medical-data-quality-pipeline\src\load\load_to_raw.py - build - 73

[INFO:20] 2026-07-05 15:48:55,999 - 	loaded 511/1038 of the data.
F:\code\medical-data-quality-pipeline\src\load\load_to_raw.py - build - 73

[INFO:20] 2026-07-05 15:48:56,035 - 	loaded 512/1038 of the data.
F:\code\medical-data-quality-pipeline\src\load\load_to_raw.py - build - 73

[INFO:20] 2026-07-05 15:48:56,067 - 	loaded 513/1038 of the data.
F:\code\medical-data-quality-pipeline\src\load\load_to_raw.py - build - 73

[INFO:20] 2026-07-05 15:48:56,102 - 	loaded 514/1038 of the data.
F:\code\medical-data-quality-pipeline\src\load\load_to_raw.py - build - 73

[INFO:20] 2026-07-05 15:48:56,138 - 	loaded 515/1038 of the data.
F:\code\medical-data-quality-pipeline\src\load\load_to_raw.py - build - 73

[INFO:20] 2026-07-05 15:48:56,314 - 	loaded 516/1038 of the data.
F:\code\medical-data-quality-pipeline\src\load\load_to_raw.py - build - 73

[INFO:20] 2026-07-05 15:48:56,358 - 	loaded 517/1038 of the data.
F:\code\medical-data-quality-pipeline\src\load\load_to_raw.py - build - 73

[INFO:20] 2026-07-05 15:48:56,395 - 	loaded 518/1038 of the data.
F:\code\medical-data-quality-pipeline\src\load\load_to_raw.py - build - 73

[INFO:20] 2026-07-05 15:48:56,427 - 	loaded 519/1038 of the data.
F:\code\medical-data-quality-pipeline\src\load\load_to_raw.py - build - 73

[INFO:20] 2026-07-05 15:48:56,461 - 	loaded 520/1038 of the data.
F:\code\medical-data-quality-pipeline\src\load\load_to_raw.py - build - 73

[INFO:20] 2026-07-05 15:48:56,611 - 	loaded 521/1038 of the data.
F:\code\medical-data-quality-pipeline\src\load\load_to_raw.py - build - 73

[INFO:20] 2026-07-05 15:48:56,643 - 	loaded 522/1038 of the data.
F:\code\medical-data-quality-pipeline\src\load\load_to_raw.py - build - 73

[INFO:20] 2026-07-05 15:48:56,677 - 	loaded 523/1038 of the data.
F:\code\medical-data-quality-pipeline\src\load\load_to_raw.py - build - 73

[INFO:20] 2026-07-05 15:48:56,711 - 	loaded 524/1038 of the data.
F:\code\medical-data-quality-pipeline\src\load\load_to_raw.py - build - 73

[INFO:20] 2026-07-05 15:48:56,745 - 	loaded 525/1038 of the data.
F:\code\medical-data-quality-pipeline\src\load\load_to_raw.py - build - 73

[INFO:20] 2026-07-05 15:48:56,778 - 	loaded 526/1038 of the data.
F:\code\medical-data-quality-pipeline\src\load\load_to_raw.py - build - 73

[INFO:20] 2026-07-05 15:48:56,925 - 	loaded 527/1038 of the data.
F:\code\medical-data-quality-pipeline\src\load\load_to_raw.py - build - 73

[INFO:20] 2026-07-05 15:48:56,956 - 	loaded 528/1038 of the data.
F:\code\medical-data-quality-pipeline\src\load\load_to_raw.py - build - 73

[INFO:20] 2026-07-05 15:48:56,991 - 	loaded 529/1038 of the data.
F:\code\medical-data-quality-pipeline\src\load\load_to_raw.py - build - 73

[INFO:20] 2026-07-05 15:48:57,025 - 	loaded 530/1038 of the data.
F:\code\medical-data-quality-pipeline\src\load\load_to_raw.py - build - 73

[INFO:20] 2026-07-05 15:48:57,058 - 	loaded 531/1038 of the data.
F:\code\medical-data-quality-pipeline\src\load\load_to_raw.py - build - 73

[INFO:20] 2026-07-05 15:48:57,093 - 	loaded 532/1038 of the data.
F:\code\medical-data-quality-pipeline\src\load\load_to_raw.py - build - 73

[INFO:20] 2026-07-05 15:48:57,128 - 	loaded 533/1038 of the data.
F:\code\medical-data-quality-pipeline\src\load\load_to_raw.py - build - 73

[INFO:20] 2026-07-05 15:48:57,165 - 	loaded 534/1038 of the data.
F:\code\medical-data-quality-pipeline\src\load\load_to_raw.py - build - 73

[INFO:20] 2026-07-05 15:48:57,199 - 	loaded 535/1038 of the data.
F:\code\medical-data-quality-pipeline\src\load\load_to_raw.py - build - 73

[INFO:20] 2026-07-05 15:48:57,233 - 	loaded 536/1038 of the data.
F:\code\medical-data-quality-pipeline\src\load\load_to_raw.py - build - 73

[INFO:20] 2026-07-05 15:48:57,266 - 	loaded 537/1038 of the data.
F:\code\medical-data-quality-pipeline\src\load\load_to_raw.py - build - 73

[INFO:20] 2026-07-05 15:48:57,299 - 	loaded 538/1038 of the data.
F:\code\medical-data-quality-pipeline\src\load\load_to_raw.py - build - 73

[INFO:20] 2026-07-05 15:48:57,334 - 	loaded 539/1038 of the data.
F:\code\medical-data-quality-pipeline\src\load\load_to_raw.py - build - 73

[INFO:20] 2026-07-05 15:48:57,370 - 	loaded 540/1038 of the data.
F:\code\medical-data-quality-pipeline\src\load\load_to_raw.py - build - 73

[INFO:20] 2026-07-05 15:48:57,405 - 	loaded 541/1038 of the data.
F:\code\medical-data-quality-pipeline\src\load\load_to_raw.py - build - 73

[INFO:20] 2026-07-05 15:48:57,439 - 	loaded 542/1038 of the data.
F:\code\medical-data-quality-pipeline\src\load\load_to_raw.py - build - 73

[INFO:20] 2026-07-05 15:48:57,478 - 	loaded 543/1038 of the data.
F:\code\medical-data-quality-pipeline\src\load\load_to_raw.py - build - 73

[INFO:20] 2026-07-05 15:48:57,514 - 	loaded 544/1038 of the data.
F:\code\medical-data-quality-pipeline\src\load\load_to_raw.py - build - 73

[INFO:20] 2026-07-05 15:48:57,546 - 	loaded 545/1038 of the data.
F:\code\medical-data-quality-pipeline\src\load\load_to_raw.py - build - 73

[INFO:20] 2026-07-05 15:48:57,585 - 	loaded 546/1038 of the data.
F:\code\medical-data-quality-pipeline\src\load\load_to_raw.py - build - 73

[INFO:20] 2026-07-05 15:48:57,622 - 	loaded 547/1038 of the data.
F:\code\medical-data-quality-pipeline\src\load\load_to_raw.py - build - 73

[INFO:20] 2026-07-05 15:48:57,656 - 	loaded 548/1038 of the data.
F:\code\medical-data-quality-pipeline\src\load\load_to_raw.py - build - 73

[INFO:20] 2026-07-05 15:48:57,694 - 	loaded 549/1038 of the data.
F:\code\medical-data-quality-pipeline\src\load\load_to_raw.py - build - 73

[INFO:20] 2026-07-05 15:48:57,729 - 	loaded 550/1038 of the data.
F:\code\medical-data-quality-pipeline\src\load\load_to_raw.py - build - 73

[INFO:20] 2026-07-05 15:48:57,764 - 	loaded 551/1038 of the data.
F:\code\medical-data-quality-pipeline\src\load\load_to_raw.py - build - 73

[INFO:20] 2026-07-05 15:48:57,802 - 	loaded 552/1038 of the data.
F:\code\medical-data-quality-pipeline\src\load\load_to_raw.py - build - 73

[INFO:20] 2026-07-05 15:48:57,837 - 	loaded 553/1038 of the data.
F:\code\medical-data-quality-pipeline\src\load\load_to_raw.py - build - 73

[INFO:20] 2026-07-05 15:48:57,873 - 	loaded 554/1038 of the data.
F:\code\medical-data-quality-pipeline\src\load\load_to_raw.py - build - 73

[INFO:20] 2026-07-05 15:48:57,906 - 	loaded 555/1038 of the data.
F:\code\medical-data-quality-pipeline\src\load\load_to_raw.py - build - 73

[INFO:20] 2026-07-05 15:48:57,941 - 	loaded 556/1038 of the data.
F:\code\medical-data-quality-pipeline\src\load\load_to_raw.py - build - 73

[INFO:20] 2026-07-05 15:48:57,975 - 	loaded 557/1038 of the data.
F:\code\medical-data-quality-pipeline\src\load\load_to_raw.py - build - 73

[INFO:20] 2026-07-05 15:48:58,012 - 	loaded 558/1038 of the data.
F:\code\medical-data-quality-pipeline\src\load\load_to_raw.py - build - 73

[INFO:20] 2026-07-05 15:48:58,048 - 	loaded 559/1038 of the data.
F:\code\medical-data-quality-pipeline\src\load\load_to_raw.py - build - 73

[INFO:20] 2026-07-05 15:48:58,081 - 	loaded 560/1038 of the data.
F:\code\medical-data-quality-pipeline\src\load\load_to_raw.py - build - 73

[INFO:20] 2026-07-05 15:48:58,117 - 	loaded 561/1038 of the data.
F:\code\medical-data-quality-pipeline\src\load\load_to_raw.py - build - 73

[INFO:20] 2026-07-05 15:48:58,152 - 	loaded 562/1038 of the data.
F:\code\medical-data-quality-pipeline\src\load\load_to_raw.py - build - 73

[INFO:20] 2026-07-05 15:48:58,186 - 	loaded 563/1038 of the data.
F:\code\medical-data-quality-pipeline\src\load\load_to_raw.py - build - 73

[INFO:20] 2026-07-05 15:48:58,222 - 	loaded 564/1038 of the data.
F:\code\medical-data-quality-pipeline\src\load\load_to_raw.py - build - 73

[INFO:20] 2026-07-05 15:48:58,257 - 	loaded 565/1038 of the data.
F:\code\medical-data-quality-pipeline\src\load\load_to_raw.py - build - 73

[INFO:20] 2026-07-05 15:48:58,291 - 	loaded 566/1038 of the data.
F:\code\medical-data-quality-pipeline\src\load\load_to_raw.py - build - 73

[INFO:20] 2026-07-05 15:48:58,324 - 	loaded 567/1038 of the data.
F:\code\medical-data-quality-pipeline\src\load\load_to_raw.py - build - 73

[INFO:20] 2026-07-05 15:48:58,359 - 	loaded 568/1038 of the data.
F:\code\medical-data-quality-pipeline\src\load\load_to_raw.py - build - 73

[INFO:20] 2026-07-05 15:48:58,394 - 	loaded 569/1038 of the data.
F:\code\medical-data-quality-pipeline\src\load\load_to_raw.py - build - 73

[INFO:20] 2026-07-05 15:48:58,430 - 	loaded 570/1038 of the data.
F:\code\medical-data-quality-pipeline\src\load\load_to_raw.py - build - 73

[INFO:20] 2026-07-05 15:48:58,463 - 	loaded 571/1038 of the data.
F:\code\medical-data-quality-pipeline\src\load\load_to_raw.py - build - 73

[INFO:20] 2026-07-05 15:48:58,499 - 	loaded 572/1038 of the data.
F:\code\medical-data-quality-pipeline\src\load\load_to_raw.py - build - 73

[INFO:20] 2026-07-05 15:48:58,536 - 	loaded 573/1038 of the data.
F:\code\medical-data-quality-pipeline\src\load\load_to_raw.py - build - 73

[INFO:20] 2026-07-05 15:48:58,569 - 	loaded 574/1038 of the data.
F:\code\medical-data-quality-pipeline\src\load\load_to_raw.py - build - 73

[INFO:20] 2026-07-05 15:48:58,719 - 	loaded 575/1038 of the data.
F:\code\medical-data-quality-pipeline\src\load\load_to_raw.py - build - 73

[INFO:20] 2026-07-05 15:48:58,756 - 	loaded 576/1038 of the data.
F:\code\medical-data-quality-pipeline\src\load\load_to_raw.py - build - 73

[INFO:20] 2026-07-05 15:48:58,789 - 	loaded 577/1038 of the data.
F:\code\medical-data-quality-pipeline\src\load\load_to_raw.py - build - 73

[INFO:20] 2026-07-05 15:48:58,824 - 	loaded 578/1038 of the data.
F:\code\medical-data-quality-pipeline\src\load\load_to_raw.py - build - 73

[INFO:20] 2026-07-05 15:48:58,857 - 	loaded 579/1038 of the data.
F:\code\medical-data-quality-pipeline\src\load\load_to_raw.py - build - 73

[INFO:20] 2026-07-05 15:48:58,889 - 	loaded 580/1038 of the data.
F:\code\medical-data-quality-pipeline\src\load\load_to_raw.py - build - 73

[INFO:20] 2026-07-05 15:48:58,922 - 	loaded 581/1038 of the data.
F:\code\medical-data-quality-pipeline\src\load\load_to_raw.py - build - 73

[INFO:20] 2026-07-05 15:48:58,960 - 	loaded 582/1038 of the data.
F:\code\medical-data-quality-pipeline\src\load\load_to_raw.py - build - 73

[INFO:20] 2026-07-05 15:48:58,997 - 	loaded 583/1038 of the data.
F:\code\medical-data-quality-pipeline\src\load\load_to_raw.py - build - 73

[INFO:20] 2026-07-05 15:48:59,030 - 	loaded 584/1038 of the data.
F:\code\medical-data-quality-pipeline\src\load\load_to_raw.py - build - 73

[INFO:20] 2026-07-05 15:48:59,065 - 	loaded 585/1038 of the data.
F:\code\medical-data-quality-pipeline\src\load\load_to_raw.py - build - 73

[INFO:20] 2026-07-05 15:48:59,099 - 	loaded 586/1038 of the data.
F:\code\medical-data-quality-pipeline\src\load\load_to_raw.py - build - 73

[INFO:20] 2026-07-05 15:48:59,133 - 	loaded 587/1038 of the data.
F:\code\medical-data-quality-pipeline\src\load\load_to_raw.py - build - 73

[INFO:20] 2026-07-05 15:48:59,316 - 	loaded 588/1038 of the data.
F:\code\medical-data-quality-pipeline\src\load\load_to_raw.py - build - 73

[INFO:20] 2026-07-05 15:48:59,468 - 	loaded 589/1038 of the data.
F:\code\medical-data-quality-pipeline\src\load\load_to_raw.py - build - 73

[INFO:20] 2026-07-05 15:48:59,505 - 	loaded 590/1038 of the data.
F:\code\medical-data-quality-pipeline\src\load\load_to_raw.py - build - 73

[INFO:20] 2026-07-05 15:48:59,544 - 	loaded 591/1038 of the data.
F:\code\medical-data-quality-pipeline\src\load\load_to_raw.py - build - 73

[INFO:20] 2026-07-05 15:48:59,710 - 	loaded 592/1038 of the data.
F:\code\medical-data-quality-pipeline\src\load\load_to_raw.py - build - 73

[INFO:20] 2026-07-05 15:48:59,858 - 	loaded 593/1038 of the data.
F:\code\medical-data-quality-pipeline\src\load\load_to_raw.py - build - 73

[INFO:20] 2026-07-05 15:48:59,895 - 	loaded 594/1038 of the data.
F:\code\medical-data-quality-pipeline\src\load\load_to_raw.py - build - 73

[INFO:20] 2026-07-05 15:48:59,942 - 	loaded 595/1038 of the data.
F:\code\medical-data-quality-pipeline\src\load\load_to_raw.py - build - 73

[INFO:20] 2026-07-05 15:48:59,977 - 	loaded 596/1038 of the data.
F:\code\medical-data-quality-pipeline\src\load\load_to_raw.py - build - 73

[INFO:20] 2026-07-05 15:49:00,023 - 	loaded 597/1038 of the data.
F:\code\medical-data-quality-pipeline\src\load\load_to_raw.py - build - 73

[INFO:20] 2026-07-05 15:49:00,068 - 	loaded 598/1038 of the data.
F:\code\medical-data-quality-pipeline\src\load\load_to_raw.py - build - 73

[INFO:20] 2026-07-05 15:49:00,110 - 	loaded 599/1038 of the data.
F:\code\medical-data-quality-pipeline\src\load\load_to_raw.py - build - 73

[INFO:20] 2026-07-05 15:49:00,141 - 	loaded 600/1038 of the data.
F:\code\medical-data-quality-pipeline\src\load\load_to_raw.py - build - 73

[INFO:20] 2026-07-05 15:49:00,177 - 	loaded 601/1038 of the data.
F:\code\medical-data-quality-pipeline\src\load\load_to_raw.py - build - 73

[INFO:20] 2026-07-05 15:49:00,211 - 	loaded 602/1038 of the data.
F:\code\medical-data-quality-pipeline\src\load\load_to_raw.py - build - 73

[INFO:20] 2026-07-05 15:49:00,245 - 	loaded 603/1038 of the data.
F:\code\medical-data-quality-pipeline\src\load\load_to_raw.py - build - 73

[INFO:20] 2026-07-05 15:49:00,278 - 	loaded 604/1038 of the data.
F:\code\medical-data-quality-pipeline\src\load\load_to_raw.py - build - 73

[INFO:20] 2026-07-05 15:49:00,312 - 	loaded 605/1038 of the data.
F:\code\medical-data-quality-pipeline\src\load\load_to_raw.py - build - 73

[INFO:20] 2026-07-05 15:49:00,346 - 	loaded 606/1038 of the data.
F:\code\medical-data-quality-pipeline\src\load\load_to_raw.py - build - 73

[INFO:20] 2026-07-05 15:49:00,378 - 	loaded 607/1038 of the data.
F:\code\medical-data-quality-pipeline\src\load\load_to_raw.py - build - 73

[INFO:20] 2026-07-05 15:49:00,414 - 	loaded 608/1038 of the data.
F:\code\medical-data-quality-pipeline\src\load\load_to_raw.py - build - 73

[INFO:20] 2026-07-05 15:49:00,449 - 	loaded 609/1038 of the data.
F:\code\medical-data-quality-pipeline\src\load\load_to_raw.py - build - 73

[INFO:20] 2026-07-05 15:49:00,484 - 	loaded 610/1038 of the data.
F:\code\medical-data-quality-pipeline\src\load\load_to_raw.py - build - 73

[INFO:20] 2026-07-05 15:49:00,519 - 	loaded 611/1038 of the data.
F:\code\medical-data-quality-pipeline\src\load\load_to_raw.py - build - 73

[INFO:20] 2026-07-05 15:49:00,552 - 	loaded 612/1038 of the data.
F:\code\medical-data-quality-pipeline\src\load\load_to_raw.py - build - 73

[INFO:20] 2026-07-05 15:49:00,586 - 	loaded 613/1038 of the data.
F:\code\medical-data-quality-pipeline\src\load\load_to_raw.py - build - 73

[INFO:20] 2026-07-05 15:49:00,624 - 	loaded 614/1038 of the data.
F:\code\medical-data-quality-pipeline\src\load\load_to_raw.py - build - 73

[INFO:20] 2026-07-05 15:49:00,662 - 	loaded 615/1038 of the data.
F:\code\medical-data-quality-pipeline\src\load\load_to_raw.py - build - 73

[INFO:20] 2026-07-05 15:49:00,694 - 	loaded 616/1038 of the data.
F:\code\medical-data-quality-pipeline\src\load\load_to_raw.py - build - 73

[INFO:20] 2026-07-05 15:49:00,845 - 	loaded 617/1038 of the data.
F:\code\medical-data-quality-pipeline\src\load\load_to_raw.py - build - 73

[INFO:20] 2026-07-05 15:49:00,880 - 	loaded 618/1038 of the data.
F:\code\medical-data-quality-pipeline\src\load\load_to_raw.py - build - 73

[INFO:20] 2026-07-05 15:49:00,913 - 	loaded 619/1038 of the data.
F:\code\medical-data-quality-pipeline\src\load\load_to_raw.py - build - 73

[INFO:20] 2026-07-05 15:49:00,953 - 	loaded 620/1038 of the data.
F:\code\medical-data-quality-pipeline\src\load\load_to_raw.py - build - 73

[INFO:20] 2026-07-05 15:49:00,994 - 	loaded 621/1038 of the data.
F:\code\medical-data-quality-pipeline\src\load\load_to_raw.py - build - 73

[INFO:20] 2026-07-05 15:49:01,033 - 	loaded 622/1038 of the data.
F:\code\medical-data-quality-pipeline\src\load\load_to_raw.py - build - 73

[INFO:20] 2026-07-05 15:49:01,072 - 	loaded 623/1038 of the data.
F:\code\medical-data-quality-pipeline\src\load\load_to_raw.py - build - 73

[INFO:20] 2026-07-05 15:49:01,107 - 	loaded 624/1038 of the data.
F:\code\medical-data-quality-pipeline\src\load\load_to_raw.py - build - 73

[INFO:20] 2026-07-05 15:49:01,280 - 	loaded 625/1038 of the data.
F:\code\medical-data-quality-pipeline\src\load\load_to_raw.py - build - 73

[INFO:20] 2026-07-05 15:49:01,326 - 	loaded 626/1038 of the data.
F:\code\medical-data-quality-pipeline\src\load\load_to_raw.py - build - 73

[INFO:20] 2026-07-05 15:49:01,361 - 	loaded 627/1038 of the data.
F:\code\medical-data-quality-pipeline\src\load\load_to_raw.py - build - 73

[INFO:20] 2026-07-05 15:49:01,395 - 	loaded 628/1038 of the data.
F:\code\medical-data-quality-pipeline\src\load\load_to_raw.py - build - 73

[INFO:20] 2026-07-05 15:49:01,428 - 	loaded 629/1038 of the data.
F:\code\medical-data-quality-pipeline\src\load\load_to_raw.py - build - 73

[INFO:20] 2026-07-05 15:49:01,459 - 	loaded 630/1038 of the data.
F:\code\medical-data-quality-pipeline\src\load\load_to_raw.py - build - 73

[INFO:20] 2026-07-05 15:49:01,493 - 	loaded 631/1038 of the data.
F:\code\medical-data-quality-pipeline\src\load\load_to_raw.py - build - 73

[INFO:20] 2026-07-05 15:49:01,532 - 	loaded 632/1038 of the data.
F:\code\medical-data-quality-pipeline\src\load\load_to_raw.py - build - 73

[INFO:20] 2026-07-05 15:49:01,566 - 	loaded 633/1038 of the data.
F:\code\medical-data-quality-pipeline\src\load\load_to_raw.py - build - 73

[INFO:20] 2026-07-05 15:49:01,601 - 	loaded 634/1038 of the data.
F:\code\medical-data-quality-pipeline\src\load\load_to_raw.py - build - 73

[INFO:20] 2026-07-05 15:49:01,637 - 	loaded 635/1038 of the data.
F:\code\medical-data-quality-pipeline\src\load\load_to_raw.py - build - 73

[INFO:20] 2026-07-05 15:49:01,674 - 	loaded 636/1038 of the data.
F:\code\medical-data-quality-pipeline\src\load\load_to_raw.py - build - 73

[INFO:20] 2026-07-05 15:49:01,819 - 	loaded 637/1038 of the data.
F:\code\medical-data-quality-pipeline\src\load\load_to_raw.py - build - 73

[INFO:20] 2026-07-05 15:49:01,853 - 	loaded 638/1038 of the data.
F:\code\medical-data-quality-pipeline\src\load\load_to_raw.py - build - 73

[INFO:20] 2026-07-05 15:49:01,885 - 	loaded 639/1038 of the data.
F:\code\medical-data-quality-pipeline\src\load\load_to_raw.py - build - 73

[INFO:20] 2026-07-05 15:49:01,919 - 	loaded 640/1038 of the data.
F:\code\medical-data-quality-pipeline\src\load\load_to_raw.py - build - 73

[INFO:20] 2026-07-05 15:49:01,951 - 	loaded 641/1038 of the data.
F:\code\medical-data-quality-pipeline\src\load\load_to_raw.py - build - 73

[INFO:20] 2026-07-05 15:49:01,984 - 	loaded 642/1038 of the data.
F:\code\medical-data-quality-pipeline\src\load\load_to_raw.py - build - 73

[INFO:20] 2026-07-05 15:49:02,019 - 	loaded 643/1038 of the data.
F:\code\medical-data-quality-pipeline\src\load\load_to_raw.py - build - 73

[INFO:20] 2026-07-05 15:49:02,055 - 	loaded 644/1038 of the data.
F:\code\medical-data-quality-pipeline\src\load\load_to_raw.py - build - 73

[INFO:20] 2026-07-05 15:49:02,095 - 	loaded 645/1038 of the data.
F:\code\medical-data-quality-pipeline\src\load\load_to_raw.py - build - 73

[INFO:20] 2026-07-05 15:49:02,130 - 	loaded 646/1038 of the data.
F:\code\medical-data-quality-pipeline\src\load\load_to_raw.py - build - 73

[INFO:20] 2026-07-05 15:49:02,164 - 	loaded 647/1038 of the data.
F:\code\medical-data-quality-pipeline\src\load\load_to_raw.py - build - 73

[INFO:20] 2026-07-05 15:49:02,310 - 	loaded 648/1038 of the data.
F:\code\medical-data-quality-pipeline\src\load\load_to_raw.py - build - 73

[INFO:20] 2026-07-05 15:49:02,489 - 	loaded 649/1038 of the data.
F:\code\medical-data-quality-pipeline\src\load\load_to_raw.py - build - 73

[INFO:20] 2026-07-05 15:49:02,532 - 	loaded 650/1038 of the data.
F:\code\medical-data-quality-pipeline\src\load\load_to_raw.py - build - 73

[INFO:20] 2026-07-05 15:49:02,571 - 	loaded 651/1038 of the data.
F:\code\medical-data-quality-pipeline\src\load\load_to_raw.py - build - 73

[INFO:20] 2026-07-05 15:49:02,603 - 	loaded 652/1038 of the data.
F:\code\medical-data-quality-pipeline\src\load\load_to_raw.py - build - 73

[INFO:20] 2026-07-05 15:49:02,638 - 	loaded 653/1038 of the data.
F:\code\medical-data-quality-pipeline\src\load\load_to_raw.py - build - 73

[INFO:20] 2026-07-05 15:49:02,676 - 	loaded 654/1038 of the data.
F:\code\medical-data-quality-pipeline\src\load\load_to_raw.py - build - 73

[INFO:20] 2026-07-05 15:49:02,714 - 	loaded 655/1038 of the data.
F:\code\medical-data-quality-pipeline\src\load\load_to_raw.py - build - 73

[INFO:20] 2026-07-05 15:49:02,748 - 	loaded 656/1038 of the data.
F:\code\medical-data-quality-pipeline\src\load\load_to_raw.py - build - 73

[INFO:20] 2026-07-05 15:49:02,787 - 	loaded 657/1038 of the data.
F:\code\medical-data-quality-pipeline\src\load\load_to_raw.py - build - 73

[INFO:20] 2026-07-05 15:49:02,821 - 	loaded 658/1038 of the data.
F:\code\medical-data-quality-pipeline\src\load\load_to_raw.py - build - 73

[INFO:20] 2026-07-05 15:49:02,854 - 	loaded 659/1038 of the data.
F:\code\medical-data-quality-pipeline\src\load\load_to_raw.py - build - 73

[INFO:20] 2026-07-05 15:49:02,888 - 	loaded 660/1038 of the data.
F:\code\medical-data-quality-pipeline\src\load\load_to_raw.py - build - 73

[INFO:20] 2026-07-05 15:49:02,921 - 	loaded 661/1038 of the data.
F:\code\medical-data-quality-pipeline\src\load\load_to_raw.py - build - 73

[INFO:20] 2026-07-05 15:49:02,954 - 	loaded 662/1038 of the data.
F:\code\medical-data-quality-pipeline\src\load\load_to_raw.py - build - 73

[INFO:20] 2026-07-05 15:49:02,995 - 	loaded 663/1038 of the data.
F:\code\medical-data-quality-pipeline\src\load\load_to_raw.py - build - 73

[INFO:20] 2026-07-05 15:49:03,030 - 	loaded 664/1038 of the data.
F:\code\medical-data-quality-pipeline\src\load\load_to_raw.py - build - 73

[INFO:20] 2026-07-05 15:49:03,065 - 	loaded 665/1038 of the data.
F:\code\medical-data-quality-pipeline\src\load\load_to_raw.py - build - 73

[INFO:20] 2026-07-05 15:49:03,098 - 	loaded 666/1038 of the data.
F:\code\medical-data-quality-pipeline\src\load\load_to_raw.py - build - 73

[INFO:20] 2026-07-05 15:49:03,135 - 	loaded 667/1038 of the data.
F:\code\medical-data-quality-pipeline\src\load\load_to_raw.py - build - 73

[INFO:20] 2026-07-05 15:49:03,170 - 	loaded 668/1038 of the data.
F:\code\medical-data-quality-pipeline\src\load\load_to_raw.py - build - 73

[INFO:20] 2026-07-05 15:49:03,208 - 	loaded 669/1038 of the data.
F:\code\medical-data-quality-pipeline\src\load\load_to_raw.py - build - 73

[INFO:20] 2026-07-05 15:49:03,244 - 	loaded 670/1038 of the data.
F:\code\medical-data-quality-pipeline\src\load\load_to_raw.py - build - 73

[INFO:20] 2026-07-05 15:49:03,279 - 	loaded 671/1038 of the data.
F:\code\medical-data-quality-pipeline\src\load\load_to_raw.py - build - 73

[INFO:20] 2026-07-05 15:49:03,314 - 	loaded 672/1038 of the data.
F:\code\medical-data-quality-pipeline\src\load\load_to_raw.py - build - 73

[INFO:20] 2026-07-05 15:49:03,373 - 	loaded 673/1038 of the data.
F:\code\medical-data-quality-pipeline\src\load\load_to_raw.py - build - 73

[INFO:20] 2026-07-05 15:49:03,420 - 	loaded 674/1038 of the data.
F:\code\medical-data-quality-pipeline\src\load\load_to_raw.py - build - 73

[INFO:20] 2026-07-05 15:49:03,456 - 	loaded 675/1038 of the data.
F:\code\medical-data-quality-pipeline\src\load\load_to_raw.py - build - 73

[INFO:20] 2026-07-05 15:49:03,606 - 	loaded 676/1038 of the data.
F:\code\medical-data-quality-pipeline\src\load\load_to_raw.py - build - 73

[INFO:20] 2026-07-05 15:49:03,753 - 	loaded 677/1038 of the data.
F:\code\medical-data-quality-pipeline\src\load\load_to_raw.py - build - 73

[INFO:20] 2026-07-05 15:49:03,791 - 	loaded 678/1038 of the data.
F:\code\medical-data-quality-pipeline\src\load\load_to_raw.py - build - 73

[INFO:20] 2026-07-05 15:49:03,831 - 	loaded 679/1038 of the data.
F:\code\medical-data-quality-pipeline\src\load\load_to_raw.py - build - 73

[INFO:20] 2026-07-05 15:49:03,871 - 	loaded 680/1038 of the data.
F:\code\medical-data-quality-pipeline\src\load\load_to_raw.py - build - 73

[INFO:20] 2026-07-05 15:49:03,906 - 	loaded 681/1038 of the data.
F:\code\medical-data-quality-pipeline\src\load\load_to_raw.py - build - 73

[INFO:20] 2026-07-05 15:49:03,946 - 	loaded 682/1038 of the data.
F:\code\medical-data-quality-pipeline\src\load\load_to_raw.py - build - 73

[INFO:20] 2026-07-05 15:49:03,983 - 	loaded 683/1038 of the data.
F:\code\medical-data-quality-pipeline\src\load\load_to_raw.py - build - 73

[INFO:20] 2026-07-05 15:49:04,019 - 	loaded 684/1038 of the data.
F:\code\medical-data-quality-pipeline\src\load\load_to_raw.py - build - 73

[INFO:20] 2026-07-05 15:49:04,052 - 	loaded 685/1038 of the data.
F:\code\medical-data-quality-pipeline\src\load\load_to_raw.py - build - 73

[INFO:20] 2026-07-05 15:49:04,196 - 	loaded 686/1038 of the data.
F:\code\medical-data-quality-pipeline\src\load\load_to_raw.py - build - 73

[INFO:20] 2026-07-05 15:49:04,236 - 	loaded 687/1038 of the data.
F:\code\medical-data-quality-pipeline\src\load\load_to_raw.py - build - 73

[INFO:20] 2026-07-05 15:49:04,274 - 	loaded 688/1038 of the data.
F:\code\medical-data-quality-pipeline\src\load\load_to_raw.py - build - 73

[INFO:20] 2026-07-05 15:49:04,321 - 	loaded 689/1038 of the data.
F:\code\medical-data-quality-pipeline\src\load\load_to_raw.py - build - 73

[INFO:20] 2026-07-05 15:49:04,472 - 	loaded 690/1038 of the data.
F:\code\medical-data-quality-pipeline\src\load\load_to_raw.py - build - 73

[INFO:20] 2026-07-05 15:49:04,650 - 	loaded 691/1038 of the data.
F:\code\medical-data-quality-pipeline\src\load\load_to_raw.py - build - 73

[INFO:20] 2026-07-05 15:49:04,690 - 	loaded 692/1038 of the data.
F:\code\medical-data-quality-pipeline\src\load\load_to_raw.py - build - 73

[INFO:20] 2026-07-05 15:49:04,724 - 	loaded 693/1038 of the data.
F:\code\medical-data-quality-pipeline\src\load\load_to_raw.py - build - 73

[INFO:20] 2026-07-05 15:49:04,758 - 	loaded 694/1038 of the data.
F:\code\medical-data-quality-pipeline\src\load\load_to_raw.py - build - 73

[INFO:20] 2026-07-05 15:49:04,790 - 	loaded 695/1038 of the data.
F:\code\medical-data-quality-pipeline\src\load\load_to_raw.py - build - 73

[INFO:20] 2026-07-05 15:49:04,828 - 	loaded 696/1038 of the data.
F:\code\medical-data-quality-pipeline\src\load\load_to_raw.py - build - 73

[INFO:20] 2026-07-05 15:49:04,859 - 	loaded 697/1038 of the data.
F:\code\medical-data-quality-pipeline\src\load\load_to_raw.py - build - 73

[INFO:20] 2026-07-05 15:49:04,892 - 	loaded 698/1038 of the data.
F:\code\medical-data-quality-pipeline\src\load\load_to_raw.py - build - 73

[INFO:20] 2026-07-05 15:49:05,042 - 	loaded 699/1038 of the data.
F:\code\medical-data-quality-pipeline\src\load\load_to_raw.py - build - 73

[INFO:20] 2026-07-05 15:49:05,081 - 	loaded 700/1038 of the data.
F:\code\medical-data-quality-pipeline\src\load\load_to_raw.py - build - 73

[INFO:20] 2026-07-05 15:49:05,115 - 	loaded 701/1038 of the data.
F:\code\medical-data-quality-pipeline\src\load\load_to_raw.py - build - 73

[INFO:20] 2026-07-05 15:49:05,149 - 	loaded 702/1038 of the data.
F:\code\medical-data-quality-pipeline\src\load\load_to_raw.py - build - 73

[INFO:20] 2026-07-05 15:49:05,182 - 	loaded 703/1038 of the data.
F:\code\medical-data-quality-pipeline\src\load\load_to_raw.py - build - 73

[INFO:20] 2026-07-05 15:49:05,216 - 	loaded 704/1038 of the data.
F:\code\medical-data-quality-pipeline\src\load\load_to_raw.py - build - 73

[INFO:20] 2026-07-05 15:49:05,367 - 	loaded 705/1038 of the data.
F:\code\medical-data-quality-pipeline\src\load\load_to_raw.py - build - 73

[INFO:20] 2026-07-05 15:49:05,403 - 	loaded 706/1038 of the data.
F:\code\medical-data-quality-pipeline\src\load\load_to_raw.py - build - 73

[INFO:20] 2026-07-05 15:49:05,559 - 	loaded 707/1038 of the data.
F:\code\medical-data-quality-pipeline\src\load\load_to_raw.py - build - 73

[INFO:20] 2026-07-05 15:49:05,600 - 	loaded 708/1038 of the data.
F:\code\medical-data-quality-pipeline\src\load\load_to_raw.py - build - 73

[INFO:20] 2026-07-05 15:49:05,633 - 	loaded 709/1038 of the data.
F:\code\medical-data-quality-pipeline\src\load\load_to_raw.py - build - 73

[INFO:20] 2026-07-05 15:49:05,665 - 	loaded 710/1038 of the data.
F:\code\medical-data-quality-pipeline\src\load\load_to_raw.py - build - 73

[INFO:20] 2026-07-05 15:49:05,702 - 	loaded 711/1038 of the data.
F:\code\medical-data-quality-pipeline\src\load\load_to_raw.py - build - 73

[INFO:20] 2026-07-05 15:49:05,734 - 	loaded 712/1038 of the data.
F:\code\medical-data-quality-pipeline\src\load\load_to_raw.py - build - 73

[INFO:20] 2026-07-05 15:49:05,768 - 	loaded 713/1038 of the data.
F:\code\medical-data-quality-pipeline\src\load\load_to_raw.py - build - 73

[INFO:20] 2026-07-05 15:49:05,912 - 	loaded 714/1038 of the data.
F:\code\medical-data-quality-pipeline\src\load\load_to_raw.py - build - 73

[INFO:20] 2026-07-05 15:49:05,942 - 	loaded 715/1038 of the data.
F:\code\medical-data-quality-pipeline\src\load\load_to_raw.py - build - 73

[INFO:20] 2026-07-05 15:49:05,976 - 	loaded 716/1038 of the data.
F:\code\medical-data-quality-pipeline\src\load\load_to_raw.py - build - 73

[INFO:20] 2026-07-05 15:49:06,010 - 	loaded 717/1038 of the data.
F:\code\medical-data-quality-pipeline\src\load\load_to_raw.py - build - 73

[INFO:20] 2026-07-05 15:49:06,043 - 	loaded 718/1038 of the data.
F:\code\medical-data-quality-pipeline\src\load\load_to_raw.py - build - 73

[INFO:20] 2026-07-05 15:49:06,076 - 	loaded 719/1038 of the data.
F:\code\medical-data-quality-pipeline\src\load\load_to_raw.py - build - 73

[INFO:20] 2026-07-05 15:49:06,113 - 	loaded 720/1038 of the data.
F:\code\medical-data-quality-pipeline\src\load\load_to_raw.py - build - 73

[INFO:20] 2026-07-05 15:49:06,149 - 	loaded 721/1038 of the data.
F:\code\medical-data-quality-pipeline\src\load\load_to_raw.py - build - 73

[INFO:20] 2026-07-05 15:49:06,187 - 	loaded 722/1038 of the data.
F:\code\medical-data-quality-pipeline\src\load\load_to_raw.py - build - 73

[INFO:20] 2026-07-05 15:49:06,222 - 	loaded 723/1038 of the data.
F:\code\medical-data-quality-pipeline\src\load\load_to_raw.py - build - 73

[INFO:20] 2026-07-05 15:49:06,255 - 	loaded 724/1038 of the data.
F:\code\medical-data-quality-pipeline\src\load\load_to_raw.py - build - 73

[INFO:20] 2026-07-05 15:49:06,289 - 	loaded 725/1038 of the data.
F:\code\medical-data-quality-pipeline\src\load\load_to_raw.py - build - 73

[INFO:20] 2026-07-05 15:49:06,322 - 	loaded 726/1038 of the data.
F:\code\medical-data-quality-pipeline\src\load\load_to_raw.py - build - 73

[INFO:20] 2026-07-05 15:49:06,358 - 	loaded 727/1038 of the data.
F:\code\medical-data-quality-pipeline\src\load\load_to_raw.py - build - 73

[INFO:20] 2026-07-05 15:49:06,393 - 	loaded 728/1038 of the data.
F:\code\medical-data-quality-pipeline\src\load\load_to_raw.py - build - 73

[INFO:20] 2026-07-05 15:49:06,428 - 	loaded 729/1038 of the data.
F:\code\medical-data-quality-pipeline\src\load\load_to_raw.py - build - 73

[INFO:20] 2026-07-05 15:49:06,462 - 	loaded 730/1038 of the data.
F:\code\medical-data-quality-pipeline\src\load\load_to_raw.py - build - 73

[INFO:20] 2026-07-05 15:49:06,496 - 	loaded 731/1038 of the data.
F:\code\medical-data-quality-pipeline\src\load\load_to_raw.py - build - 73

[INFO:20] 2026-07-05 15:49:06,529 - 	loaded 732/1038 of the data.
F:\code\medical-data-quality-pipeline\src\load\load_to_raw.py - build - 73

[INFO:20] 2026-07-05 15:49:06,568 - 	loaded 733/1038 of the data.
F:\code\medical-data-quality-pipeline\src\load\load_to_raw.py - build - 73

[INFO:20] 2026-07-05 15:49:06,605 - 	loaded 734/1038 of the data.
F:\code\medical-data-quality-pipeline\src\load\load_to_raw.py - build - 73

[INFO:20] 2026-07-05 15:49:06,640 - 	loaded 735/1038 of the data.
F:\code\medical-data-quality-pipeline\src\load\load_to_raw.py - build - 73

[INFO:20] 2026-07-05 15:49:06,675 - 	loaded 736/1038 of the data.
F:\code\medical-data-quality-pipeline\src\load\load_to_raw.py - build - 73

[INFO:20] 2026-07-05 15:49:06,707 - 	loaded 737/1038 of the data.
F:\code\medical-data-quality-pipeline\src\load\load_to_raw.py - build - 73

[INFO:20] 2026-07-05 15:49:06,741 - 	loaded 738/1038 of the data.
F:\code\medical-data-quality-pipeline\src\load\load_to_raw.py - build - 73

[INFO:20] 2026-07-05 15:49:06,780 - 	loaded 739/1038 of the data.
F:\code\medical-data-quality-pipeline\src\load\load_to_raw.py - build - 73

[INFO:20] 2026-07-05 15:49:06,815 - 	loaded 740/1038 of the data.
F:\code\medical-data-quality-pipeline\src\load\load_to_raw.py - build - 73

[INFO:20] 2026-07-05 15:49:06,850 - 	loaded 741/1038 of the data.
F:\code\medical-data-quality-pipeline\src\load\load_to_raw.py - build - 73

[INFO:20] 2026-07-05 15:49:06,887 - 	loaded 742/1038 of the data.
F:\code\medical-data-quality-pipeline\src\load\load_to_raw.py - build - 73

[INFO:20] 2026-07-05 15:49:06,921 - 	loaded 743/1038 of the data.
F:\code\medical-data-quality-pipeline\src\load\load_to_raw.py - build - 73

[INFO:20] 2026-07-05 15:49:06,959 - 	loaded 744/1038 of the data.
F:\code\medical-data-quality-pipeline\src\load\load_to_raw.py - build - 73

[INFO:20] 2026-07-05 15:49:06,996 - 	loaded 745/1038 of the data.
F:\code\medical-data-quality-pipeline\src\load\load_to_raw.py - build - 73

[INFO:20] 2026-07-05 15:49:07,029 - 	loaded 746/1038 of the data.
F:\code\medical-data-quality-pipeline\src\load\load_to_raw.py - build - 73

[INFO:20] 2026-07-05 15:49:07,186 - 	loaded 747/1038 of the data.
F:\code\medical-data-quality-pipeline\src\load\load_to_raw.py - build - 73

[INFO:20] 2026-07-05 15:49:07,220 - 	loaded 748/1038 of the data.
F:\code\medical-data-quality-pipeline\src\load\load_to_raw.py - build - 73

[INFO:20] 2026-07-05 15:49:07,252 - 	loaded 749/1038 of the data.
F:\code\medical-data-quality-pipeline\src\load\load_to_raw.py - build - 73

[INFO:20] 2026-07-05 15:49:07,284 - 	loaded 750/1038 of the data.
F:\code\medical-data-quality-pipeline\src\load\load_to_raw.py - build - 73

[INFO:20] 2026-07-05 15:49:07,315 - 	loaded 751/1038 of the data.
F:\code\medical-data-quality-pipeline\src\load\load_to_raw.py - build - 73

[INFO:20] 2026-07-05 15:49:07,353 - 	loaded 752/1038 of the data.
F:\code\medical-data-quality-pipeline\src\load\load_to_raw.py - build - 73

[INFO:20] 2026-07-05 15:49:07,386 - 	loaded 753/1038 of the data.
F:\code\medical-data-quality-pipeline\src\load\load_to_raw.py - build - 73

[INFO:20] 2026-07-05 15:49:07,422 - 	loaded 754/1038 of the data.
F:\code\medical-data-quality-pipeline\src\load\load_to_raw.py - build - 73

[INFO:20] 2026-07-05 15:49:07,460 - 	loaded 755/1038 of the data.
F:\code\medical-data-quality-pipeline\src\load\load_to_raw.py - build - 73

[INFO:20] 2026-07-05 15:49:07,494 - 	loaded 756/1038 of the data.
F:\code\medical-data-quality-pipeline\src\load\load_to_raw.py - build - 73

[INFO:20] 2026-07-05 15:49:07,685 - 	loaded 757/1038 of the data.
F:\code\medical-data-quality-pipeline\src\load\load_to_raw.py - build - 73

[INFO:20] 2026-07-05 15:49:07,742 - 	loaded 758/1038 of the data.
F:\code\medical-data-quality-pipeline\src\load\load_to_raw.py - build - 73

[INFO:20] 2026-07-05 15:49:07,780 - 	loaded 759/1038 of the data.
F:\code\medical-data-quality-pipeline\src\load\load_to_raw.py - build - 73

[INFO:20] 2026-07-05 15:49:07,810 - 	loaded 760/1038 of the data.
F:\code\medical-data-quality-pipeline\src\load\load_to_raw.py - build - 73

[INFO:20] 2026-07-05 15:49:07,840 - 	loaded 761/1038 of the data.
F:\code\medical-data-quality-pipeline\src\load\load_to_raw.py - build - 73

[INFO:20] 2026-07-05 15:49:07,872 - 	loaded 762/1038 of the data.
F:\code\medical-data-quality-pipeline\src\load\load_to_raw.py - build - 73

[INFO:20] 2026-07-05 15:49:07,905 - 	loaded 763/1038 of the data.
F:\code\medical-data-quality-pipeline\src\load\load_to_raw.py - build - 73

[INFO:20] 2026-07-05 15:49:07,941 - 	loaded 764/1038 of the data.
F:\code\medical-data-quality-pipeline\src\load\load_to_raw.py - build - 73

[INFO:20] 2026-07-05 15:49:07,980 - 	loaded 765/1038 of the data.
F:\code\medical-data-quality-pipeline\src\load\load_to_raw.py - build - 73

[INFO:20] 2026-07-05 15:49:08,012 - 	loaded 766/1038 of the data.
F:\code\medical-data-quality-pipeline\src\load\load_to_raw.py - build - 73

[INFO:20] 2026-07-05 15:49:08,161 - 	loaded 767/1038 of the data.
F:\code\medical-data-quality-pipeline\src\load\load_to_raw.py - build - 73

[INFO:20] 2026-07-05 15:49:08,193 - 	loaded 768/1038 of the data.
F:\code\medical-data-quality-pipeline\src\load\load_to_raw.py - build - 73

[INFO:20] 2026-07-05 15:49:08,228 - 	loaded 769/1038 of the data.
F:\code\medical-data-quality-pipeline\src\load\load_to_raw.py - build - 73

[INFO:20] 2026-07-05 15:49:08,261 - 	loaded 770/1038 of the data.
F:\code\medical-data-quality-pipeline\src\load\load_to_raw.py - build - 73

[INFO:20] 2026-07-05 15:49:08,295 - 	loaded 771/1038 of the data.
F:\code\medical-data-quality-pipeline\src\load\load_to_raw.py - build - 73

[INFO:20] 2026-07-05 15:49:08,328 - 	loaded 772/1038 of the data.
F:\code\medical-data-quality-pipeline\src\load\load_to_raw.py - build - 73

[INFO:20] 2026-07-05 15:49:08,363 - 	loaded 773/1038 of the data.
F:\code\medical-data-quality-pipeline\src\load\load_to_raw.py - build - 73

[INFO:20] 2026-07-05 15:49:08,399 - 	loaded 774/1038 of the data.
F:\code\medical-data-quality-pipeline\src\load\load_to_raw.py - build - 73

[INFO:20] 2026-07-05 15:49:08,433 - 	loaded 775/1038 of the data.
F:\code\medical-data-quality-pipeline\src\load\load_to_raw.py - build - 73

[INFO:20] 2026-07-05 15:49:08,466 - 	loaded 776/1038 of the data.
F:\code\medical-data-quality-pipeline\src\load\load_to_raw.py - build - 73

[INFO:20] 2026-07-05 15:49:08,500 - 	loaded 777/1038 of the data.
F:\code\medical-data-quality-pipeline\src\load\load_to_raw.py - build - 73

[INFO:20] 2026-07-05 15:49:08,535 - 	loaded 778/1038 of the data.
F:\code\medical-data-quality-pipeline\src\load\load_to_raw.py - build - 73

[INFO:20] 2026-07-05 15:49:08,569 - 	loaded 779/1038 of the data.
F:\code\medical-data-quality-pipeline\src\load\load_to_raw.py - build - 73

[INFO:20] 2026-07-05 15:49:08,608 - 	loaded 780/1038 of the data.
F:\code\medical-data-quality-pipeline\src\load\load_to_raw.py - build - 73

[INFO:20] 2026-07-05 15:49:08,649 - 	loaded 781/1038 of the data.
F:\code\medical-data-quality-pipeline\src\load\load_to_raw.py - build - 73

[INFO:20] 2026-07-05 15:49:08,684 - 	loaded 782/1038 of the data.
F:\code\medical-data-quality-pipeline\src\load\load_to_raw.py - build - 73

[INFO:20] 2026-07-05 15:49:08,719 - 	loaded 783/1038 of the data.
F:\code\medical-data-quality-pipeline\src\load\load_to_raw.py - build - 73

[INFO:20] 2026-07-05 15:49:08,753 - 	loaded 784/1038 of the data.
F:\code\medical-data-quality-pipeline\src\load\load_to_raw.py - build - 73

[INFO:20] 2026-07-05 15:49:08,789 - 	loaded 785/1038 of the data.
F:\code\medical-data-quality-pipeline\src\load\load_to_raw.py - build - 73

[INFO:20] 2026-07-05 15:49:08,827 - 	loaded 786/1038 of the data.
F:\code\medical-data-quality-pipeline\src\load\load_to_raw.py - build - 73

[INFO:20] 2026-07-05 15:49:08,862 - 	loaded 787/1038 of the data.
F:\code\medical-data-quality-pipeline\src\load\load_to_raw.py - build - 73

[INFO:20] 2026-07-05 15:49:08,897 - 	loaded 788/1038 of the data.
F:\code\medical-data-quality-pipeline\src\load\load_to_raw.py - build - 73

[INFO:20] 2026-07-05 15:49:08,931 - 	loaded 789/1038 of the data.
F:\code\medical-data-quality-pipeline\src\load\load_to_raw.py - build - 73

[INFO:20] 2026-07-05 15:49:08,965 - 	loaded 790/1038 of the data.
F:\code\medical-data-quality-pipeline\src\load\load_to_raw.py - build - 73

[INFO:20] 2026-07-05 15:49:09,000 - 	loaded 791/1038 of the data.
F:\code\medical-data-quality-pipeline\src\load\load_to_raw.py - build - 73

[INFO:20] 2026-07-05 15:49:09,039 - 	loaded 792/1038 of the data.
F:\code\medical-data-quality-pipeline\src\load\load_to_raw.py - build - 73

[INFO:20] 2026-07-05 15:49:09,073 - 	loaded 793/1038 of the data.
F:\code\medical-data-quality-pipeline\src\load\load_to_raw.py - build - 73

[INFO:20] 2026-07-05 15:49:09,109 - 	loaded 794/1038 of the data.
F:\code\medical-data-quality-pipeline\src\load\load_to_raw.py - build - 73

[INFO:20] 2026-07-05 15:49:09,142 - 	loaded 795/1038 of the data.
F:\code\medical-data-quality-pipeline\src\load\load_to_raw.py - build - 73

[INFO:20] 2026-07-05 15:49:09,281 - 	loaded 796/1038 of the data.
F:\code\medical-data-quality-pipeline\src\load\load_to_raw.py - build - 73

[INFO:20] 2026-07-05 15:49:09,313 - 	loaded 797/1038 of the data.
F:\code\medical-data-quality-pipeline\src\load\load_to_raw.py - build - 73

[INFO:20] 2026-07-05 15:49:09,346 - 	loaded 798/1038 of the data.
F:\code\medical-data-quality-pipeline\src\load\load_to_raw.py - build - 73

[INFO:20] 2026-07-05 15:49:09,381 - 	loaded 799/1038 of the data.
F:\code\medical-data-quality-pipeline\src\load\load_to_raw.py - build - 73

[INFO:20] 2026-07-05 15:49:09,414 - 	loaded 800/1038 of the data.
F:\code\medical-data-quality-pipeline\src\load\load_to_raw.py - build - 73

[INFO:20] 2026-07-05 15:49:09,448 - 	loaded 801/1038 of the data.
F:\code\medical-data-quality-pipeline\src\load\load_to_raw.py - build - 73

[INFO:20] 2026-07-05 15:49:09,482 - 	loaded 802/1038 of the data.
F:\code\medical-data-quality-pipeline\src\load\load_to_raw.py - build - 73

[INFO:20] 2026-07-05 15:49:09,636 - 	loaded 803/1038 of the data.
F:\code\medical-data-quality-pipeline\src\load\load_to_raw.py - build - 73

[INFO:20] 2026-07-05 15:49:09,672 - 	loaded 804/1038 of the data.
F:\code\medical-data-quality-pipeline\src\load\load_to_raw.py - build - 73

[INFO:20] 2026-07-05 15:49:09,705 - 	loaded 805/1038 of the data.
F:\code\medical-data-quality-pipeline\src\load\load_to_raw.py - build - 73

[INFO:20] 2026-07-05 15:49:09,739 - 	loaded 806/1038 of the data.
F:\code\medical-data-quality-pipeline\src\load\load_to_raw.py - build - 73

[INFO:20] 2026-07-05 15:49:09,774 - 	loaded 807/1038 of the data.
F:\code\medical-data-quality-pipeline\src\load\load_to_raw.py - build - 73

[INFO:20] 2026-07-05 15:49:09,921 - 	loaded 808/1038 of the data.
F:\code\medical-data-quality-pipeline\src\load\load_to_raw.py - build - 73

[INFO:20] 2026-07-05 15:49:09,960 - 	loaded 809/1038 of the data.
F:\code\medical-data-quality-pipeline\src\load\load_to_raw.py - build - 73

[INFO:20] 2026-07-05 15:49:09,993 - 	loaded 810/1038 of the data.
F:\code\medical-data-quality-pipeline\src\load\load_to_raw.py - build - 73

[INFO:20] 2026-07-05 15:49:10,132 - 	loaded 811/1038 of the data.
F:\code\medical-data-quality-pipeline\src\load\load_to_raw.py - build - 73

[INFO:20] 2026-07-05 15:49:10,168 - 	loaded 812/1038 of the data.
F:\code\medical-data-quality-pipeline\src\load\load_to_raw.py - build - 73

[INFO:20] 2026-07-05 15:49:10,200 - 	loaded 813/1038 of the data.
F:\code\medical-data-quality-pipeline\src\load\load_to_raw.py - build - 73

[INFO:20] 2026-07-05 15:49:10,340 - 	loaded 814/1038 of the data.
F:\code\medical-data-quality-pipeline\src\load\load_to_raw.py - build - 73

[INFO:20] 2026-07-05 15:49:10,379 - 	loaded 815/1038 of the data.
F:\code\medical-data-quality-pipeline\src\load\load_to_raw.py - build - 73

[INFO:20] 2026-07-05 15:49:10,540 - 	loaded 816/1038 of the data.
F:\code\medical-data-quality-pipeline\src\load\load_to_raw.py - build - 73

[INFO:20] 2026-07-05 15:49:10,577 - 	loaded 817/1038 of the data.
F:\code\medical-data-quality-pipeline\src\load\load_to_raw.py - build - 73

[INFO:20] 2026-07-05 15:49:10,608 - 	loaded 818/1038 of the data.
F:\code\medical-data-quality-pipeline\src\load\load_to_raw.py - build - 73

[INFO:20] 2026-07-05 15:49:10,641 - 	loaded 819/1038 of the data.
F:\code\medical-data-quality-pipeline\src\load\load_to_raw.py - build - 73

[INFO:20] 2026-07-05 15:49:10,674 - 	loaded 820/1038 of the data.
F:\code\medical-data-quality-pipeline\src\load\load_to_raw.py - build - 73

[INFO:20] 2026-07-05 15:49:10,706 - 	loaded 821/1038 of the data.
F:\code\medical-data-quality-pipeline\src\load\load_to_raw.py - build - 73

[INFO:20] 2026-07-05 15:49:10,739 - 	loaded 822/1038 of the data.
F:\code\medical-data-quality-pipeline\src\load\load_to_raw.py - build - 73

[INFO:20] 2026-07-05 15:49:10,773 - 	loaded 823/1038 of the data.
F:\code\medical-data-quality-pipeline\src\load\load_to_raw.py - build - 73

[INFO:20] 2026-07-05 15:49:10,809 - 	loaded 824/1038 of the data.
F:\code\medical-data-quality-pipeline\src\load\load_to_raw.py - build - 73

[INFO:20] 2026-07-05 15:49:10,846 - 	loaded 825/1038 of the data.
F:\code\medical-data-quality-pipeline\src\load\load_to_raw.py - build - 73

[INFO:20] 2026-07-05 15:49:10,882 - 	loaded 826/1038 of the data.
F:\code\medical-data-quality-pipeline\src\load\load_to_raw.py - build - 73

[INFO:20] 2026-07-05 15:49:11,053 - 	loaded 827/1038 of the data.
F:\code\medical-data-quality-pipeline\src\load\load_to_raw.py - build - 73

[INFO:20] 2026-07-05 15:49:11,091 - 	loaded 828/1038 of the data.
F:\code\medical-data-quality-pipeline\src\load\load_to_raw.py - build - 73

[INFO:20] 2026-07-05 15:49:11,125 - 	loaded 829/1038 of the data.
F:\code\medical-data-quality-pipeline\src\load\load_to_raw.py - build - 73

[INFO:20] 2026-07-05 15:49:11,159 - 	loaded 830/1038 of the data.
F:\code\medical-data-quality-pipeline\src\load\load_to_raw.py - build - 73

[INFO:20] 2026-07-05 15:49:11,192 - 	loaded 831/1038 of the data.
F:\code\medical-data-quality-pipeline\src\load\load_to_raw.py - build - 73

[INFO:20] 2026-07-05 15:49:11,225 - 	loaded 832/1038 of the data.
F:\code\medical-data-quality-pipeline\src\load\load_to_raw.py - build - 73

[INFO:20] 2026-07-05 15:49:11,258 - 	loaded 833/1038 of the data.
F:\code\medical-data-quality-pipeline\src\load\load_to_raw.py - build - 73

[INFO:20] 2026-07-05 15:49:11,291 - 	loaded 834/1038 of the data.
F:\code\medical-data-quality-pipeline\src\load\load_to_raw.py - build - 73

[INFO:20] 2026-07-05 15:49:11,327 - 	loaded 835/1038 of the data.
F:\code\medical-data-quality-pipeline\src\load\load_to_raw.py - build - 73

[INFO:20] 2026-07-05 15:49:11,360 - 	loaded 836/1038 of the data.
F:\code\medical-data-quality-pipeline\src\load\load_to_raw.py - build - 73

[INFO:20] 2026-07-05 15:49:11,394 - 	loaded 837/1038 of the data.
F:\code\medical-data-quality-pipeline\src\load\load_to_raw.py - build - 73

[INFO:20] 2026-07-05 15:49:11,425 - 	loaded 838/1038 of the data.
F:\code\medical-data-quality-pipeline\src\load\load_to_raw.py - build - 73

[INFO:20] 2026-07-05 15:49:11,455 - 	loaded 839/1038 of the data.
F:\code\medical-data-quality-pipeline\src\load\load_to_raw.py - build - 73

[INFO:20] 2026-07-05 15:49:11,490 - 	loaded 840/1038 of the data.
F:\code\medical-data-quality-pipeline\src\load\load_to_raw.py - build - 73

[INFO:20] 2026-07-05 15:49:11,527 - 	loaded 841/1038 of the data.
F:\code\medical-data-quality-pipeline\src\load\load_to_raw.py - build - 73

[INFO:20] 2026-07-05 15:49:11,563 - 	loaded 842/1038 of the data.
F:\code\medical-data-quality-pipeline\src\load\load_to_raw.py - build - 73

[INFO:20] 2026-07-05 15:49:11,597 - 	loaded 843/1038 of the data.
F:\code\medical-data-quality-pipeline\src\load\load_to_raw.py - build - 73

[INFO:20] 2026-07-05 15:49:11,631 - 	loaded 844/1038 of the data.
F:\code\medical-data-quality-pipeline\src\load\load_to_raw.py - build - 73

[INFO:20] 2026-07-05 15:49:11,666 - 	loaded 845/1038 of the data.
F:\code\medical-data-quality-pipeline\src\load\load_to_raw.py - build - 73

[INFO:20] 2026-07-05 15:49:11,707 - 	loaded 846/1038 of the data.
F:\code\medical-data-quality-pipeline\src\load\load_to_raw.py - build - 73

[INFO:20] 2026-07-05 15:49:11,745 - 	loaded 847/1038 of the data.
F:\code\medical-data-quality-pipeline\src\load\load_to_raw.py - build - 73

[INFO:20] 2026-07-05 15:49:11,781 - 	loaded 848/1038 of the data.
F:\code\medical-data-quality-pipeline\src\load\load_to_raw.py - build - 73

[INFO:20] 2026-07-05 15:49:11,816 - 	loaded 849/1038 of the data.
F:\code\medical-data-quality-pipeline\src\load\load_to_raw.py - build - 73

[INFO:20] 2026-07-05 15:49:11,851 - 	loaded 850/1038 of the data.
F:\code\medical-data-quality-pipeline\src\load\load_to_raw.py - build - 73

[INFO:20] 2026-07-05 15:49:11,885 - 	loaded 851/1038 of the data.
F:\code\medical-data-quality-pipeline\src\load\load_to_raw.py - build - 73

[INFO:20] 2026-07-05 15:49:11,920 - 	loaded 852/1038 of the data.
F:\code\medical-data-quality-pipeline\src\load\load_to_raw.py - build - 73

[INFO:20] 2026-07-05 15:49:11,959 - 	loaded 853/1038 of the data.
F:\code\medical-data-quality-pipeline\src\load\load_to_raw.py - build - 73

[INFO:20] 2026-07-05 15:49:11,993 - 	loaded 854/1038 of the data.
F:\code\medical-data-quality-pipeline\src\load\load_to_raw.py - build - 73

[INFO:20] 2026-07-05 15:49:12,029 - 	loaded 855/1038 of the data.
F:\code\medical-data-quality-pipeline\src\load\load_to_raw.py - build - 73

[INFO:20] 2026-07-05 15:49:12,063 - 	loaded 856/1038 of the data.
F:\code\medical-data-quality-pipeline\src\load\load_to_raw.py - build - 73

[INFO:20] 2026-07-05 15:49:12,096 - 	loaded 857/1038 of the data.
F:\code\medical-data-quality-pipeline\src\load\load_to_raw.py - build - 73

[INFO:20] 2026-07-05 15:49:12,130 - 	loaded 858/1038 of the data.
F:\code\medical-data-quality-pipeline\src\load\load_to_raw.py - build - 73

[INFO:20] 2026-07-05 15:49:12,168 - 	loaded 859/1038 of the data.
F:\code\medical-data-quality-pipeline\src\load\load_to_raw.py - build - 73

[INFO:20] 2026-07-05 15:49:12,204 - 	loaded 860/1038 of the data.
F:\code\medical-data-quality-pipeline\src\load\load_to_raw.py - build - 73

[INFO:20] 2026-07-05 15:49:12,239 - 	loaded 861/1038 of the data.
F:\code\medical-data-quality-pipeline\src\load\load_to_raw.py - build - 73

[INFO:20] 2026-07-05 15:49:12,272 - 	loaded 862/1038 of the data.
F:\code\medical-data-quality-pipeline\src\load\load_to_raw.py - build - 73

[INFO:20] 2026-07-05 15:49:12,303 - 	loaded 863/1038 of the data.
F:\code\medical-data-quality-pipeline\src\load\load_to_raw.py - build - 73

[INFO:20] 2026-07-05 15:49:12,338 - 	loaded 864/1038 of the data.
F:\code\medical-data-quality-pipeline\src\load\load_to_raw.py - build - 73

[INFO:20] 2026-07-05 15:49:12,373 - 	loaded 865/1038 of the data.
F:\code\medical-data-quality-pipeline\src\load\load_to_raw.py - build - 73

[INFO:20] 2026-07-05 15:49:12,407 - 	loaded 866/1038 of the data.
F:\code\medical-data-quality-pipeline\src\load\load_to_raw.py - build - 73

[INFO:20] 2026-07-05 15:49:12,442 - 	loaded 867/1038 of the data.
F:\code\medical-data-quality-pipeline\src\load\load_to_raw.py - build - 73

[INFO:20] 2026-07-05 15:49:12,477 - 	loaded 868/1038 of the data.
F:\code\medical-data-quality-pipeline\src\load\load_to_raw.py - build - 73

[INFO:20] 2026-07-05 15:49:12,623 - 	loaded 869/1038 of the data.
F:\code\medical-data-quality-pipeline\src\load\load_to_raw.py - build - 73

[INFO:20] 2026-07-05 15:49:12,655 - 	loaded 870/1038 of the data.
F:\code\medical-data-quality-pipeline\src\load\load_to_raw.py - build - 73

[INFO:20] 2026-07-05 15:49:12,691 - 	loaded 871/1038 of the data.
F:\code\medical-data-quality-pipeline\src\load\load_to_raw.py - build - 73

[INFO:20] 2026-07-05 15:49:12,731 - 	loaded 872/1038 of the data.
F:\code\medical-data-quality-pipeline\src\load\load_to_raw.py - build - 73

[INFO:20] 2026-07-05 15:49:12,765 - 	loaded 873/1038 of the data.
F:\code\medical-data-quality-pipeline\src\load\load_to_raw.py - build - 73

[INFO:20] 2026-07-05 15:49:12,802 - 	loaded 874/1038 of the data.
F:\code\medical-data-quality-pipeline\src\load\load_to_raw.py - build - 73

[INFO:20] 2026-07-05 15:49:12,838 - 	loaded 875/1038 of the data.
F:\code\medical-data-quality-pipeline\src\load\load_to_raw.py - build - 73

[INFO:20] 2026-07-05 15:49:12,877 - 	loaded 876/1038 of the data.
F:\code\medical-data-quality-pipeline\src\load\load_to_raw.py - build - 73

[INFO:20] 2026-07-05 15:49:12,910 - 	loaded 877/1038 of the data.
F:\code\medical-data-quality-pipeline\src\load\load_to_raw.py - build - 73

[INFO:20] 2026-07-05 15:49:12,943 - 	loaded 878/1038 of the data.
F:\code\medical-data-quality-pipeline\src\load\load_to_raw.py - build - 73

[INFO:20] 2026-07-05 15:49:12,979 - 	loaded 879/1038 of the data.
F:\code\medical-data-quality-pipeline\src\load\load_to_raw.py - build - 73

[INFO:20] 2026-07-05 15:49:13,013 - 	loaded 880/1038 of the data.
F:\code\medical-data-quality-pipeline\src\load\load_to_raw.py - build - 73

[INFO:20] 2026-07-05 15:49:13,046 - 	loaded 881/1038 of the data.
F:\code\medical-data-quality-pipeline\src\load\load_to_raw.py - build - 73

[INFO:20] 2026-07-05 15:49:13,199 - 	loaded 882/1038 of the data.
F:\code\medical-data-quality-pipeline\src\load\load_to_raw.py - build - 73

[INFO:20] 2026-07-05 15:49:13,234 - 	loaded 883/1038 of the data.
F:\code\medical-data-quality-pipeline\src\load\load_to_raw.py - build - 73

[INFO:20] 2026-07-05 15:49:13,267 - 	loaded 884/1038 of the data.
F:\code\medical-data-quality-pipeline\src\load\load_to_raw.py - build - 73

[INFO:20] 2026-07-05 15:49:13,300 - 	loaded 885/1038 of the data.
F:\code\medical-data-quality-pipeline\src\load\load_to_raw.py - build - 73

[INFO:20] 2026-07-05 15:49:13,332 - 	loaded 886/1038 of the data.
F:\code\medical-data-quality-pipeline\src\load\load_to_raw.py - build - 73

[INFO:20] 2026-07-05 15:49:13,365 - 	loaded 887/1038 of the data.
F:\code\medical-data-quality-pipeline\src\load\load_to_raw.py - build - 73

[INFO:20] 2026-07-05 15:49:13,397 - 	loaded 888/1038 of the data.
F:\code\medical-data-quality-pipeline\src\load\load_to_raw.py - build - 73

[INFO:20] 2026-07-05 15:49:13,428 - 	loaded 889/1038 of the data.
F:\code\medical-data-quality-pipeline\src\load\load_to_raw.py - build - 73

[INFO:20] 2026-07-05 15:49:13,461 - 	loaded 890/1038 of the data.
F:\code\medical-data-quality-pipeline\src\load\load_to_raw.py - build - 73

[INFO:20] 2026-07-05 15:49:13,497 - 	loaded 891/1038 of the data.
F:\code\medical-data-quality-pipeline\src\load\load_to_raw.py - build - 73

[INFO:20] 2026-07-05 15:49:13,536 - 	loaded 892/1038 of the data.
F:\code\medical-data-quality-pipeline\src\load\load_to_raw.py - build - 73

[INFO:20] 2026-07-05 15:49:13,571 - 	loaded 893/1038 of the data.
F:\code\medical-data-quality-pipeline\src\load\load_to_raw.py - build - 73

[INFO:20] 2026-07-05 15:49:13,713 - 	loaded 894/1038 of the data.
F:\code\medical-data-quality-pipeline\src\load\load_to_raw.py - build - 73

[INFO:20] 2026-07-05 15:49:13,746 - 	loaded 895/1038 of the data.
F:\code\medical-data-quality-pipeline\src\load\load_to_raw.py - build - 73

[INFO:20] 2026-07-05 15:49:13,778 - 	loaded 896/1038 of the data.
F:\code\medical-data-quality-pipeline\src\load\load_to_raw.py - build - 73

[INFO:20] 2026-07-05 15:49:13,811 - 	loaded 897/1038 of the data.
F:\code\medical-data-quality-pipeline\src\load\load_to_raw.py - build - 73

[INFO:20] 2026-07-05 15:49:13,845 - 	loaded 898/1038 of the data.
F:\code\medical-data-quality-pipeline\src\load\load_to_raw.py - build - 73

[INFO:20] 2026-07-05 15:49:13,880 - 	loaded 899/1038 of the data.
F:\code\medical-data-quality-pipeline\src\load\load_to_raw.py - build - 73

[INFO:20] 2026-07-05 15:49:13,916 - 	loaded 900/1038 of the data.
F:\code\medical-data-quality-pipeline\src\load\load_to_raw.py - build - 73

[INFO:20] 2026-07-05 15:49:13,954 - 	loaded 901/1038 of the data.
F:\code\medical-data-quality-pipeline\src\load\load_to_raw.py - build - 73

[INFO:20] 2026-07-05 15:49:13,991 - 	loaded 902/1038 of the data.
F:\code\medical-data-quality-pipeline\src\load\load_to_raw.py - build - 73

[INFO:20] 2026-07-05 15:49:14,027 - 	loaded 903/1038 of the data.
F:\code\medical-data-quality-pipeline\src\load\load_to_raw.py - build - 73

[INFO:20] 2026-07-05 15:49:14,061 - 	loaded 904/1038 of the data.
F:\code\medical-data-quality-pipeline\src\load\load_to_raw.py - build - 73

[INFO:20] 2026-07-05 15:49:14,095 - 	loaded 905/1038 of the data.
F:\code\medical-data-quality-pipeline\src\load\load_to_raw.py - build - 73

[INFO:20] 2026-07-05 15:49:14,130 - 	loaded 906/1038 of the data.
F:\code\medical-data-quality-pipeline\src\load\load_to_raw.py - build - 73

[INFO:20] 2026-07-05 15:49:14,168 - 	loaded 907/1038 of the data.
F:\code\medical-data-quality-pipeline\src\load\load_to_raw.py - build - 73

[INFO:20] 2026-07-05 15:49:14,204 - 	loaded 908/1038 of the data.
F:\code\medical-data-quality-pipeline\src\load\load_to_raw.py - build - 73

[INFO:20] 2026-07-05 15:49:14,239 - 	loaded 909/1038 of the data.
F:\code\medical-data-quality-pipeline\src\load\load_to_raw.py - build - 73

[INFO:20] 2026-07-05 15:49:14,276 - 	loaded 910/1038 of the data.
F:\code\medical-data-quality-pipeline\src\load\load_to_raw.py - build - 73

[INFO:20] 2026-07-05 15:49:14,311 - 	loaded 911/1038 of the data.
F:\code\medical-data-quality-pipeline\src\load\load_to_raw.py - build - 73

[INFO:20] 2026-07-05 15:49:14,345 - 	loaded 912/1038 of the data.
F:\code\medical-data-quality-pipeline\src\load\load_to_raw.py - build - 73

[INFO:20] 2026-07-05 15:49:14,383 - 	loaded 913/1038 of the data.
F:\code\medical-data-quality-pipeline\src\load\load_to_raw.py - build - 73

[INFO:20] 2026-07-05 15:49:14,418 - 	loaded 914/1038 of the data.
F:\code\medical-data-quality-pipeline\src\load\load_to_raw.py - build - 73

[INFO:20] 2026-07-05 15:49:14,453 - 	loaded 915/1038 of the data.
F:\code\medical-data-quality-pipeline\src\load\load_to_raw.py - build - 73

[INFO:20] 2026-07-05 15:49:14,603 - 	loaded 916/1038 of the data.
F:\code\medical-data-quality-pipeline\src\load\load_to_raw.py - build - 73

[INFO:20] 2026-07-05 15:49:14,640 - 	loaded 917/1038 of the data.
F:\code\medical-data-quality-pipeline\src\load\load_to_raw.py - build - 73

[INFO:20] 2026-07-05 15:49:14,674 - 	loaded 918/1038 of the data.
F:\code\medical-data-quality-pipeline\src\load\load_to_raw.py - build - 73

[INFO:20] 2026-07-05 15:49:14,707 - 	loaded 919/1038 of the data.
F:\code\medical-data-quality-pipeline\src\load\load_to_raw.py - build - 73

[INFO:20] 2026-07-05 15:49:14,741 - 	loaded 920/1038 of the data.
F:\code\medical-data-quality-pipeline\src\load\load_to_raw.py - build - 73

[INFO:20] 2026-07-05 15:49:14,776 - 	loaded 921/1038 of the data.
F:\code\medical-data-quality-pipeline\src\load\load_to_raw.py - build - 73

[INFO:20] 2026-07-05 15:49:14,810 - 	loaded 922/1038 of the data.
F:\code\medical-data-quality-pipeline\src\load\load_to_raw.py - build - 73

[INFO:20] 2026-07-05 15:49:14,850 - 	loaded 923/1038 of the data.
F:\code\medical-data-quality-pipeline\src\load\load_to_raw.py - build - 73

[INFO:20] 2026-07-05 15:49:14,887 - 	loaded 924/1038 of the data.
F:\code\medical-data-quality-pipeline\src\load\load_to_raw.py - build - 73

[INFO:20] 2026-07-05 15:49:14,921 - 	loaded 925/1038 of the data.
F:\code\medical-data-quality-pipeline\src\load\load_to_raw.py - build - 73

[INFO:20] 2026-07-05 15:49:15,066 - 	loaded 926/1038 of the data.
F:\code\medical-data-quality-pipeline\src\load\load_to_raw.py - build - 73

[INFO:20] 2026-07-05 15:49:15,202 - 	loaded 927/1038 of the data.
F:\code\medical-data-quality-pipeline\src\load\load_to_raw.py - build - 73

[INFO:20] 2026-07-05 15:49:15,235 - 	loaded 928/1038 of the data.
F:\code\medical-data-quality-pipeline\src\load\load_to_raw.py - build - 73

[INFO:20] 2026-07-05 15:49:15,271 - 	loaded 929/1038 of the data.
F:\code\medical-data-quality-pipeline\src\load\load_to_raw.py - build - 73

[INFO:20] 2026-07-05 15:49:15,304 - 	loaded 930/1038 of the data.
F:\code\medical-data-quality-pipeline\src\load\load_to_raw.py - build - 73

[INFO:20] 2026-07-05 15:49:15,338 - 	loaded 931/1038 of the data.
F:\code\medical-data-quality-pipeline\src\load\load_to_raw.py - build - 73

[INFO:20] 2026-07-05 15:49:15,371 - 	loaded 932/1038 of the data.
F:\code\medical-data-quality-pipeline\src\load\load_to_raw.py - build - 73

[INFO:20] 2026-07-05 15:49:15,404 - 	loaded 933/1038 of the data.
F:\code\medical-data-quality-pipeline\src\load\load_to_raw.py - build - 73

[INFO:20] 2026-07-05 15:49:15,436 - 	loaded 934/1038 of the data.
F:\code\medical-data-quality-pipeline\src\load\load_to_raw.py - build - 73

[INFO:20] 2026-07-05 15:49:15,468 - 	loaded 935/1038 of the data.
F:\code\medical-data-quality-pipeline\src\load\load_to_raw.py - build - 73

[INFO:20] 2026-07-05 15:49:15,505 - 	loaded 936/1038 of the data.
F:\code\medical-data-quality-pipeline\src\load\load_to_raw.py - build - 73

[INFO:20] 2026-07-05 15:49:15,543 - 	loaded 937/1038 of the data.
F:\code\medical-data-quality-pipeline\src\load\load_to_raw.py - build - 73

[INFO:20] 2026-07-05 15:49:15,576 - 	loaded 938/1038 of the data.
F:\code\medical-data-quality-pipeline\src\load\load_to_raw.py - build - 73

[INFO:20] 2026-07-05 15:49:15,611 - 	loaded 939/1038 of the data.
F:\code\medical-data-quality-pipeline\src\load\load_to_raw.py - build - 73

[INFO:20] 2026-07-05 15:49:15,648 - 	loaded 940/1038 of the data.
F:\code\medical-data-quality-pipeline\src\load\load_to_raw.py - build - 73

[INFO:20] 2026-07-05 15:49:15,684 - 	loaded 941/1038 of the data.
F:\code\medical-data-quality-pipeline\src\load\load_to_raw.py - build - 73

[INFO:20] 2026-07-05 15:49:15,721 - 	loaded 942/1038 of the data.
F:\code\medical-data-quality-pipeline\src\load\load_to_raw.py - build - 73

[INFO:20] 2026-07-05 15:49:15,867 - 	loaded 943/1038 of the data.
F:\code\medical-data-quality-pipeline\src\load\load_to_raw.py - build - 73

[INFO:20] 2026-07-05 15:49:15,904 - 	loaded 944/1038 of the data.
F:\code\medical-data-quality-pipeline\src\load\load_to_raw.py - build - 73

[INFO:20] 2026-07-05 15:49:15,942 - 	loaded 945/1038 of the data.
F:\code\medical-data-quality-pipeline\src\load\load_to_raw.py - build - 73

[INFO:20] 2026-07-05 15:49:15,980 - 	loaded 946/1038 of the data.
F:\code\medical-data-quality-pipeline\src\load\load_to_raw.py - build - 73

[INFO:20] 2026-07-05 15:49:16,012 - 	loaded 947/1038 of the data.
F:\code\medical-data-quality-pipeline\src\load\load_to_raw.py - build - 73

[INFO:20] 2026-07-05 15:49:16,161 - 	loaded 948/1038 of the data.
F:\code\medical-data-quality-pipeline\src\load\load_to_raw.py - build - 73

[INFO:20] 2026-07-05 15:49:16,195 - 	loaded 949/1038 of the data.
F:\code\medical-data-quality-pipeline\src\load\load_to_raw.py - build - 73

[INFO:20] 2026-07-05 15:49:16,231 - 	loaded 950/1038 of the data.
F:\code\medical-data-quality-pipeline\src\load\load_to_raw.py - build - 73

[INFO:20] 2026-07-05 15:49:16,265 - 	loaded 951/1038 of the data.
F:\code\medical-data-quality-pipeline\src\load\load_to_raw.py - build - 73

[INFO:20] 2026-07-05 15:49:16,298 - 	loaded 952/1038 of the data.
F:\code\medical-data-quality-pipeline\src\load\load_to_raw.py - build - 73

[INFO:20] 2026-07-05 15:49:16,331 - 	loaded 953/1038 of the data.
F:\code\medical-data-quality-pipeline\src\load\load_to_raw.py - build - 73

[INFO:20] 2026-07-05 15:49:16,365 - 	loaded 954/1038 of the data.
F:\code\medical-data-quality-pipeline\src\load\load_to_raw.py - build - 73

[INFO:20] 2026-07-05 15:49:16,401 - 	loaded 955/1038 of the data.
F:\code\medical-data-quality-pipeline\src\load\load_to_raw.py - build - 73

[INFO:20] 2026-07-05 15:49:16,439 - 	loaded 956/1038 of the data.
F:\code\medical-data-quality-pipeline\src\load\load_to_raw.py - build - 73

[INFO:20] 2026-07-05 15:49:16,591 - 	loaded 957/1038 of the data.
F:\code\medical-data-quality-pipeline\src\load\load_to_raw.py - build - 73

[INFO:20] 2026-07-05 15:49:16,625 - 	loaded 958/1038 of the data.
F:\code\medical-data-quality-pipeline\src\load\load_to_raw.py - build - 73

[INFO:20] 2026-07-05 15:49:16,660 - 	loaded 959/1038 of the data.
F:\code\medical-data-quality-pipeline\src\load\load_to_raw.py - build - 73

[INFO:20] 2026-07-05 15:49:16,815 - 	loaded 960/1038 of the data.
F:\code\medical-data-quality-pipeline\src\load\load_to_raw.py - build - 73

[INFO:20] 2026-07-05 15:49:16,850 - 	loaded 961/1038 of the data.
F:\code\medical-data-quality-pipeline\src\load\load_to_raw.py - build - 73

[INFO:20] 2026-07-05 15:49:16,885 - 	loaded 962/1038 of the data.
F:\code\medical-data-quality-pipeline\src\load\load_to_raw.py - build - 73

[INFO:20] 2026-07-05 15:49:16,925 - 	loaded 963/1038 of the data.
F:\code\medical-data-quality-pipeline\src\load\load_to_raw.py - build - 73

[INFO:20] 2026-07-05 15:49:16,959 - 	loaded 964/1038 of the data.
F:\code\medical-data-quality-pipeline\src\load\load_to_raw.py - build - 73

[INFO:20] 2026-07-05 15:49:17,101 - 	loaded 965/1038 of the data.
F:\code\medical-data-quality-pipeline\src\load\load_to_raw.py - build - 73

[INFO:20] 2026-07-05 15:49:17,136 - 	loaded 966/1038 of the data.
F:\code\medical-data-quality-pipeline\src\load\load_to_raw.py - build - 73

[INFO:20] 2026-07-05 15:49:17,168 - 	loaded 967/1038 of the data.
F:\code\medical-data-quality-pipeline\src\load\load_to_raw.py - build - 73

[INFO:20] 2026-07-05 15:49:17,199 - 	loaded 968/1038 of the data.
F:\code\medical-data-quality-pipeline\src\load\load_to_raw.py - build - 73

[INFO:20] 2026-07-05 15:49:17,236 - 	loaded 969/1038 of the data.
F:\code\medical-data-quality-pipeline\src\load\load_to_raw.py - build - 73

[INFO:20] 2026-07-05 15:49:17,271 - 	loaded 970/1038 of the data.
F:\code\medical-data-quality-pipeline\src\load\load_to_raw.py - build - 73

[INFO:20] 2026-07-05 15:49:17,306 - 	loaded 971/1038 of the data.
F:\code\medical-data-quality-pipeline\src\load\load_to_raw.py - build - 73

[INFO:20] 2026-07-05 15:49:17,340 - 	loaded 972/1038 of the data.
F:\code\medical-data-quality-pipeline\src\load\load_to_raw.py - build - 73

[INFO:20] 2026-07-05 15:49:17,375 - 	loaded 973/1038 of the data.
F:\code\medical-data-quality-pipeline\src\load\load_to_raw.py - build - 73

[INFO:20] 2026-07-05 15:49:17,407 - 	loaded 974/1038 of the data.
F:\code\medical-data-quality-pipeline\src\load\load_to_raw.py - build - 73

[INFO:20] 2026-07-05 15:49:17,547 - 	loaded 975/1038 of the data.
F:\code\medical-data-quality-pipeline\src\load\load_to_raw.py - build - 73

[INFO:20] 2026-07-05 15:49:17,582 - 	loaded 976/1038 of the data.
F:\code\medical-data-quality-pipeline\src\load\load_to_raw.py - build - 73

[INFO:20] 2026-07-05 15:49:17,732 - 	loaded 977/1038 of the data.
F:\code\medical-data-quality-pipeline\src\load\load_to_raw.py - build - 73

[INFO:20] 2026-07-05 15:49:17,782 - 	loaded 978/1038 of the data.
F:\code\medical-data-quality-pipeline\src\load\load_to_raw.py - build - 73

[INFO:20] 2026-07-05 15:49:17,818 - 	loaded 979/1038 of the data.
F:\code\medical-data-quality-pipeline\src\load\load_to_raw.py - build - 73

[INFO:20] 2026-07-05 15:49:17,849 - 	loaded 980/1038 of the data.
F:\code\medical-data-quality-pipeline\src\load\load_to_raw.py - build - 73

[INFO:20] 2026-07-05 15:49:17,883 - 	loaded 981/1038 of the data.
F:\code\medical-data-quality-pipeline\src\load\load_to_raw.py - build - 73

[INFO:20] 2026-07-05 15:49:17,916 - 	loaded 982/1038 of the data.
F:\code\medical-data-quality-pipeline\src\load\load_to_raw.py - build - 73

[INFO:20] 2026-07-05 15:49:17,953 - 	loaded 983/1038 of the data.
F:\code\medical-data-quality-pipeline\src\load\load_to_raw.py - build - 73

[INFO:20] 2026-07-05 15:49:17,986 - 	loaded 984/1038 of the data.
F:\code\medical-data-quality-pipeline\src\load\load_to_raw.py - build - 73

[INFO:20] 2026-07-05 15:49:18,022 - 	loaded 985/1038 of the data.
F:\code\medical-data-quality-pipeline\src\load\load_to_raw.py - build - 73

[INFO:20] 2026-07-05 15:49:18,058 - 	loaded 986/1038 of the data.
F:\code\medical-data-quality-pipeline\src\load\load_to_raw.py - build - 73

[INFO:20] 2026-07-05 15:49:18,092 - 	loaded 987/1038 of the data.
F:\code\medical-data-quality-pipeline\src\load\load_to_raw.py - build - 73

[INFO:20] 2026-07-05 15:49:18,126 - 	loaded 988/1038 of the data.
F:\code\medical-data-quality-pipeline\src\load\load_to_raw.py - build - 73

[INFO:20] 2026-07-05 15:49:18,156 - 	loaded 989/1038 of the data.
F:\code\medical-data-quality-pipeline\src\load\load_to_raw.py - build - 73

[INFO:20] 2026-07-05 15:49:18,189 - 	loaded 990/1038 of the data.
F:\code\medical-data-quality-pipeline\src\load\load_to_raw.py - build - 73

[INFO:20] 2026-07-05 15:49:18,225 - 	loaded 991/1038 of the data.
F:\code\medical-data-quality-pipeline\src\load\load_to_raw.py - build - 73

[INFO:20] 2026-07-05 15:49:18,374 - 	loaded 992/1038 of the data.
F:\code\medical-data-quality-pipeline\src\load\load_to_raw.py - build - 73

[INFO:20] 2026-07-05 15:49:18,422 - 	loaded 993/1038 of the data.
F:\code\medical-data-quality-pipeline\src\load\load_to_raw.py - build - 73

[INFO:20] 2026-07-05 15:49:18,564 - 	loaded 994/1038 of the data.
F:\code\medical-data-quality-pipeline\src\load\load_to_raw.py - build - 73

[INFO:20] 2026-07-05 15:49:18,602 - 	loaded 995/1038 of the data.
F:\code\medical-data-quality-pipeline\src\load\load_to_raw.py - build - 73

[INFO:20] 2026-07-05 15:49:18,636 - 	loaded 996/1038 of the data.
F:\code\medical-data-quality-pipeline\src\load\load_to_raw.py - build - 73

[INFO:20] 2026-07-05 15:49:18,670 - 	loaded 997/1038 of the data.
F:\code\medical-data-quality-pipeline\src\load\load_to_raw.py - build - 73

[INFO:20] 2026-07-05 15:49:18,701 - 	loaded 998/1038 of the data.
F:\code\medical-data-quality-pipeline\src\load\load_to_raw.py - build - 73

[INFO:20] 2026-07-05 15:49:18,734 - 	loaded 999/1038 of the data.
F:\code\medical-data-quality-pipeline\src\load\load_to_raw.py - build - 73

[INFO:20] 2026-07-05 15:49:18,767 - 	loaded 1000/1038 of the data.
F:\code\medical-data-quality-pipeline\src\load\load_to_raw.py - build - 73

[INFO:20] 2026-07-05 15:49:18,809 - 	loaded 1001/1038 of the data.
F:\code\medical-data-quality-pipeline\src\load\load_to_raw.py - build - 73

[INFO:20] 2026-07-05 15:49:18,849 - 	loaded 1002/1038 of the data.
F:\code\medical-data-quality-pipeline\src\load\load_to_raw.py - build - 73

[INFO:20] 2026-07-05 15:49:18,997 - 	loaded 1003/1038 of the data.
F:\code\medical-data-quality-pipeline\src\load\load_to_raw.py - build - 73

[INFO:20] 2026-07-05 15:49:19,031 - 	loaded 1004/1038 of the data.
F:\code\medical-data-quality-pipeline\src\load\load_to_raw.py - build - 73

[INFO:20] 2026-07-05 15:49:19,064 - 	loaded 1005/1038 of the data.
F:\code\medical-data-quality-pipeline\src\load\load_to_raw.py - build - 73

[INFO:20] 2026-07-05 15:49:19,211 - 	loaded 1006/1038 of the data.
F:\code\medical-data-quality-pipeline\src\load\load_to_raw.py - build - 73

[INFO:20] 2026-07-05 15:49:19,378 - 	loaded 1007/1038 of the data.
F:\code\medical-data-quality-pipeline\src\load\load_to_raw.py - build - 73

[INFO:20] 2026-07-05 15:49:19,424 - 	loaded 1008/1038 of the data.
F:\code\medical-data-quality-pipeline\src\load\load_to_raw.py - build - 73

[INFO:20] 2026-07-05 15:49:19,465 - 	loaded 1009/1038 of the data.
F:\code\medical-data-quality-pipeline\src\load\load_to_raw.py - build - 73

[INFO:20] 2026-07-05 15:49:19,501 - 	loaded 1010/1038 of the data.
F:\code\medical-data-quality-pipeline\src\load\load_to_raw.py - build - 73

[INFO:20] 2026-07-05 15:49:19,535 - 	loaded 1011/1038 of the data.
F:\code\medical-data-quality-pipeline\src\load\load_to_raw.py - build - 73

[INFO:20] 2026-07-05 15:49:19,570 - 	loaded 1012/1038 of the data.
F:\code\medical-data-quality-pipeline\src\load\load_to_raw.py - build - 73

[INFO:20] 2026-07-05 15:49:19,720 - 	loaded 1013/1038 of the data.
F:\code\medical-data-quality-pipeline\src\load\load_to_raw.py - build - 73

[INFO:20] 2026-07-05 15:49:19,751 - 	loaded 1014/1038 of the data.
F:\code\medical-data-quality-pipeline\src\load\load_to_raw.py - build - 73

[INFO:20] 2026-07-05 15:49:19,783 - 	loaded 1015/1038 of the data.
F:\code\medical-data-quality-pipeline\src\load\load_to_raw.py - build - 73

[INFO:20] 2026-07-05 15:49:19,815 - 	loaded 1016/1038 of the data.
F:\code\medical-data-quality-pipeline\src\load\load_to_raw.py - build - 73

[INFO:20] 2026-07-05 15:49:19,848 - 	loaded 1017/1038 of the data.
F:\code\medical-data-quality-pipeline\src\load\load_to_raw.py - build - 73

[INFO:20] 2026-07-05 15:49:19,881 - 	loaded 1018/1038 of the data.
F:\code\medical-data-quality-pipeline\src\load\load_to_raw.py - build - 73

[INFO:20] 2026-07-05 15:49:19,914 - 	loaded 1019/1038 of the data.
F:\code\medical-data-quality-pipeline\src\load\load_to_raw.py - build - 73

[INFO:20] 2026-07-05 15:49:19,949 - 	loaded 1020/1038 of the data.
F:\code\medical-data-quality-pipeline\src\load\load_to_raw.py - build - 73

[INFO:20] 2026-07-05 15:49:19,987 - 	loaded 1021/1038 of the data.
F:\code\medical-data-quality-pipeline\src\load\load_to_raw.py - build - 73

[INFO:20] 2026-07-05 15:49:20,022 - 	loaded 1022/1038 of the data.
F:\code\medical-data-quality-pipeline\src\load\load_to_raw.py - build - 73

[INFO:20] 2026-07-05 15:49:20,058 - 	loaded 1023/1038 of the data.
F:\code\medical-data-quality-pipeline\src\load\load_to_raw.py - build - 73

[INFO:20] 2026-07-05 15:49:20,093 - 	loaded 1024/1038 of the data.
F:\code\medical-data-quality-pipeline\src\load\load_to_raw.py - build - 73

[INFO:20] 2026-07-05 15:49:20,125 - 	loaded 1025/1038 of the data.
F:\code\medical-data-quality-pipeline\src\load\load_to_raw.py - build - 73

[INFO:20] 2026-07-05 15:49:20,161 - 	loaded 1026/1038 of the data.
F:\code\medical-data-quality-pipeline\src\load\load_to_raw.py - build - 73

[INFO:20] 2026-07-05 15:49:20,198 - 	loaded 1027/1038 of the data.
F:\code\medical-data-quality-pipeline\src\load\load_to_raw.py - build - 73

[INFO:20] 2026-07-05 15:49:20,232 - 	loaded 1028/1038 of the data.
F:\code\medical-data-quality-pipeline\src\load\load_to_raw.py - build - 73

[INFO:20] 2026-07-05 15:49:20,264 - 	loaded 1029/1038 of the data.
F:\code\medical-data-quality-pipeline\src\load\load_to_raw.py - build - 73

[INFO:20] 2026-07-05 15:49:20,296 - 	loaded 1030/1038 of the data.
F:\code\medical-data-quality-pipeline\src\load\load_to_raw.py - build - 73

[INFO:20] 2026-07-05 15:49:20,330 - 	loaded 1031/1038 of the data.
F:\code\medical-data-quality-pipeline\src\load\load_to_raw.py - build - 73

[INFO:20] 2026-07-05 15:49:20,363 - 	loaded 1032/1038 of the data.
F:\code\medical-data-quality-pipeline\src\load\load_to_raw.py - build - 73

[INFO:20] 2026-07-05 15:49:20,401 - 	loaded 1033/1038 of the data.
F:\code\medical-data-quality-pipeline\src\load\load_to_raw.py - build - 73

[INFO:20] 2026-07-05 15:49:20,438 - 	loaded 1034/1038 of the data.
F:\code\medical-data-quality-pipeline\src\load\load_to_raw.py - build - 73

[INFO:20] 2026-07-05 15:49:20,472 - 	loaded 1035/1038 of the data.
F:\code\medical-data-quality-pipeline\src\load\load_to_raw.py - build - 73

[INFO:20] 2026-07-05 15:49:20,621 - 	loaded 1036/1038 of the data.
F:\code\medical-data-quality-pipeline\src\load\load_to_raw.py - build - 73

[INFO:20] 2026-07-05 15:49:20,652 - 	loaded 1037/1038 of the data.
F:\code\medical-data-quality-pipeline\src\load\load_to_raw.py - build - 73

[INFO:20] 2026-07-05 15:49:20,685 - 	loaded 1038/1038 of the data.
F:\code\medical-data-quality-pipeline\src\load\load_to_raw.py - build - 73

[INFO:20] 2026-07-05 15:49:20,685 - data of raw.vitalsign table inserted.
F:\code\medical-data-quality-pipeline\src\load\load_to_raw.py - build - 77

[INFO:20] 2026-07-05 15:49:20,857 - table 'raw.diagnosis' has no missing rows
F:\code\medical-data-quality-pipeline\src\quality\raw_validator.py - validate - 25

[INFO:20] 2026-07-05 15:49:20,917 - table 'raw.diagnosis' has no missing columns
F:\code\medical-data-quality-pipeline\src\quality\raw_validator.py - validate - 32

[INFO:20] 2026-07-05 15:49:20,917 - checking subject_id, stay_id, icd_code, icd_title' of 'raw.diagnosis' for nulls.
F:\code\medical-data-quality-pipeline\src\quality\raw_validator.py - validate - 35

[INFO:20] 2026-07-05 15:49:20,955 - 	column 'subject_id' has no null values
F:\code\medical-data-quality-pipeline\src\quality\raw_validator.py - validate - 46

[INFO:20] 2026-07-05 15:49:20,993 - 	column 'stay_id' has no null values
F:\code\medical-data-quality-pipeline\src\quality\raw_validator.py - validate - 46

[INFO:20] 2026-07-05 15:49:21,028 - 	column 'icd_code' has no null values
F:\code\medical-data-quality-pipeline\src\quality\raw_validator.py - validate - 46

[INFO:20] 2026-07-05 15:49:21,059 - 	column 'icd_title' has no null values
F:\code\medical-data-quality-pipeline\src\quality\raw_validator.py - validate - 46

[INFO:20] 2026-07-05 15:49:21,211 - table 'raw.edstays' has no missing rows
F:\code\medical-data-quality-pipeline\src\quality\raw_validator.py - validate - 25

[INFO:20] 2026-07-05 15:49:21,388 - table 'raw.edstays' has no missing columns
F:\code\medical-data-quality-pipeline\src\quality\raw_validator.py - validate - 32

[INFO:20] 2026-07-05 15:49:21,389 - checking subject_id, stay_id, hadm_id' of 'raw.edstays' for nulls.
F:\code\medical-data-quality-pipeline\src\quality\raw_validator.py - validate - 35

[INFO:20] 2026-07-05 15:49:21,431 - 	column 'subject_id' has no null values
F:\code\medical-data-quality-pipeline\src\quality\raw_validator.py - validate - 46

[INFO:20] 2026-07-05 15:49:21,462 - 	column 'stay_id' has no null values
F:\code\medical-data-quality-pipeline\src\quality\raw_validator.py - validate - 46

[WARNING:30] 2026-07-05 15:49:21,492 - 	column 'hadm_id' has 50 null values
F:\code\medical-data-quality-pipeline\src\quality\raw_validator.py - validate - 44

[INFO:20] 2026-07-05 15:49:21,523 - table 'raw.medrecon' has no missing rows
F:\code\medical-data-quality-pipeline\src\quality\raw_validator.py - validate - 25

[INFO:20] 2026-07-05 15:49:21,566 - table 'raw.medrecon' has no missing columns
F:\code\medical-data-quality-pipeline\src\quality\raw_validator.py - validate - 32

[INFO:20] 2026-07-05 15:49:21,566 - checking subject_id, stay_id' of 'raw.medrecon' for nulls.
F:\code\medical-data-quality-pipeline\src\quality\raw_validator.py - validate - 35

[INFO:20] 2026-07-05 15:49:21,599 - 	column 'subject_id' has no null values
F:\code\medical-data-quality-pipeline\src\quality\raw_validator.py - validate - 46

[INFO:20] 2026-07-05 15:49:21,636 - 	column 'stay_id' has no null values
F:\code\medical-data-quality-pipeline\src\quality\raw_validator.py - validate - 46

[INFO:20] 2026-07-05 15:49:21,672 - table 'raw.pyxis' has no missing rows
F:\code\medical-data-quality-pipeline\src\quality\raw_validator.py - validate - 25

[INFO:20] 2026-07-05 15:49:21,717 - table 'raw.pyxis' has no missing columns
F:\code\medical-data-quality-pipeline\src\quality\raw_validator.py - validate - 32

[INFO:20] 2026-07-05 15:49:21,717 - checking subject_id, stay_id' of 'raw.pyxis' for nulls.
F:\code\medical-data-quality-pipeline\src\quality\raw_validator.py - validate - 35

[INFO:20] 2026-07-05 15:49:21,752 - 	column 'subject_id' has no null values
F:\code\medical-data-quality-pipeline\src\quality\raw_validator.py - validate - 46

[INFO:20] 2026-07-05 15:49:21,784 - 	column 'stay_id' has no null values
F:\code\medical-data-quality-pipeline\src\quality\raw_validator.py - validate - 46

[INFO:20] 2026-07-05 15:49:21,819 - table 'raw.triage' has no missing rows
F:\code\medical-data-quality-pipeline\src\quality\raw_validator.py - validate - 25

[INFO:20] 2026-07-05 15:49:21,869 - table 'raw.triage' has no missing columns
F:\code\medical-data-quality-pipeline\src\quality\raw_validator.py - validate - 32

[INFO:20] 2026-07-05 15:49:21,869 - checking subject_id, stay_id' of 'raw.triage' for nulls.
F:\code\medical-data-quality-pipeline\src\quality\raw_validator.py - validate - 35

[INFO:20] 2026-07-05 15:49:21,901 - 	column 'subject_id' has no null values
F:\code\medical-data-quality-pipeline\src\quality\raw_validator.py - validate - 46

[INFO:20] 2026-07-05 15:49:21,934 - 	column 'stay_id' has no null values
F:\code\medical-data-quality-pipeline\src\quality\raw_validator.py - validate - 46

[INFO:20] 2026-07-05 15:49:22,082 - table 'raw.vitalsign' has no missing rows
F:\code\medical-data-quality-pipeline\src\quality\raw_validator.py - validate - 25

[INFO:20] 2026-07-05 15:49:22,125 - table 'raw.vitalsign' has no missing columns
F:\code\medical-data-quality-pipeline\src\quality\raw_validator.py - validate - 32

[INFO:20] 2026-07-05 15:49:22,125 - checking subject_id, stay_id' of 'raw.vitalsign' for nulls.
F:\code\medical-data-quality-pipeline\src\quality\raw_validator.py - validate - 35

[INFO:20] 2026-07-05 15:49:22,158 - 	column 'subject_id' has no null values
F:\code\medical-data-quality-pipeline\src\quality\raw_validator.py - validate - 46

[INFO:20] 2026-07-05 15:49:22,189 - 	column 'stay_id' has no null values
F:\code\medical-data-quality-pipeline\src\quality\raw_validator.py - validate - 46

[INFO:20] 2026-07-05 15:49:44,689 - Extracting data from fct_ed_visits ...
F:\code\medical-data-quality-pipeline\src\extract\fetch_data.py - _read - 19

[INFO:20] 2026-07-05 15:49:44,851 - extracted 222 rows from fct_ed_visits.
F:\code\medical-data-quality-pipeline\src\extract\fetch_data.py - _read - 24

[INFO:20] 2026-07-05 15:49:44,858 - Extracting data from dim_patients ...
F:\code\medical-data-quality-pipeline\src\extract\fetch_data.py - _read - 19

[INFO:20] 2026-07-05 15:49:44,896 - extracted 64 rows from dim_patients.
F:\code\medical-data-quality-pipeline\src\extract\fetch_data.py - _read - 24

[INFO:20] 2026-07-05 15:49:44,896 - Extracting data from fct_vitalsigns ...
F:\code\medical-data-quality-pipeline\src\extract\fetch_data.py - _read - 19

[INFO:20] 2026-07-05 15:49:44,942 - extracted 1037 rows from fct_vitalsigns.
F:\code\medical-data-quality-pipeline\src\extract\fetch_data.py - _read - 24

[INFO:20] 2026-07-05 15:49:44,942 - Extracting data from fct_medrecon ...
F:\code\medical-data-quality-pipeline\src\extract\fetch_data.py - _read - 19

[INFO:20] 2026-07-05 15:49:44,989 - extracted 2762 rows from fct_medrecon.
F:\code\medical-data-quality-pipeline\src\extract\fetch_data.py - _read - 24

[INFO:20] 2026-07-05 15:49:44,991 - Extracting data from fct_pyxis ...
F:\code\medical-data-quality-pipeline\src\extract\fetch_data.py - _read - 19

[INFO:20] 2026-07-05 15:49:45,028 - extracted 1050 rows from fct_pyxis.
F:\code\medical-data-quality-pipeline\src\extract\fetch_data.py - _read - 24

[INFO:20] 2026-07-05 15:49:45,097 - fct_ed_visits passed.
F:\code\medical-data-quality-pipeline\src\quality\mart_validator.py - validate_ed_visits - 12

[INFO:20] 2026-07-05 15:49:45,103 - dim_patients passed.
F:\code\medical-data-quality-pipeline\src\quality\mart_validator.py - validate_patients - 21

[INFO:20] 2026-07-05 15:49:45,122 - fct_vitalsigns passed.
F:\code\medical-data-quality-pipeline\src\quality\mart_validator.py - validate_vitalsigns - 30

[INFO:20] 2026-07-05 15:49:45,130 - fct_medrecon passed.
F:\code\medical-data-quality-pipeline\src\quality\mart_validator.py - validate_medrecon - 48

[INFO:20] 2026-07-05 15:49:45,140 - fct_pyxis passed.
F:\code\medical-data-quality-pipeline\src\quality\mart_validator.py - validate_pyxis - 57

