2026-06-26 21:44:38,027 - INFO - preparing table diagnosis.
2026-06-26 21:44:38,028 - INFO - creating table diagnosis.
2026-06-26 21:44:38,083 - INFO - Table diagnosis created
2026-06-26 21:44:38,083 - INFO - preparing data of diagnosis table.
2026-06-26 21:44:38,083 - INFO - inserting data of diagnosis table.
2026-06-26 21:44:38,233 - INFO - 	loaded 1/545 of the data.
2026-06-26 21:44:38,379 - INFO - 	loaded 2/545 of the data.
2026-06-26 21:44:38,421 - INFO - 	loaded 3/545 of the data.
2026-06-26 21:44:38,455 - INFO - 	loaded 4/545 of the data.
2026-06-26 21:44:38,492 - INFO - 	loaded 5/545 of the data.
2026-06-26 21:44:38,529 - INFO - 	loaded 6/545 of the data.
2026-06-26 21:44:38,563 - INFO - 	loaded 7/545 of the data.
2026-06-26 21:44:38,597 - INFO - 	loaded 8/545 of the data.
2026-06-26 21:44:38,627 - INFO - 	loaded 9/545 of the data.
2026-06-26 21:44:38,662 - INFO - 	loaded 10/545 of the data.
2026-06-26 21:44:38,704 - INFO - 	loaded 11/545 of the data.
2026-06-26 21:44:38,739 - INFO - 	loaded 12/545 of the data.
2026-06-26 21:44:38,771 - INFO - 	loaded 13/545 of the data.
2026-06-26 21:44:38,801 - INFO - 	loaded 14/545 of the data.
2026-06-26 21:44:38,834 - INFO - 	loaded 15/545 of the data.
2026-06-26 21:44:38,864 - INFO - 	loaded 16/545 of the data.
2026-06-26 21:44:38,901 - INFO - 	loaded 17/545 of the data.
2026-06-26 21:44:38,941 - INFO - 	loaded 18/545 of the data.
2026-06-26 21:44:38,976 - INFO - 	loaded 19/545 of the data.
2026-06-26 21:44:39,012 - INFO - 	loaded 20/545 of the data.
2026-06-26 21:44:39,047 - INFO - 	loaded 21/545 of the data.
2026-06-26 21:44:39,078 - INFO - 	loaded 22/545 of the data.
2026-06-26 21:44:39,113 - INFO - 	loaded 23/545 of the data.
2026-06-26 21:44:39,144 - INFO - 	loaded 24/545 of the data.
2026-06-26 21:44:39,175 - INFO - 	loaded 25/545 of the data.
2026-06-26 21:44:39,205 - INFO - 	loaded 26/545 of the data.
2026-06-26 21:44:39,234 - INFO - 	loaded 27/545 of the data.
2026-06-26 21:44:39,265 - INFO - 	loaded 28/545 of the data.
2026-06-26 21:44:39,408 - INFO - 	loaded 29/545 of the data.
2026-06-26 21:44:39,448 - INFO - 	loaded 30/545 of the data.
2026-06-26 21:44:39,481 - INFO - 	loaded 31/545 of the data.
2026-06-26 21:44:39,515 - INFO - 	loaded 32/545 of the data.
2026-06-26 21:44:39,665 - INFO - 	loaded 33/545 of the data.
2026-06-26 21:44:39,703 - INFO - 	loaded 34/545 of the data.
2026-06-26 21:44:39,740 - INFO - 	loaded 35/545 of the data.
2026-06-26 21:44:39,781 - INFO - 	loaded 36/545 of the data.
2026-06-26 21:44:39,824 - INFO - 	loaded 37/545 of the data.
2026-06-26 21:44:39,977 - INFO - 	loaded 38/545 of the data.
2026-06-26 21:44:40,018 - INFO - 	loaded 39/545 of the data.
2026-06-26 21:44:40,057 - INFO - 	loaded 40/545 of the data.
2026-06-26 21:44:40,094 - INFO - 	loaded 41/545 of the data.
2026-06-26 21:44:40,131 - INFO - 	loaded 42/545 of the data.
2026-06-26 21:44:40,168 - INFO - 	loaded 43/545 of the data.
2026-06-26 21:44:40,200 - INFO - 	loaded 44/545 of the data.
2026-06-26 21:44:40,234 - INFO - 	loaded 45/545 of the data.
2026-06-26 21:44:40,265 - INFO - 	loaded 46/545 of the data.
2026-06-26 21:44:40,298 - INFO - 	loaded 47/545 of the data.
2026-06-26 21:44:40,335 - INFO - 	loaded 48/545 of the data.
2026-06-26 21:44:40,366 - INFO - 	loaded 49/545 of the data.
2026-06-26 21:44:40,402 - INFO - 	loaded 50/545 of the data.
2026-06-26 21:44:40,565 - INFO - 	loaded 51/545 of the data.
2026-06-26 21:44:40,605 - INFO - 	loaded 52/545 of the data.
2026-06-26 21:44:40,640 - INFO - 	loaded 53/545 of the data.
2026-06-26 21:44:40,668 - INFO - 	loaded 54/545 of the data.
2026-06-26 21:44:40,697 - INFO - 	loaded 55/545 of the data.
2026-06-26 21:44:40,729 - INFO - 	loaded 56/545 of the data.
2026-06-26 21:44:40,760 - INFO - 	loaded 57/545 of the data.
2026-06-26 21:44:40,792 - INFO - 	loaded 58/545 of the data.
2026-06-26 21:44:40,825 - INFO - 	loaded 59/545 of the data.
2026-06-26 21:44:40,864 - INFO - 	loaded 60/545 of the data.
2026-06-26 21:44:40,903 - INFO - 	loaded 61/545 of the data.
2026-06-26 21:44:40,935 - INFO - 	loaded 62/545 of the data.
2026-06-26 21:44:41,081 - INFO - 	loaded 63/545 of the data.
2026-06-26 21:44:41,115 - INFO - 	loaded 64/545 of the data.
2026-06-26 21:44:41,145 - INFO - 	loaded 65/545 of the data.
2026-06-26 21:44:41,178 - INFO - 	loaded 66/545 of the data.
2026-06-26 21:44:41,210 - INFO - 	loaded 67/545 of the data.
2026-06-26 21:44:41,239 - INFO - 	loaded 68/545 of the data.
2026-06-26 21:44:41,268 - INFO - 	loaded 69/545 of the data.
2026-06-26 21:44:41,304 - INFO - 	loaded 70/545 of the data.
2026-06-26 21:44:41,339 - INFO - 	loaded 71/545 of the data.
2026-06-26 21:44:41,371 - INFO - 	loaded 72/545 of the data.
2026-06-26 21:44:41,401 - INFO - 	loaded 73/545 of the data.
2026-06-26 21:44:41,432 - INFO - 	loaded 74/545 of the data.
2026-06-26 21:44:41,468 - INFO - 	loaded 75/545 of the data.
2026-06-26 21:44:41,497 - INFO - 	loaded 76/545 of the data.
2026-06-26 21:44:41,637 - INFO - 	loaded 77/545 of the data.
2026-06-26 21:44:41,665 - INFO - 	loaded 78/545 of the data.
2026-06-26 21:44:41,694 - INFO - 	loaded 79/545 of the data.
2026-06-26 21:44:41,725 - INFO - 	loaded 80/545 of the data.
2026-06-26 21:44:41,756 - INFO - 	loaded 81/545 of the data.
2026-06-26 21:44:41,788 - INFO - 	loaded 82/545 of the data.
2026-06-26 21:44:41,819 - INFO - 	loaded 83/545 of the data.
2026-06-26 21:44:41,852 - INFO - 	loaded 84/545 of the data.
2026-06-26 21:44:41,886 - INFO - 	loaded 85/545 of the data.
2026-06-26 21:44:41,922 - INFO - 	loaded 86/545 of the data.
2026-06-26 21:44:41,953 - INFO - 	loaded 87/545 of the data.
2026-06-26 21:44:42,106 - INFO - 	loaded 88/545 of the data.
2026-06-26 21:44:42,137 - INFO - 	loaded 89/545 of the data.
2026-06-26 21:44:42,182 - INFO - 	loaded 90/545 of the data.
2026-06-26 21:44:42,369 - INFO - 	loaded 91/545 of the data.
2026-06-26 21:44:42,398 - INFO - 	loaded 92/545 of the data.
2026-06-26 21:44:42,426 - INFO - 	loaded 93/545 of the data.
2026-06-26 21:44:42,454 - INFO - 	loaded 94/545 of the data.
2026-06-26 21:44:42,488 - INFO - 	loaded 95/545 of the data.
2026-06-26 21:44:42,517 - INFO - 	loaded 96/545 of the data.
2026-06-26 21:44:42,546 - INFO - 	loaded 97/545 of the data.
2026-06-26 21:44:42,577 - INFO - 	loaded 98/545 of the data.
2026-06-26 21:44:42,615 - INFO - 	loaded 99/545 of the data.
2026-06-26 21:44:42,649 - INFO - 	loaded 100/545 of the data.
2026-06-26 21:44:42,677 - INFO - 	loaded 101/545 of the data.
2026-06-26 21:44:42,707 - INFO - 	loaded 102/545 of the data.
2026-06-26 21:44:42,736 - INFO - 	loaded 103/545 of the data.
2026-06-26 21:44:42,767 - INFO - 	loaded 104/545 of the data.
2026-06-26 21:44:42,916 - INFO - 	loaded 105/545 of the data.
2026-06-26 21:44:42,950 - INFO - 	loaded 106/545 of the data.
2026-06-26 21:44:42,979 - INFO - 	loaded 107/545 of the data.
2026-06-26 21:44:43,011 - INFO - 	loaded 108/545 of the data.
2026-06-26 21:44:43,177 - INFO - 	loaded 109/545 of the data.
2026-06-26 21:44:43,214 - INFO - 	loaded 110/545 of the data.
2026-06-26 21:44:43,244 - INFO - 	loaded 111/545 of the data.
2026-06-26 21:44:43,389 - INFO - 	loaded 112/545 of the data.
2026-06-26 21:44:43,427 - INFO - 	loaded 113/545 of the data.
2026-06-26 21:44:43,460 - INFO - 	loaded 114/545 of the data.
2026-06-26 21:44:43,494 - INFO - 	loaded 115/545 of the data.
2026-06-26 21:44:43,525 - INFO - 	loaded 116/545 of the data.
2026-06-26 21:44:43,553 - INFO - 	loaded 117/545 of the data.
2026-06-26 21:44:43,581 - INFO - 	loaded 118/545 of the data.
2026-06-26 21:44:43,612 - INFO - 	loaded 119/545 of the data.
2026-06-26 21:44:43,648 - INFO - 	loaded 120/545 of the data.
2026-06-26 21:44:43,681 - INFO - 	loaded 121/545 of the data.
2026-06-26 21:44:43,715 - INFO - 	loaded 122/545 of the data.
2026-06-26 21:44:43,860 - INFO - 	loaded 123/545 of the data.
2026-06-26 21:44:43,890 - INFO - 	loaded 124/545 of the data.
2026-06-26 21:44:43,919 - INFO - 	loaded 125/545 of the data.
2026-06-26 21:44:43,951 - INFO - 	loaded 126/545 of the data.
2026-06-26 21:44:43,982 - INFO - 	loaded 127/545 of the data.
2026-06-26 21:44:44,015 - INFO - 	loaded 128/545 of the data.
2026-06-26 21:44:44,046 - INFO - 	loaded 129/545 of the data.
2026-06-26 21:44:44,237 - INFO - 	loaded 130/545 of the data.
2026-06-26 21:44:44,271 - INFO - 	loaded 131/545 of the data.
2026-06-26 21:44:44,300 - INFO - 	loaded 132/545 of the data.
2026-06-26 21:44:44,328 - INFO - 	loaded 133/545 of the data.
2026-06-26 21:44:44,361 - INFO - 	loaded 134/545 of the data.
2026-06-26 21:44:44,391 - INFO - 	loaded 135/545 of the data.
2026-06-26 21:44:44,421 - INFO - 	loaded 136/545 of the data.
2026-06-26 21:44:44,451 - INFO - 	loaded 137/545 of the data.
2026-06-26 21:44:44,487 - INFO - 	loaded 138/545 of the data.
2026-06-26 21:44:44,519 - INFO - 	loaded 139/545 of the data.
2026-06-26 21:44:44,552 - INFO - 	loaded 140/545 of the data.
2026-06-26 21:44:44,584 - INFO - 	loaded 141/545 of the data.
2026-06-26 21:44:44,614 - INFO - 	loaded 142/545 of the data.
2026-06-26 21:44:44,758 - INFO - 	loaded 143/545 of the data.
2026-06-26 21:44:44,792 - INFO - 	loaded 144/545 of the data.
2026-06-26 21:44:44,823 - INFO - 	loaded 145/545 of the data.
2026-06-26 21:44:44,853 - INFO - 	loaded 146/545 of the data.
2026-06-26 21:44:44,883 - INFO - 	loaded 147/545 of the data.
2026-06-26 21:44:45,024 - INFO - 	loaded 148/545 of the data.
2026-06-26 21:44:45,055 - INFO - 	loaded 149/545 of the data.
2026-06-26 21:44:45,086 - INFO - 	loaded 150/545 of the data.
2026-06-26 21:44:45,118 - INFO - 	loaded 151/545 of the data.
2026-06-26 21:44:45,149 - INFO - 	loaded 152/545 of the data.
2026-06-26 21:44:45,181 - INFO - 	loaded 153/545 of the data.
2026-06-26 21:44:45,213 - INFO - 	loaded 154/545 of the data.
2026-06-26 21:44:45,246 - INFO - 	loaded 155/545 of the data.
2026-06-26 21:44:45,281 - INFO - 	loaded 156/545 of the data.
2026-06-26 21:44:45,315 - INFO - 	loaded 157/545 of the data.
2026-06-26 21:44:45,345 - INFO - 	loaded 158/545 of the data.
2026-06-26 21:44:45,375 - INFO - 	loaded 159/545 of the data.
2026-06-26 21:44:45,405 - INFO - 	loaded 160/545 of the data.
2026-06-26 21:44:45,436 - INFO - 	loaded 161/545 of the data.
2026-06-26 21:44:45,468 - INFO - 	loaded 162/545 of the data.
2026-06-26 21:44:45,504 - INFO - 	loaded 163/545 of the data.
2026-06-26 21:44:45,537 - INFO - 	loaded 164/545 of the data.
2026-06-26 21:44:45,567 - INFO - 	loaded 165/545 of the data.
2026-06-26 21:44:45,599 - INFO - 	loaded 166/545 of the data.
2026-06-26 21:44:45,629 - INFO - 	loaded 167/545 of the data.
2026-06-26 21:44:45,658 - INFO - 	loaded 168/545 of the data.
2026-06-26 21:44:45,688 - INFO - 	loaded 169/545 of the data.
2026-06-26 21:44:45,723 - INFO - 	loaded 170/545 of the data.
2026-06-26 21:44:45,754 - INFO - 	loaded 171/545 of the data.
2026-06-26 21:44:45,783 - INFO - 	loaded 172/545 of the data.
2026-06-26 21:44:45,815 - INFO - 	loaded 173/545 of the data.
2026-06-26 21:44:45,846 - INFO - 	loaded 174/545 of the data.
2026-06-26 21:44:45,876 - INFO - 	loaded 175/545 of the data.
2026-06-26 21:44:45,910 - INFO - 	loaded 176/545 of the data.
2026-06-26 21:44:45,946 - INFO - 	loaded 177/545 of the data.
2026-06-26 21:44:45,980 - INFO - 	loaded 178/545 of the data.
2026-06-26 21:44:46,011 - INFO - 	loaded 179/545 of the data.
2026-06-26 21:44:46,042 - INFO - 	loaded 180/545 of the data.
2026-06-26 21:44:46,071 - INFO - 	loaded 181/545 of the data.
2026-06-26 21:44:46,102 - INFO - 	loaded 182/545 of the data.
2026-06-26 21:44:46,255 - INFO - 	loaded 183/545 of the data.
2026-06-26 21:44:46,288 - INFO - 	loaded 184/545 of the data.
2026-06-26 21:44:46,448 - INFO - 	loaded 185/545 of the data.
2026-06-26 21:44:46,487 - INFO - 	loaded 186/545 of the data.
2026-06-26 21:44:46,515 - INFO - 	loaded 187/545 of the data.
2026-06-26 21:44:46,544 - INFO - 	loaded 188/545 of the data.
2026-06-26 21:44:46,574 - INFO - 	loaded 189/545 of the data.
2026-06-26 21:44:46,603 - INFO - 	loaded 190/545 of the data.
2026-06-26 21:44:46,636 - INFO - 	loaded 191/545 of the data.
2026-06-26 21:44:46,775 - INFO - 	loaded 192/545 of the data.
2026-06-26 21:44:46,808 - INFO - 	loaded 193/545 of the data.
2026-06-26 21:44:46,963 - INFO - 	loaded 194/545 of the data.
2026-06-26 21:44:47,117 - INFO - 	loaded 195/545 of the data.
2026-06-26 21:44:47,161 - INFO - 	loaded 196/545 of the data.
2026-06-26 21:44:47,192 - INFO - 	loaded 197/545 of the data.
2026-06-26 21:44:47,223 - INFO - 	loaded 198/545 of the data.
2026-06-26 21:44:47,255 - INFO - 	loaded 199/545 of the data.
2026-06-26 21:44:47,397 - INFO - 	loaded 200/545 of the data.
2026-06-26 21:44:47,433 - INFO - 	loaded 201/545 of the data.
2026-06-26 21:44:47,463 - INFO - 	loaded 202/545 of the data.
2026-06-26 21:44:47,493 - INFO - 	loaded 203/545 of the data.
2026-06-26 21:44:47,522 - INFO - 	loaded 204/545 of the data.
2026-06-26 21:44:47,553 - INFO - 	loaded 205/545 of the data.
2026-06-26 21:44:47,584 - INFO - 	loaded 206/545 of the data.
2026-06-26 21:44:47,614 - INFO - 	loaded 207/545 of the data.
2026-06-26 21:44:47,649 - INFO - 	loaded 208/545 of the data.
2026-06-26 21:44:47,682 - INFO - 	loaded 209/545 of the data.
2026-06-26 21:44:47,825 - INFO - 	loaded 210/545 of the data.
2026-06-26 21:44:47,865 - INFO - 	loaded 211/545 of the data.
2026-06-26 21:44:48,025 - INFO - 	loaded 212/545 of the data.
2026-06-26 21:44:48,074 - INFO - 	loaded 213/545 of the data.
2026-06-26 21:44:48,105 - INFO - 	loaded 214/545 of the data.
2026-06-26 21:44:48,134 - INFO - 	loaded 215/545 of the data.
2026-06-26 21:44:48,165 - INFO - 	loaded 216/545 of the data.
2026-06-26 21:44:48,197 - INFO - 	loaded 217/545 of the data.
2026-06-26 21:44:48,230 - INFO - 	loaded 218/545 of the data.
2026-06-26 21:44:48,263 - INFO - 	loaded 219/545 of the data.
2026-06-26 21:44:48,294 - INFO - 	loaded 220/545 of the data.
2026-06-26 21:44:48,333 - INFO - 	loaded 221/545 of the data.
2026-06-26 21:44:48,365 - INFO - 	loaded 222/545 of the data.
2026-06-26 21:44:48,395 - INFO - 	loaded 223/545 of the data.
2026-06-26 21:44:48,426 - INFO - 	loaded 224/545 of the data.
2026-06-26 21:44:48,455 - INFO - 	loaded 225/545 of the data.
2026-06-26 21:44:48,486 - INFO - 	loaded 226/545 of the data.
2026-06-26 21:44:48,521 - INFO - 	loaded 227/545 of the data.
2026-06-26 21:44:48,562 - INFO - 	loaded 228/545 of the data.
2026-06-26 21:44:48,599 - INFO - 	loaded 229/545 of the data.
2026-06-26 21:44:48,633 - INFO - 	loaded 230/545 of the data.
2026-06-26 21:44:48,664 - INFO - 	loaded 231/545 of the data.
2026-06-26 21:44:48,694 - INFO - 	loaded 232/545 of the data.
2026-06-26 21:44:48,724 - INFO - 	loaded 233/545 of the data.
2026-06-26 21:44:48,760 - INFO - 	loaded 234/545 of the data.
2026-06-26 21:44:48,795 - INFO - 	loaded 235/545 of the data.
2026-06-26 21:44:48,963 - INFO - 	loaded 236/545 of the data.
2026-06-26 21:44:49,003 - INFO - 	loaded 237/545 of the data.
2026-06-26 21:44:49,036 - INFO - 	loaded 238/545 of the data.
2026-06-26 21:44:49,069 - INFO - 	loaded 239/545 of the data.
2026-06-26 21:44:49,228 - INFO - 	loaded 240/545 of the data.
2026-06-26 21:44:49,269 - INFO - 	loaded 241/545 of the data.
2026-06-26 21:44:49,299 - INFO - 	loaded 242/545 of the data.
2026-06-26 21:44:49,327 - INFO - 	loaded 243/545 of the data.
2026-06-26 21:44:49,356 - INFO - 	loaded 244/545 of the data.
2026-06-26 21:44:49,385 - INFO - 	loaded 245/545 of the data.
2026-06-26 21:44:49,415 - INFO - 	loaded 246/545 of the data.
2026-06-26 21:44:49,448 - INFO - 	loaded 247/545 of the data.
2026-06-26 21:44:49,483 - INFO - 	loaded 248/545 of the data.
2026-06-26 21:44:49,518 - INFO - 	loaded 249/545 of the data.
2026-06-26 21:44:49,550 - INFO - 	loaded 250/545 of the data.
2026-06-26 21:44:49,580 - INFO - 	loaded 251/545 of the data.
2026-06-26 21:44:49,610 - INFO - 	loaded 252/545 of the data.
2026-06-26 21:44:49,639 - INFO - 	loaded 253/545 of the data.
2026-06-26 21:44:49,670 - INFO - 	loaded 254/545 of the data.
2026-06-26 21:44:49,810 - INFO - 	loaded 255/545 of the data.
2026-06-26 21:44:49,840 - INFO - 	loaded 256/545 of the data.
2026-06-26 21:44:49,990 - INFO - 	loaded 257/545 of the data.
2026-06-26 21:44:50,030 - INFO - 	loaded 258/545 of the data.
2026-06-26 21:44:50,064 - INFO - 	loaded 259/545 of the data.
2026-06-26 21:44:50,094 - INFO - 	loaded 260/545 of the data.
2026-06-26 21:44:50,127 - INFO - 	loaded 261/545 of the data.
2026-06-26 21:44:50,156 - INFO - 	loaded 262/545 of the data.
2026-06-26 21:44:50,188 - INFO - 	loaded 263/545 of the data.
2026-06-26 21:44:50,223 - INFO - 	loaded 264/545 of the data.
2026-06-26 21:44:50,258 - INFO - 	loaded 265/545 of the data.
2026-06-26 21:44:50,310 - INFO - 	loaded 266/545 of the data.
2026-06-26 21:44:50,342 - INFO - 	loaded 267/545 of the data.
2026-06-26 21:44:50,497 - INFO - 	loaded 268/545 of the data.
2026-06-26 21:44:50,529 - INFO - 	loaded 269/545 of the data.
2026-06-26 21:44:50,557 - INFO - 	loaded 270/545 of the data.
2026-06-26 21:44:50,585 - INFO - 	loaded 271/545 of the data.
2026-06-26 21:44:50,747 - INFO - 	loaded 272/545 of the data.
2026-06-26 21:44:50,777 - INFO - 	loaded 273/545 of the data.
2026-06-26 21:44:50,807 - INFO - 	loaded 274/545 of the data.
2026-06-26 21:44:50,836 - INFO - 	loaded 275/545 of the data.
2026-06-26 21:44:50,867 - INFO - 	loaded 276/545 of the data.
2026-06-26 21:44:50,898 - INFO - 	loaded 277/545 of the data.
2026-06-26 21:44:51,042 - INFO - 	loaded 278/545 of the data.
2026-06-26 21:44:51,072 - INFO - 	loaded 279/545 of the data.
2026-06-26 21:44:51,225 - INFO - 	loaded 280/545 of the data.
2026-06-26 21:44:51,288 - INFO - 	loaded 281/545 of the data.
2026-06-26 21:44:51,423 - INFO - 	loaded 282/545 of the data.
2026-06-26 21:44:51,459 - INFO - 	loaded 283/545 of the data.
2026-06-26 21:44:51,490 - INFO - 	loaded 284/545 of the data.
2026-06-26 21:44:51,531 - INFO - 	loaded 285/545 of the data.
2026-06-26 21:44:51,562 - INFO - 	loaded 286/545 of the data.
2026-06-26 21:44:51,595 - INFO - 	loaded 287/545 of the data.
2026-06-26 21:44:51,630 - INFO - 	loaded 288/545 of the data.
2026-06-26 21:44:51,657 - INFO - 	loaded 289/545 of the data.
2026-06-26 21:44:51,686 - INFO - 	loaded 290/545 of the data.
2026-06-26 21:44:51,717 - INFO - 	loaded 291/545 of the data.
2026-06-26 21:44:51,760 - INFO - 	loaded 292/545 of the data.
2026-06-26 21:44:51,796 - INFO - 	loaded 293/545 of the data.
2026-06-26 21:44:51,827 - INFO - 	loaded 294/545 of the data.
2026-06-26 21:44:51,858 - INFO - 	loaded 295/545 of the data.
2026-06-26 21:44:52,004 - INFO - 	loaded 296/545 of the data.
2026-06-26 21:44:52,039 - INFO - 	loaded 297/545 of the data.
2026-06-26 21:44:52,076 - INFO - 	loaded 298/545 of the data.
2026-06-26 21:44:52,108 - INFO - 	loaded 299/545 of the data.
2026-06-26 21:44:52,140 - INFO - 	loaded 300/545 of the data.
2026-06-26 21:44:52,171 - INFO - 	loaded 301/545 of the data.
2026-06-26 21:44:52,205 - INFO - 	loaded 302/545 of the data.
2026-06-26 21:44:52,246 - INFO - 	loaded 303/545 of the data.
2026-06-26 21:44:52,284 - INFO - 	loaded 304/545 of the data.
2026-06-26 21:44:52,315 - INFO - 	loaded 305/545 of the data.
2026-06-26 21:44:52,347 - INFO - 	loaded 306/545 of the data.
2026-06-26 21:44:52,377 - INFO - 	loaded 307/545 of the data.
2026-06-26 21:44:52,406 - INFO - 	loaded 308/545 of the data.
2026-06-26 21:44:52,447 - INFO - 	loaded 309/545 of the data.
2026-06-26 21:44:52,480 - INFO - 	loaded 310/545 of the data.
2026-06-26 21:44:52,514 - INFO - 	loaded 311/545 of the data.
2026-06-26 21:44:52,546 - INFO - 	loaded 312/545 of the data.
2026-06-26 21:44:52,685 - INFO - 	loaded 313/545 of the data.
2026-06-26 21:44:52,719 - INFO - 	loaded 314/545 of the data.
2026-06-26 21:44:52,751 - INFO - 	loaded 315/545 of the data.
2026-06-26 21:44:52,906 - INFO - 	loaded 316/545 of the data.
2026-06-26 21:44:52,941 - INFO - 	loaded 317/545 of the data.
2026-06-26 21:44:53,084 - INFO - 	loaded 318/545 of the data.
2026-06-26 21:44:53,116 - INFO - 	loaded 319/545 of the data.
2026-06-26 21:44:53,154 - INFO - 	loaded 320/545 of the data.
2026-06-26 21:44:53,183 - INFO - 	loaded 321/545 of the data.
2026-06-26 21:44:53,315 - INFO - 	loaded 322/545 of the data.
2026-06-26 21:44:53,356 - INFO - 	loaded 323/545 of the data.
2026-06-26 21:44:53,386 - INFO - 	loaded 324/545 of the data.
2026-06-26 21:44:53,522 - INFO - 	loaded 325/545 of the data.
2026-06-26 21:44:53,551 - INFO - 	loaded 326/545 of the data.
2026-06-26 21:44:53,599 - INFO - 	loaded 327/545 of the data.
2026-06-26 21:44:53,630 - INFO - 	loaded 328/545 of the data.
2026-06-26 21:44:53,771 - INFO - 	loaded 329/545 of the data.
2026-06-26 21:44:53,803 - INFO - 	loaded 330/545 of the data.
2026-06-26 21:44:53,842 - INFO - 	loaded 331/545 of the data.
2026-06-26 21:44:53,876 - INFO - 	loaded 332/545 of the data.
2026-06-26 21:44:53,911 - INFO - 	loaded 333/545 of the data.
2026-06-26 21:44:53,948 - INFO - 	loaded 334/545 of the data.
2026-06-26 21:44:53,982 - INFO - 	loaded 335/545 of the data.
2026-06-26 21:44:54,013 - INFO - 	loaded 336/545 of the data.
2026-06-26 21:44:54,161 - INFO - 	loaded 337/545 of the data.
2026-06-26 21:44:54,193 - INFO - 	loaded 338/545 of the data.
2026-06-26 21:44:54,227 - INFO - 	loaded 339/545 of the data.
2026-06-26 21:44:54,267 - INFO - 	loaded 340/545 of the data.
2026-06-26 21:44:54,305 - INFO - 	loaded 341/545 of the data.
2026-06-26 21:44:54,340 - INFO - 	loaded 342/545 of the data.
2026-06-26 21:44:54,372 - INFO - 	loaded 343/545 of the data.
2026-06-26 21:44:54,409 - INFO - 	loaded 344/545 of the data.
2026-06-26 21:44:54,442 - INFO - 	loaded 345/545 of the data.
2026-06-26 21:44:54,477 - INFO - 	loaded 346/545 of the data.
2026-06-26 21:44:54,510 - INFO - 	loaded 347/545 of the data.
2026-06-26 21:44:54,540 - INFO - 	loaded 348/545 of the data.
2026-06-26 21:44:54,571 - INFO - 	loaded 349/545 of the data.
2026-06-26 21:44:54,602 - INFO - 	loaded 350/545 of the data.
2026-06-26 21:44:54,748 - INFO - 	loaded 351/545 of the data.
2026-06-26 21:44:54,794 - INFO - 	loaded 352/545 of the data.
2026-06-26 21:44:54,826 - INFO - 	loaded 353/545 of the data.
2026-06-26 21:44:54,857 - INFO - 	loaded 354/545 of the data.
2026-06-26 21:44:54,888 - INFO - 	loaded 355/545 of the data.
2026-06-26 21:44:54,916 - INFO - 	loaded 356/545 of the data.
2026-06-26 21:44:54,946 - INFO - 	loaded 357/545 of the data.
2026-06-26 21:44:54,982 - INFO - 	loaded 358/545 of the data.
2026-06-26 21:44:55,018 - INFO - 	loaded 359/545 of the data.
2026-06-26 21:44:55,051 - INFO - 	loaded 360/545 of the data.
2026-06-26 21:44:55,083 - INFO - 	loaded 361/545 of the data.
2026-06-26 21:44:55,114 - INFO - 	loaded 362/545 of the data.
2026-06-26 21:44:55,245 - INFO - 	loaded 363/545 of the data.
2026-06-26 21:44:55,286 - INFO - 	loaded 364/545 of the data.
2026-06-26 21:44:55,323 - INFO - 	loaded 365/545 of the data.
2026-06-26 21:44:55,356 - INFO - 	loaded 366/545 of the data.
2026-06-26 21:44:55,389 - INFO - 	loaded 367/545 of the data.
2026-06-26 21:44:55,420 - INFO - 	loaded 368/545 of the data.
2026-06-26 21:44:55,453 - INFO - 	loaded 369/545 of the data.
2026-06-26 21:44:55,488 - INFO - 	loaded 370/545 of the data.
2026-06-26 21:44:55,520 - INFO - 	loaded 371/545 of the data.
2026-06-26 21:44:55,550 - INFO - 	loaded 372/545 of the data.
2026-06-26 21:44:55,582 - INFO - 	loaded 373/545 of the data.
2026-06-26 21:44:55,613 - INFO - 	loaded 374/545 of the data.
2026-06-26 21:44:55,642 - INFO - 	loaded 375/545 of the data.
2026-06-26 21:44:55,673 - INFO - 	loaded 376/545 of the data.
2026-06-26 21:44:55,709 - INFO - 	loaded 377/545 of the data.
2026-06-26 21:44:55,740 - INFO - 	loaded 378/545 of the data.
2026-06-26 21:44:55,771 - INFO - 	loaded 379/545 of the data.
2026-06-26 21:44:55,801 - INFO - 	loaded 380/545 of the data.
2026-06-26 21:44:55,830 - INFO - 	loaded 381/545 of the data.
2026-06-26 21:44:55,858 - INFO - 	loaded 382/545 of the data.
2026-06-26 21:44:55,892 - INFO - 	loaded 383/545 of the data.
2026-06-26 21:44:55,934 - INFO - 	loaded 384/545 of the data.
2026-06-26 21:44:55,967 - INFO - 	loaded 385/545 of the data.
2026-06-26 21:44:55,998 - INFO - 	loaded 386/545 of the data.
2026-06-26 21:44:56,029 - INFO - 	loaded 387/545 of the data.
2026-06-26 21:44:56,062 - INFO - 	loaded 388/545 of the data.
2026-06-26 21:44:56,094 - INFO - 	loaded 389/545 of the data.
2026-06-26 21:44:56,130 - INFO - 	loaded 390/545 of the data.
2026-06-26 21:44:56,165 - INFO - 	loaded 391/545 of the data.
2026-06-26 21:44:56,195 - INFO - 	loaded 392/545 of the data.
2026-06-26 21:44:56,225 - INFO - 	loaded 393/545 of the data.
2026-06-26 21:44:56,363 - INFO - 	loaded 394/545 of the data.
2026-06-26 21:44:56,503 - INFO - 	loaded 395/545 of the data.
2026-06-26 21:44:56,537 - INFO - 	loaded 396/545 of the data.
2026-06-26 21:44:56,569 - INFO - 	loaded 397/545 of the data.
2026-06-26 21:44:56,601 - INFO - 	loaded 398/545 of the data.
2026-06-26 21:44:56,629 - INFO - 	loaded 399/545 of the data.
2026-06-26 21:44:56,660 - INFO - 	loaded 400/545 of the data.
2026-06-26 21:44:56,691 - INFO - 	loaded 401/545 of the data.
2026-06-26 21:44:56,722 - INFO - 	loaded 402/545 of the data.
2026-06-26 21:44:56,753 - INFO - 	loaded 403/545 of the data.
2026-06-26 21:44:56,787 - INFO - 	loaded 404/545 of the data.
2026-06-26 21:44:56,821 - INFO - 	loaded 405/545 of the data.
2026-06-26 21:44:56,854 - INFO - 	loaded 406/545 of the data.
2026-06-26 21:44:56,885 - INFO - 	loaded 407/545 of the data.
2026-06-26 21:44:56,915 - INFO - 	loaded 408/545 of the data.
2026-06-26 21:44:56,945 - INFO - 	loaded 409/545 of the data.
2026-06-26 21:44:56,975 - INFO - 	loaded 410/545 of the data.
2026-06-26 21:44:57,009 - INFO - 	loaded 411/545 of the data.
2026-06-26 21:44:57,044 - INFO - 	loaded 412/545 of the data.
2026-06-26 21:44:57,075 - INFO - 	loaded 413/545 of the data.
2026-06-26 21:44:57,106 - INFO - 	loaded 414/545 of the data.
2026-06-26 21:44:57,261 - INFO - 	loaded 415/545 of the data.
2026-06-26 21:44:57,291 - INFO - 	loaded 416/545 of the data.
2026-06-26 21:44:57,321 - INFO - 	loaded 417/545 of the data.
2026-06-26 21:44:57,351 - INFO - 	loaded 418/545 of the data.
2026-06-26 21:44:57,500 - INFO - 	loaded 419/545 of the data.
2026-06-26 21:44:57,532 - INFO - 	loaded 420/545 of the data.
2026-06-26 21:44:57,670 - INFO - 	loaded 421/545 of the data.
2026-06-26 21:44:57,700 - INFO - 	loaded 422/545 of the data.
2026-06-26 21:44:57,742 - INFO - 	loaded 423/545 of the data.
2026-06-26 21:44:57,775 - INFO - 	loaded 424/545 of the data.
2026-06-26 21:44:57,805 - INFO - 	loaded 425/545 of the data.
2026-06-26 21:44:57,951 - INFO - 	loaded 426/545 of the data.
2026-06-26 21:44:57,982 - INFO - 	loaded 427/545 of the data.
2026-06-26 21:44:58,015 - INFO - 	loaded 428/545 of the data.
2026-06-26 21:44:58,044 - INFO - 	loaded 429/545 of the data.
2026-06-26 21:44:58,073 - INFO - 	loaded 430/545 of the data.
2026-06-26 21:44:58,103 - INFO - 	loaded 431/545 of the data.
2026-06-26 21:44:58,135 - INFO - 	loaded 432/545 of the data.
2026-06-26 21:44:58,169 - INFO - 	loaded 433/545 of the data.
2026-06-26 21:44:58,346 - INFO - 	loaded 434/545 of the data.
2026-06-26 21:44:58,381 - INFO - 	loaded 435/545 of the data.
2026-06-26 21:44:58,413 - INFO - 	loaded 436/545 of the data.
2026-06-26 21:44:58,549 - INFO - 	loaded 437/545 of the data.
2026-06-26 21:44:58,690 - INFO - 	loaded 438/545 of the data.
2026-06-26 21:44:58,722 - INFO - 	loaded 439/545 of the data.
2026-06-26 21:44:58,753 - INFO - 	loaded 440/545 of the data.
2026-06-26 21:44:58,786 - INFO - 	loaded 441/545 of the data.
2026-06-26 21:44:58,821 - INFO - 	loaded 442/545 of the data.
2026-06-26 21:44:58,856 - INFO - 	loaded 443/545 of the data.
2026-06-26 21:44:58,889 - INFO - 	loaded 444/545 of the data.
2026-06-26 21:44:58,932 - INFO - 	loaded 445/545 of the data.
2026-06-26 21:44:58,974 - INFO - 	loaded 446/545 of the data.
2026-06-26 21:44:59,006 - INFO - 	loaded 447/545 of the data.
2026-06-26 21:44:59,038 - INFO - 	loaded 448/545 of the data.
2026-06-26 21:44:59,066 - INFO - 	loaded 449/545 of the data.
2026-06-26 21:44:59,098 - INFO - 	loaded 450/545 of the data.
2026-06-26 21:44:59,129 - INFO - 	loaded 451/545 of the data.
2026-06-26 21:44:59,167 - INFO - 	loaded 452/545 of the data.
2026-06-26 21:44:59,209 - INFO - 	loaded 453/545 of the data.
2026-06-26 21:44:59,366 - INFO - 	loaded 454/545 of the data.
2026-06-26 21:44:59,402 - INFO - 	loaded 455/545 of the data.
2026-06-26 21:44:59,434 - INFO - 	loaded 456/545 of the data.
2026-06-26 21:44:59,464 - INFO - 	loaded 457/545 of the data.
2026-06-26 21:44:59,493 - INFO - 	loaded 458/545 of the data.
2026-06-26 21:44:59,525 - INFO - 	loaded 459/545 of the data.
2026-06-26 21:44:59,556 - INFO - 	loaded 460/545 of the data.
2026-06-26 21:44:59,588 - INFO - 	loaded 461/545 of the data.
2026-06-26 21:44:59,620 - INFO - 	loaded 462/545 of the data.
2026-06-26 21:44:59,654 - INFO - 	loaded 463/545 of the data.
2026-06-26 21:44:59,688 - INFO - 	loaded 464/545 of the data.
2026-06-26 21:44:59,718 - INFO - 	loaded 465/545 of the data.
2026-06-26 21:44:59,747 - INFO - 	loaded 466/545 of the data.
2026-06-26 21:44:59,778 - INFO - 	loaded 467/545 of the data.
2026-06-26 21:44:59,810 - INFO - 	loaded 468/545 of the data.
2026-06-26 21:44:59,953 - INFO - 	loaded 469/545 of the data.
2026-06-26 21:44:59,989 - INFO - 	loaded 470/545 of the data.
2026-06-26 21:45:00,025 - INFO - 	loaded 471/545 of the data.
2026-06-26 21:45:00,065 - INFO - 	loaded 472/545 of the data.
2026-06-26 21:45:00,096 - INFO - 	loaded 473/545 of the data.
2026-06-26 21:45:00,232 - INFO - 	loaded 474/545 of the data.
2026-06-26 21:45:00,378 - INFO - 	loaded 475/545 of the data.
2026-06-26 21:45:00,411 - INFO - 	loaded 476/545 of the data.
2026-06-26 21:45:00,448 - INFO - 	loaded 477/545 of the data.
2026-06-26 21:45:00,484 - INFO - 	loaded 478/545 of the data.
2026-06-26 21:45:00,515 - INFO - 	loaded 479/545 of the data.
2026-06-26 21:45:00,549 - INFO - 	loaded 480/545 of the data.
2026-06-26 21:45:00,581 - INFO - 	loaded 481/545 of the data.
2026-06-26 21:45:00,610 - INFO - 	loaded 482/545 of the data.
2026-06-26 21:45:00,752 - INFO - 	loaded 483/545 of the data.
2026-06-26 21:45:00,906 - INFO - 	loaded 484/545 of the data.
2026-06-26 21:45:00,941 - INFO - 	loaded 485/545 of the data.
2026-06-26 21:45:00,976 - INFO - 	loaded 486/545 of the data.
2026-06-26 21:45:01,006 - INFO - 	loaded 487/545 of the data.
2026-06-26 21:45:01,035 - INFO - 	loaded 488/545 of the data.
2026-06-26 21:45:01,178 - INFO - 	loaded 489/545 of the data.
2026-06-26 21:45:01,219 - INFO - 	loaded 490/545 of the data.
2026-06-26 21:45:01,251 - INFO - 	loaded 491/545 of the data.
2026-06-26 21:45:01,284 - INFO - 	loaded 492/545 of the data.
2026-06-26 21:45:01,341 - INFO - 	loaded 493/545 of the data.
2026-06-26 21:45:01,379 - INFO - 	loaded 494/545 of the data.
2026-06-26 21:45:01,417 - INFO - 	loaded 495/545 of the data.
2026-06-26 21:45:01,463 - INFO - 	loaded 496/545 of the data.
2026-06-26 21:45:01,500 - INFO - 	loaded 497/545 of the data.
2026-06-26 21:45:01,542 - INFO - 	loaded 498/545 of the data.
2026-06-26 21:45:01,571 - INFO - 	loaded 499/545 of the data.
2026-06-26 21:45:01,714 - INFO - 	loaded 500/545 of the data.
2026-06-26 21:45:01,748 - INFO - 	loaded 501/545 of the data.
2026-06-26 21:45:01,781 - INFO - 	loaded 502/545 of the data.
2026-06-26 21:45:01,814 - INFO - 	loaded 503/545 of the data.
2026-06-26 21:45:01,985 - INFO - 	loaded 504/545 of the data.
2026-06-26 21:45:02,020 - INFO - 	loaded 505/545 of the data.
2026-06-26 21:45:02,053 - INFO - 	loaded 506/545 of the data.
2026-06-26 21:45:02,198 - INFO - 	loaded 507/545 of the data.
2026-06-26 21:45:02,237 - INFO - 	loaded 508/545 of the data.
2026-06-26 21:45:02,267 - INFO - 	loaded 509/545 of the data.
2026-06-26 21:45:02,298 - INFO - 	loaded 510/545 of the data.
2026-06-26 21:45:02,331 - INFO - 	loaded 511/545 of the data.
2026-06-26 21:45:02,361 - INFO - 	loaded 512/545 of the data.
2026-06-26 21:45:02,395 - INFO - 	loaded 513/545 of the data.
2026-06-26 21:45:02,430 - INFO - 	loaded 514/545 of the data.
2026-06-26 21:45:02,463 - INFO - 	loaded 515/545 of the data.
2026-06-26 21:45:02,495 - INFO - 	loaded 516/545 of the data.
2026-06-26 21:45:02,524 - INFO - 	loaded 517/545 of the data.
2026-06-26 21:45:02,703 - INFO - 	loaded 518/545 of the data.
2026-06-26 21:45:02,733 - INFO - 	loaded 519/545 of the data.
2026-06-26 21:45:02,766 - INFO - 	loaded 520/545 of the data.
2026-06-26 21:45:02,794 - INFO - 	loaded 521/545 of the data.
2026-06-26 21:45:02,822 - INFO - 	loaded 522/545 of the data.
2026-06-26 21:45:02,850 - INFO - 	loaded 523/545 of the data.
2026-06-26 21:45:02,995 - INFO - 	loaded 524/545 of the data.
2026-06-26 21:45:03,030 - INFO - 	loaded 525/545 of the data.
2026-06-26 21:45:03,059 - INFO - 	loaded 526/545 of the data.
2026-06-26 21:45:03,087 - INFO - 	loaded 527/545 of the data.
2026-06-26 21:45:03,119 - INFO - 	loaded 528/545 of the data.
2026-06-26 21:45:03,150 - INFO - 	loaded 529/545 of the data.
2026-06-26 21:45:03,180 - INFO - 	loaded 530/545 of the data.
2026-06-26 21:45:03,215 - INFO - 	loaded 531/545 of the data.
2026-06-26 21:45:03,251 - INFO - 	loaded 532/545 of the data.
2026-06-26 21:45:03,284 - INFO - 	loaded 533/545 of the data.
2026-06-26 21:45:03,314 - INFO - 	loaded 534/545 of the data.
2026-06-26 21:45:03,346 - INFO - 	loaded 535/545 of the data.
2026-06-26 21:45:03,483 - INFO - 	loaded 536/545 of the data.
2026-06-26 21:45:03,640 - INFO - 	loaded 537/545 of the data.
2026-06-26 21:45:03,676 - INFO - 	loaded 538/545 of the data.
2026-06-26 21:45:03,711 - INFO - 	loaded 539/545 of the data.
2026-06-26 21:45:03,741 - INFO - 	loaded 540/545 of the data.
2026-06-26 21:45:03,772 - INFO - 	loaded 541/545 of the data.
2026-06-26 21:45:03,904 - INFO - 	loaded 542/545 of the data.
2026-06-26 21:45:04,056 - INFO - 	loaded 543/545 of the data.
2026-06-26 21:45:04,086 - INFO - 	loaded 544/545 of the data.
2026-06-26 21:45:04,224 - INFO - 	loaded 545/545 of the data.
2026-06-26 21:45:04,224 - INFO - data of diagnosis table inserted.
2026-06-26 21:45:04,226 - INFO - preparing table edstays.
2026-06-26 21:45:04,226 - INFO - creating table edstays.
2026-06-26 21:45:04,269 - INFO - Table edstays created
2026-06-26 21:45:04,269 - INFO - preparing data of edstays table.
2026-06-26 21:45:04,269 - INFO - inserting data of edstays table.
2026-06-26 21:45:04,306 - INFO - 	loaded 1/222 of the data.
2026-06-26 21:45:04,340 - INFO - 	loaded 2/222 of the data.
2026-06-26 21:45:04,371 - INFO - 	loaded 3/222 of the data.
2026-06-26 21:45:04,401 - INFO - 	loaded 4/222 of the data.
2026-06-26 21:45:04,432 - INFO - 	loaded 5/222 of the data.
2026-06-26 21:45:04,463 - INFO - 	loaded 6/222 of the data.
2026-06-26 21:45:04,497 - INFO - 	loaded 7/222 of the data.
2026-06-26 21:45:04,537 - INFO - 	loaded 8/222 of the data.
2026-06-26 21:45:04,574 - INFO - 	loaded 9/222 of the data.
2026-06-26 21:45:04,612 - INFO - 	loaded 10/222 of the data.
2026-06-26 21:45:04,645 - INFO - 	loaded 11/222 of the data.
2026-06-26 21:45:04,674 - INFO - 	loaded 12/222 of the data.
2026-06-26 21:45:04,709 - INFO - 	loaded 13/222 of the data.
2026-06-26 21:45:04,745 - INFO - 	loaded 14/222 of the data.
2026-06-26 21:45:04,779 - INFO - 	loaded 15/222 of the data.
2026-06-26 21:45:04,809 - INFO - 	loaded 16/222 of the data.
2026-06-26 21:45:04,839 - INFO - 	loaded 17/222 of the data.
2026-06-26 21:45:04,874 - INFO - 	loaded 18/222 of the data.
2026-06-26 21:45:04,904 - INFO - 	loaded 19/222 of the data.
2026-06-26 21:45:04,941 - INFO - 	loaded 20/222 of the data.
2026-06-26 21:45:04,982 - INFO - 	loaded 21/222 of the data.
2026-06-26 21:45:05,121 - INFO - 	loaded 22/222 of the data.
2026-06-26 21:45:05,154 - INFO - 	loaded 23/222 of the data.
2026-06-26 21:45:05,191 - INFO - 	loaded 24/222 of the data.
2026-06-26 21:45:05,220 - INFO - 	loaded 25/222 of the data.
2026-06-26 21:45:05,252 - INFO - 	loaded 26/222 of the data.
2026-06-26 21:45:05,284 - INFO - 	loaded 27/222 of the data.
2026-06-26 21:45:05,315 - INFO - 	loaded 28/222 of the data.
2026-06-26 21:45:05,349 - INFO - 	loaded 29/222 of the data.
2026-06-26 21:45:05,390 - INFO - 	loaded 30/222 of the data.
2026-06-26 21:45:05,429 - INFO - 	loaded 31/222 of the data.
2026-06-26 21:45:05,462 - INFO - 	loaded 32/222 of the data.
2026-06-26 21:45:05,493 - INFO - 	loaded 33/222 of the data.
2026-06-26 21:45:05,523 - INFO - 	loaded 34/222 of the data.
2026-06-26 21:45:05,554 - INFO - 	loaded 35/222 of the data.
2026-06-26 21:45:05,586 - INFO - 	loaded 36/222 of the data.
2026-06-26 21:45:05,623 - INFO - 	loaded 37/222 of the data.
2026-06-26 21:45:05,658 - INFO - 	loaded 38/222 of the data.
2026-06-26 21:45:05,688 - INFO - 	loaded 39/222 of the data.
2026-06-26 21:45:05,718 - INFO - 	loaded 40/222 of the data.
2026-06-26 21:45:05,750 - INFO - 	loaded 41/222 of the data.
2026-06-26 21:45:05,780 - INFO - 	loaded 42/222 of the data.
2026-06-26 21:45:05,811 - INFO - 	loaded 43/222 of the data.
2026-06-26 21:45:05,845 - INFO - 	loaded 44/222 of the data.
2026-06-26 21:45:05,883 - INFO - 	loaded 45/222 of the data.
2026-06-26 21:45:05,919 - INFO - 	loaded 46/222 of the data.
2026-06-26 21:45:06,094 - INFO - 	loaded 47/222 of the data.
2026-06-26 21:45:06,126 - INFO - 	loaded 48/222 of the data.
2026-06-26 21:45:06,155 - INFO - 	loaded 49/222 of the data.
2026-06-26 21:45:06,184 - INFO - 	loaded 50/222 of the data.
2026-06-26 21:45:06,364 - INFO - 	loaded 51/222 of the data.
2026-06-26 21:45:06,399 - INFO - 	loaded 52/222 of the data.
2026-06-26 21:45:06,435 - INFO - 	loaded 53/222 of the data.
2026-06-26 21:45:06,467 - INFO - 	loaded 54/222 of the data.
2026-06-26 21:45:06,614 - INFO - 	loaded 55/222 of the data.
2026-06-26 21:45:06,650 - INFO - 	loaded 56/222 of the data.
2026-06-26 21:45:06,683 - INFO - 	loaded 57/222 of the data.
2026-06-26 21:45:06,716 - INFO - 	loaded 58/222 of the data.
2026-06-26 21:45:06,745 - INFO - 	loaded 59/222 of the data.
2026-06-26 21:45:06,776 - INFO - 	loaded 60/222 of the data.
2026-06-26 21:45:06,814 - INFO - 	loaded 61/222 of the data.
2026-06-26 21:45:06,845 - INFO - 	loaded 62/222 of the data.
2026-06-26 21:45:06,879 - INFO - 	loaded 63/222 of the data.
2026-06-26 21:45:06,910 - INFO - 	loaded 64/222 of the data.
2026-06-26 21:45:06,940 - INFO - 	loaded 65/222 of the data.
2026-06-26 21:45:07,086 - INFO - 	loaded 66/222 of the data.
2026-06-26 21:45:07,119 - INFO - 	loaded 67/222 of the data.
2026-06-26 21:45:07,149 - INFO - 	loaded 68/222 of the data.
2026-06-26 21:45:07,178 - INFO - 	loaded 69/222 of the data.
2026-06-26 21:45:07,210 - INFO - 	loaded 70/222 of the data.
2026-06-26 21:45:07,351 - INFO - 	loaded 71/222 of the data.
2026-06-26 21:45:07,386 - INFO - 	loaded 72/222 of the data.
2026-06-26 21:45:07,419 - INFO - 	loaded 73/222 of the data.
2026-06-26 21:45:07,449 - INFO - 	loaded 74/222 of the data.
2026-06-26 21:45:07,480 - INFO - 	loaded 75/222 of the data.
2026-06-26 21:45:07,510 - INFO - 	loaded 76/222 of the data.
2026-06-26 21:45:07,543 - INFO - 	loaded 77/222 of the data.
2026-06-26 21:45:07,580 - INFO - 	loaded 78/222 of the data.
2026-06-26 21:45:07,616 - INFO - 	loaded 79/222 of the data.
2026-06-26 21:45:07,646 - INFO - 	loaded 80/222 of the data.
2026-06-26 21:45:07,675 - INFO - 	loaded 81/222 of the data.
2026-06-26 21:45:07,704 - INFO - 	loaded 82/222 of the data.
2026-06-26 21:45:07,736 - INFO - 	loaded 83/222 of the data.
2026-06-26 21:45:07,867 - INFO - 	loaded 84/222 of the data.
2026-06-26 21:45:07,903 - INFO - 	loaded 85/222 of the data.
2026-06-26 21:45:08,040 - INFO - 	loaded 86/222 of the data.
2026-06-26 21:45:08,069 - INFO - 	loaded 87/222 of the data.
2026-06-26 21:45:08,102 - INFO - 	loaded 88/222 of the data.
2026-06-26 21:45:08,134 - INFO - 	loaded 89/222 of the data.
2026-06-26 21:45:08,278 - INFO - 	loaded 90/222 of the data.
2026-06-26 21:45:08,309 - INFO - 	loaded 91/222 of the data.
2026-06-26 21:45:08,342 - INFO - 	loaded 92/222 of the data.
2026-06-26 21:45:08,373 - INFO - 	loaded 93/222 of the data.
2026-06-26 21:45:08,402 - INFO - 	loaded 94/222 of the data.
2026-06-26 21:45:08,433 - INFO - 	loaded 95/222 of the data.
2026-06-26 21:45:08,465 - INFO - 	loaded 96/222 of the data.
2026-06-26 21:45:08,496 - INFO - 	loaded 97/222 of the data.
2026-06-26 21:45:08,529 - INFO - 	loaded 98/222 of the data.
2026-06-26 21:45:08,568 - INFO - 	loaded 99/222 of the data.
2026-06-26 21:45:08,608 - INFO - 	loaded 100/222 of the data.
2026-06-26 21:45:08,640 - INFO - 	loaded 101/222 of the data.
2026-06-26 21:45:08,678 - INFO - 	loaded 102/222 of the data.
2026-06-26 21:45:08,715 - INFO - 	loaded 103/222 of the data.
2026-06-26 21:45:08,757 - INFO - 	loaded 104/222 of the data.
2026-06-26 21:45:08,904 - INFO - 	loaded 105/222 of the data.
2026-06-26 21:45:08,938 - INFO - 	loaded 106/222 of the data.
2026-06-26 21:45:08,971 - INFO - 	loaded 107/222 of the data.
2026-06-26 21:45:09,008 - INFO - 	loaded 108/222 of the data.
2026-06-26 21:45:09,043 - INFO - 	loaded 109/222 of the data.
2026-06-26 21:45:09,073 - INFO - 	loaded 110/222 of the data.
2026-06-26 21:45:09,105 - INFO - 	loaded 111/222 of the data.
2026-06-26 21:45:09,138 - INFO - 	loaded 112/222 of the data.
2026-06-26 21:45:09,170 - INFO - 	loaded 113/222 of the data.
2026-06-26 21:45:09,211 - INFO - 	loaded 114/222 of the data.
2026-06-26 21:45:09,358 - INFO - 	loaded 115/222 of the data.
2026-06-26 21:45:09,416 - INFO - 	loaded 116/222 of the data.
2026-06-26 21:45:09,454 - INFO - 	loaded 117/222 of the data.
2026-06-26 21:45:09,482 - INFO - 	loaded 118/222 of the data.
2026-06-26 21:45:09,513 - INFO - 	loaded 119/222 of the data.
2026-06-26 21:45:09,544 - INFO - 	loaded 120/222 of the data.
2026-06-26 21:45:09,575 - INFO - 	loaded 121/222 of the data.
2026-06-26 21:45:09,607 - INFO - 	loaded 122/222 of the data.
2026-06-26 21:45:09,641 - INFO - 	loaded 123/222 of the data.
2026-06-26 21:45:09,676 - INFO - 	loaded 124/222 of the data.
2026-06-26 21:45:09,708 - INFO - 	loaded 125/222 of the data.
2026-06-26 21:45:09,738 - INFO - 	loaded 126/222 of the data.
2026-06-26 21:45:09,767 - INFO - 	loaded 127/222 of the data.
2026-06-26 21:45:09,796 - INFO - 	loaded 128/222 of the data.
2026-06-26 21:45:09,827 - INFO - 	loaded 129/222 of the data.
2026-06-26 21:45:09,967 - INFO - 	loaded 130/222 of the data.
2026-06-26 21:45:10,001 - INFO - 	loaded 131/222 of the data.
2026-06-26 21:45:10,032 - INFO - 	loaded 132/222 of the data.
2026-06-26 21:45:10,063 - INFO - 	loaded 133/222 of the data.
2026-06-26 21:45:10,093 - INFO - 	loaded 134/222 of the data.
2026-06-26 21:45:10,125 - INFO - 	loaded 135/222 of the data.
2026-06-26 21:45:10,154 - INFO - 	loaded 136/222 of the data.
2026-06-26 21:45:10,190 - INFO - 	loaded 137/222 of the data.
2026-06-26 21:45:10,224 - INFO - 	loaded 138/222 of the data.
2026-06-26 21:45:10,256 - INFO - 	loaded 139/222 of the data.
2026-06-26 21:45:10,287 - INFO - 	loaded 140/222 of the data.
2026-06-26 21:45:10,319 - INFO - 	loaded 141/222 of the data.
2026-06-26 21:45:10,350 - INFO - 	loaded 142/222 of the data.
2026-06-26 21:45:10,379 - INFO - 	loaded 143/222 of the data.
2026-06-26 21:45:10,521 - INFO - 	loaded 144/222 of the data.
2026-06-26 21:45:10,551 - INFO - 	loaded 145/222 of the data.
2026-06-26 21:45:10,582 - INFO - 	loaded 146/222 of the data.
2026-06-26 21:45:10,612 - INFO - 	loaded 147/222 of the data.
2026-06-26 21:45:10,644 - INFO - 	loaded 148/222 of the data.
2026-06-26 21:45:10,674 - INFO - 	loaded 149/222 of the data.
2026-06-26 21:45:10,704 - INFO - 	loaded 150/222 of the data.
2026-06-26 21:45:10,739 - INFO - 	loaded 151/222 of the data.
2026-06-26 21:45:10,775 - INFO - 	loaded 152/222 of the data.
2026-06-26 21:45:10,809 - INFO - 	loaded 153/222 of the data.
2026-06-26 21:45:10,840 - INFO - 	loaded 154/222 of the data.
2026-06-26 21:45:10,871 - INFO - 	loaded 155/222 of the data.
2026-06-26 21:45:10,901 - INFO - 	loaded 156/222 of the data.
2026-06-26 21:45:10,931 - INFO - 	loaded 157/222 of the data.
2026-06-26 21:45:10,965 - INFO - 	loaded 158/222 of the data.
2026-06-26 21:45:11,002 - INFO - 	loaded 159/222 of the data.
2026-06-26 21:45:11,034 - INFO - 	loaded 160/222 of the data.
2026-06-26 21:45:11,065 - INFO - 	loaded 161/222 of the data.
2026-06-26 21:45:11,094 - INFO - 	loaded 162/222 of the data.
2026-06-26 21:45:11,231 - INFO - 	loaded 163/222 of the data.
2026-06-26 21:45:11,265 - INFO - 	loaded 164/222 of the data.
2026-06-26 21:45:11,294 - INFO - 	loaded 165/222 of the data.
2026-06-26 21:45:11,324 - INFO - 	loaded 166/222 of the data.
2026-06-26 21:45:11,354 - INFO - 	loaded 167/222 of the data.
2026-06-26 21:45:11,384 - INFO - 	loaded 168/222 of the data.
2026-06-26 21:45:11,418 - INFO - 	loaded 169/222 of the data.
2026-06-26 21:45:11,563 - INFO - 	loaded 170/222 of the data.
2026-06-26 21:45:11,594 - INFO - 	loaded 171/222 of the data.
2026-06-26 21:45:11,623 - INFO - 	loaded 172/222 of the data.
2026-06-26 21:45:11,652 - INFO - 	loaded 173/222 of the data.
2026-06-26 21:45:11,682 - INFO - 	loaded 174/222 of the data.
2026-06-26 21:45:11,712 - INFO - 	loaded 175/222 of the data.
2026-06-26 21:45:11,740 - INFO - 	loaded 176/222 of the data.
2026-06-26 21:45:11,772 - INFO - 	loaded 177/222 of the data.
2026-06-26 21:45:11,807 - INFO - 	loaded 178/222 of the data.
2026-06-26 21:45:11,842 - INFO - 	loaded 179/222 of the data.
2026-06-26 21:45:11,873 - INFO - 	loaded 180/222 of the data.
2026-06-26 21:45:11,903 - INFO - 	loaded 181/222 of the data.
2026-06-26 21:45:11,933 - INFO - 	loaded 182/222 of the data.
2026-06-26 21:45:12,073 - INFO - 	loaded 183/222 of the data.
2026-06-26 21:45:12,109 - INFO - 	loaded 184/222 of the data.
2026-06-26 21:45:12,143 - INFO - 	loaded 185/222 of the data.
2026-06-26 21:45:12,175 - INFO - 	loaded 186/222 of the data.
2026-06-26 21:45:12,204 - INFO - 	loaded 187/222 of the data.
2026-06-26 21:45:12,232 - INFO - 	loaded 188/222 of the data.
2026-06-26 21:45:12,262 - INFO - 	loaded 189/222 of the data.
2026-06-26 21:45:12,293 - INFO - 	loaded 190/222 of the data.
2026-06-26 21:45:12,434 - INFO - 	loaded 191/222 of the data.
2026-06-26 21:45:12,466 - INFO - 	loaded 192/222 of the data.
2026-06-26 21:45:12,498 - INFO - 	loaded 193/222 of the data.
2026-06-26 21:45:12,530 - INFO - 	loaded 194/222 of the data.
2026-06-26 21:45:12,678 - INFO - 	loaded 195/222 of the data.
2026-06-26 21:45:12,708 - INFO - 	loaded 196/222 of the data.
2026-06-26 21:45:12,740 - INFO - 	loaded 197/222 of the data.
2026-06-26 21:45:12,768 - INFO - 	loaded 198/222 of the data.
2026-06-26 21:45:12,926 - INFO - 	loaded 199/222 of the data.
2026-06-26 21:45:13,074 - INFO - 	loaded 200/222 of the data.
2026-06-26 21:45:13,109 - INFO - 	loaded 201/222 of the data.
2026-06-26 21:45:13,143 - INFO - 	loaded 202/222 of the data.
2026-06-26 21:45:13,175 - INFO - 	loaded 203/222 of the data.
2026-06-26 21:45:13,204 - INFO - 	loaded 204/222 of the data.
2026-06-26 21:45:13,234 - INFO - 	loaded 205/222 of the data.
2026-06-26 21:45:13,265 - INFO - 	loaded 206/222 of the data.
2026-06-26 21:45:13,296 - INFO - 	loaded 207/222 of the data.
2026-06-26 21:45:13,328 - INFO - 	loaded 208/222 of the data.
2026-06-26 21:45:13,361 - INFO - 	loaded 209/222 of the data.
2026-06-26 21:45:13,399 - INFO - 	loaded 210/222 of the data.
2026-06-26 21:45:13,434 - INFO - 	loaded 211/222 of the data.
2026-06-26 21:45:13,575 - INFO - 	loaded 212/222 of the data.
2026-06-26 21:45:13,733 - INFO - 	loaded 213/222 of the data.
2026-06-26 21:45:13,764 - INFO - 	loaded 214/222 of the data.
2026-06-26 21:45:13,800 - INFO - 	loaded 215/222 of the data.
2026-06-26 21:45:13,832 - INFO - 	loaded 216/222 of the data.
2026-06-26 21:45:13,862 - INFO - 	loaded 217/222 of the data.
2026-06-26 21:45:13,894 - INFO - 	loaded 218/222 of the data.
2026-06-26 21:45:13,925 - INFO - 	loaded 219/222 of the data.
2026-06-26 21:45:13,958 - INFO - 	loaded 220/222 of the data.
2026-06-26 21:45:13,989 - INFO - 	loaded 221/222 of the data.
2026-06-26 21:45:14,023 - INFO - 	loaded 222/222 of the data.
2026-06-26 21:45:14,023 - INFO - data of edstays table inserted.
2026-06-26 21:45:14,030 - INFO - preparing table medrecon.
2026-06-26 21:45:14,031 - INFO - creating table medrecon.
2026-06-26 21:45:14,071 - INFO - Table medrecon created
2026-06-26 21:45:14,071 - INFO - preparing data of medrecon table.
2026-06-26 21:45:14,071 - INFO - inserting data of medrecon table.
2026-06-26 21:45:14,101 - INFO - 	loaded 1/2764 of the data.
2026-06-26 21:45:14,133 - INFO - 	loaded 2/2764 of the data.
2026-06-26 21:45:14,163 - INFO - 	loaded 3/2764 of the data.
2026-06-26 21:45:14,308 - INFO - 	loaded 4/2764 of the data.
2026-06-26 21:45:14,340 - INFO - 	loaded 5/2764 of the data.
2026-06-26 21:45:14,370 - INFO - 	loaded 6/2764 of the data.
2026-06-26 21:45:14,400 - INFO - 	loaded 7/2764 of the data.
2026-06-26 21:45:14,431 - INFO - 	loaded 8/2764 of the data.
2026-06-26 21:45:14,461 - INFO - 	loaded 9/2764 of the data.
2026-06-26 21:45:14,607 - INFO - 	loaded 10/2764 of the data.
2026-06-26 21:45:14,636 - INFO - 	loaded 11/2764 of the data.
2026-06-26 21:45:14,664 - INFO - 	loaded 12/2764 of the data.
2026-06-26 21:45:14,696 - INFO - 	loaded 13/2764 of the data.
2026-06-26 21:45:14,726 - INFO - 	loaded 14/2764 of the data.
2026-06-26 21:45:14,870 - INFO - 	loaded 15/2764 of the data.
2026-06-26 21:45:14,899 - INFO - 	loaded 16/2764 of the data.
2026-06-26 21:45:15,053 - INFO - 	loaded 17/2764 of the data.
2026-06-26 21:45:15,101 - INFO - 	loaded 18/2764 of the data.
2026-06-26 21:45:15,261 - INFO - 	loaded 19/2764 of the data.
2026-06-26 21:45:15,295 - INFO - 	loaded 20/2764 of the data.
2026-06-26 21:45:15,333 - INFO - 	loaded 21/2764 of the data.
2026-06-26 21:45:15,364 - INFO - 	loaded 22/2764 of the data.
2026-06-26 21:45:15,394 - INFO - 	loaded 23/2764 of the data.
2026-06-26 21:45:15,427 - INFO - 	loaded 24/2764 of the data.
2026-06-26 21:45:15,457 - INFO - 	loaded 25/2764 of the data.
2026-06-26 21:45:15,487 - INFO - 	loaded 26/2764 of the data.
2026-06-26 21:45:15,516 - INFO - 	loaded 27/2764 of the data.
2026-06-26 21:45:15,546 - INFO - 	loaded 28/2764 of the data.
2026-06-26 21:45:15,581 - INFO - 	loaded 29/2764 of the data.
2026-06-26 21:45:15,615 - INFO - 	loaded 30/2764 of the data.
2026-06-26 21:45:15,646 - INFO - 	loaded 31/2764 of the data.
2026-06-26 21:45:15,677 - INFO - 	loaded 32/2764 of the data.
2026-06-26 21:45:15,709 - INFO - 	loaded 33/2764 of the data.
2026-06-26 21:45:15,738 - INFO - 	loaded 34/2764 of the data.
2026-06-26 21:45:15,774 - INFO - 	loaded 35/2764 of the data.
2026-06-26 21:45:15,812 - INFO - 	loaded 36/2764 of the data.
2026-06-26 21:45:15,961 - INFO - 	loaded 37/2764 of the data.
2026-06-26 21:45:16,004 - INFO - 	loaded 38/2764 of the data.
2026-06-26 21:45:16,036 - INFO - 	loaded 39/2764 of the data.
2026-06-26 21:45:16,066 - INFO - 	loaded 40/2764 of the data.
2026-06-26 21:45:16,097 - INFO - 	loaded 41/2764 of the data.
2026-06-26 21:45:16,129 - INFO - 	loaded 42/2764 of the data.
2026-06-26 21:45:16,160 - INFO - 	loaded 43/2764 of the data.
2026-06-26 21:45:16,192 - INFO - 	loaded 44/2764 of the data.
2026-06-26 21:45:16,332 - INFO - 	loaded 45/2764 of the data.
2026-06-26 21:45:16,369 - INFO - 	loaded 46/2764 of the data.
2026-06-26 21:45:16,399 - INFO - 	loaded 47/2764 of the data.
2026-06-26 21:45:16,429 - INFO - 	loaded 48/2764 of the data.
2026-06-26 21:45:16,460 - INFO - 	loaded 49/2764 of the data.
2026-06-26 21:45:16,488 - INFO - 	loaded 50/2764 of the data.
2026-06-26 21:45:16,520 - INFO - 	loaded 51/2764 of the data.
2026-06-26 21:45:16,552 - INFO - 	loaded 52/2764 of the data.
2026-06-26 21:45:16,588 - INFO - 	loaded 53/2764 of the data.
2026-06-26 21:45:16,621 - INFO - 	loaded 54/2764 of the data.
2026-06-26 21:45:16,652 - INFO - 	loaded 55/2764 of the data.
2026-06-26 21:45:16,683 - INFO - 	loaded 56/2764 of the data.
2026-06-26 21:45:16,721 - INFO - 	loaded 57/2764 of the data.
2026-06-26 21:45:16,752 - INFO - 	loaded 58/2764 of the data.
2026-06-26 21:45:16,787 - INFO - 	loaded 59/2764 of the data.
2026-06-26 21:45:16,823 - INFO - 	loaded 60/2764 of the data.
2026-06-26 21:45:16,854 - INFO - 	loaded 61/2764 of the data.
2026-06-26 21:45:16,992 - INFO - 	loaded 62/2764 of the data.
2026-06-26 21:45:17,028 - INFO - 	loaded 63/2764 of the data.
2026-06-26 21:45:17,057 - INFO - 	loaded 64/2764 of the data.
2026-06-26 21:45:17,193 - INFO - 	loaded 65/2764 of the data.
2026-06-26 21:45:17,336 - INFO - 	loaded 66/2764 of the data.
2026-06-26 21:45:17,370 - INFO - 	loaded 67/2764 of the data.
2026-06-26 21:45:17,398 - INFO - 	loaded 68/2764 of the data.
2026-06-26 21:45:17,432 - INFO - 	loaded 69/2764 of the data.
2026-06-26 21:45:17,461 - INFO - 	loaded 70/2764 of the data.
2026-06-26 21:45:17,493 - INFO - 	loaded 71/2764 of the data.
2026-06-26 21:45:17,523 - INFO - 	loaded 72/2764 of the data.
2026-06-26 21:45:17,555 - INFO - 	loaded 73/2764 of the data.
2026-06-26 21:45:17,586 - INFO - 	loaded 74/2764 of the data.
2026-06-26 21:45:17,619 - INFO - 	loaded 75/2764 of the data.
2026-06-26 21:45:17,654 - INFO - 	loaded 76/2764 of the data.
2026-06-26 21:45:17,685 - INFO - 	loaded 77/2764 of the data.
2026-06-26 21:45:17,715 - INFO - 	loaded 78/2764 of the data.
2026-06-26 21:45:17,747 - INFO - 	loaded 79/2764 of the data.
2026-06-26 21:45:17,776 - INFO - 	loaded 80/2764 of the data.
2026-06-26 21:45:17,807 - INFO - 	loaded 81/2764 of the data.
2026-06-26 21:45:17,839 - INFO - 	loaded 82/2764 of the data.
2026-06-26 21:45:17,873 - INFO - 	loaded 83/2764 of the data.
2026-06-26 21:45:17,908 - INFO - 	loaded 84/2764 of the data.
2026-06-26 21:45:17,938 - INFO - 	loaded 85/2764 of the data.
2026-06-26 21:45:17,969 - INFO - 	loaded 86/2764 of the data.
2026-06-26 21:45:18,000 - INFO - 	loaded 87/2764 of the data.
2026-06-26 21:45:18,030 - INFO - 	loaded 88/2764 of the data.
2026-06-26 21:45:18,175 - INFO - 	loaded 89/2764 of the data.
2026-06-26 21:45:18,203 - INFO - 	loaded 90/2764 of the data.
2026-06-26 21:45:18,233 - INFO - 	loaded 91/2764 of the data.
2026-06-26 21:45:18,263 - INFO - 	loaded 92/2764 of the data.
2026-06-26 21:45:18,294 - INFO - 	loaded 93/2764 of the data.
2026-06-26 21:45:18,323 - INFO - 	loaded 94/2764 of the data.
2026-06-26 21:45:18,353 - INFO - 	loaded 95/2764 of the data.
2026-06-26 21:45:18,388 - INFO - 	loaded 96/2764 of the data.
2026-06-26 21:45:18,424 - INFO - 	loaded 97/2764 of the data.
2026-06-26 21:45:18,461 - INFO - 	loaded 98/2764 of the data.
2026-06-26 21:45:18,492 - INFO - 	loaded 99/2764 of the data.
2026-06-26 21:45:18,523 - INFO - 	loaded 100/2764 of the data.
2026-06-26 21:45:18,554 - INFO - 	loaded 101/2764 of the data.
2026-06-26 21:45:18,584 - INFO - 	loaded 102/2764 of the data.
2026-06-26 21:45:18,621 - INFO - 	loaded 103/2764 of the data.
2026-06-26 21:45:18,657 - INFO - 	loaded 104/2764 of the data.
2026-06-26 21:45:18,687 - INFO - 	loaded 105/2764 of the data.
2026-06-26 21:45:18,718 - INFO - 	loaded 106/2764 of the data.
2026-06-26 21:45:18,748 - INFO - 	loaded 107/2764 of the data.
2026-06-26 21:45:18,779 - INFO - 	loaded 108/2764 of the data.
2026-06-26 21:45:18,809 - INFO - 	loaded 109/2764 of the data.
2026-06-26 21:45:18,843 - INFO - 	loaded 110/2764 of the data.
2026-06-26 21:45:18,881 - INFO - 	loaded 111/2764 of the data.
2026-06-26 21:45:18,913 - INFO - 	loaded 112/2764 of the data.
2026-06-26 21:45:19,064 - INFO - 	loaded 113/2764 of the data.
2026-06-26 21:45:19,098 - INFO - 	loaded 114/2764 of the data.
2026-06-26 21:45:19,127 - INFO - 	loaded 115/2764 of the data.
2026-06-26 21:45:19,159 - INFO - 	loaded 116/2764 of the data.
2026-06-26 21:45:19,188 - INFO - 	loaded 117/2764 of the data.
2026-06-26 21:45:19,334 - INFO - 	loaded 118/2764 of the data.
2026-06-26 21:45:19,365 - INFO - 	loaded 119/2764 of the data.
2026-06-26 21:45:19,504 - INFO - 	loaded 120/2764 of the data.
2026-06-26 21:45:19,533 - INFO - 	loaded 121/2764 of the data.
2026-06-26 21:45:19,568 - INFO - 	loaded 122/2764 of the data.
2026-06-26 21:45:19,721 - INFO - 	loaded 123/2764 of the data.
2026-06-26 21:45:19,755 - INFO - 	loaded 124/2764 of the data.
2026-06-26 21:45:19,896 - INFO - 	loaded 125/2764 of the data.
2026-06-26 21:45:19,929 - INFO - 	loaded 126/2764 of the data.
2026-06-26 21:45:19,959 - INFO - 	loaded 127/2764 of the data.
2026-06-26 21:45:19,988 - INFO - 	loaded 128/2764 of the data.
2026-06-26 21:45:20,023 - INFO - 	loaded 129/2764 of the data.
2026-06-26 21:45:20,052 - INFO - 	loaded 130/2764 of the data.
2026-06-26 21:45:20,082 - INFO - 	loaded 131/2764 of the data.
2026-06-26 21:45:20,113 - INFO - 	loaded 132/2764 of the data.
2026-06-26 21:45:20,149 - INFO - 	loaded 133/2764 of the data.
2026-06-26 21:45:20,182 - INFO - 	loaded 134/2764 of the data.
2026-06-26 21:45:20,212 - INFO - 	loaded 135/2764 of the data.
2026-06-26 21:45:20,364 - INFO - 	loaded 136/2764 of the data.
2026-06-26 21:45:20,532 - INFO - 	loaded 137/2764 of the data.
2026-06-26 21:45:20,565 - INFO - 	loaded 138/2764 of the data.
2026-06-26 21:45:20,599 - INFO - 	loaded 139/2764 of the data.
2026-06-26 21:45:20,628 - INFO - 	loaded 140/2764 of the data.
2026-06-26 21:45:20,657 - INFO - 	loaded 141/2764 of the data.
2026-06-26 21:45:20,685 - INFO - 	loaded 142/2764 of the data.
2026-06-26 21:45:20,829 - INFO - 	loaded 143/2764 of the data.
2026-06-26 21:45:20,860 - INFO - 	loaded 144/2764 of the data.
2026-06-26 21:45:20,891 - INFO - 	loaded 145/2764 of the data.
2026-06-26 21:45:20,921 - INFO - 	loaded 146/2764 of the data.
2026-06-26 21:45:21,074 - INFO - 	loaded 147/2764 of the data.
2026-06-26 21:45:21,107 - INFO - 	loaded 148/2764 of the data.
2026-06-26 21:45:21,139 - INFO - 	loaded 149/2764 of the data.
2026-06-26 21:45:21,299 - INFO - 	loaded 150/2764 of the data.
2026-06-26 21:45:21,335 - INFO - 	loaded 151/2764 of the data.
2026-06-26 21:45:21,369 - INFO - 	loaded 152/2764 of the data.
2026-06-26 21:45:21,405 - INFO - 	loaded 153/2764 of the data.
2026-06-26 21:45:21,551 - INFO - 	loaded 154/2764 of the data.
2026-06-26 21:45:21,592 - INFO - 	loaded 155/2764 of the data.
2026-06-26 21:45:21,742 - INFO - 	loaded 156/2764 of the data.
2026-06-26 21:45:21,780 - INFO - 	loaded 157/2764 of the data.
2026-06-26 21:45:21,814 - INFO - 	loaded 158/2764 of the data.
2026-06-26 21:45:21,849 - INFO - 	loaded 159/2764 of the data.
2026-06-26 21:45:21,996 - INFO - 	loaded 160/2764 of the data.
2026-06-26 21:45:22,034 - INFO - 	loaded 161/2764 of the data.
2026-06-26 21:45:22,066 - INFO - 	loaded 162/2764 of the data.
2026-06-26 21:45:22,223 - INFO - 	loaded 163/2764 of the data.
2026-06-26 21:45:22,258 - INFO - 	loaded 164/2764 of the data.
2026-06-26 21:45:22,292 - INFO - 	loaded 165/2764 of the data.
2026-06-26 21:45:22,321 - INFO - 	loaded 166/2764 of the data.
2026-06-26 21:45:22,468 - INFO - 	loaded 167/2764 of the data.
2026-06-26 21:45:22,499 - INFO - 	loaded 168/2764 of the data.
2026-06-26 21:45:22,533 - INFO - 	loaded 169/2764 of the data.
2026-06-26 21:45:22,567 - INFO - 	loaded 170/2764 of the data.
2026-06-26 21:45:22,730 - INFO - 	loaded 171/2764 of the data.
2026-06-26 21:45:22,766 - INFO - 	loaded 172/2764 of the data.
2026-06-26 21:45:22,801 - INFO - 	loaded 173/2764 of the data.
2026-06-26 21:45:22,836 - INFO - 	loaded 174/2764 of the data.
2026-06-26 21:45:22,985 - INFO - 	loaded 175/2764 of the data.
2026-06-26 21:45:23,021 - INFO - 	loaded 176/2764 of the data.
2026-06-26 21:45:23,054 - INFO - 	loaded 177/2764 of the data.
2026-06-26 21:45:23,089 - INFO - 	loaded 178/2764 of the data.
2026-06-26 21:45:23,126 - INFO - 	loaded 179/2764 of the data.
2026-06-26 21:45:23,157 - INFO - 	loaded 180/2764 of the data.
2026-06-26 21:45:23,189 - INFO - 	loaded 181/2764 of the data.
2026-06-26 21:45:23,230 - INFO - 	loaded 182/2764 of the data.
2026-06-26 21:45:23,264 - INFO - 	loaded 183/2764 of the data.
2026-06-26 21:45:23,294 - INFO - 	loaded 184/2764 of the data.
2026-06-26 21:45:23,327 - INFO - 	loaded 185/2764 of the data.
2026-06-26 21:45:23,358 - INFO - 	loaded 186/2764 of the data.
2026-06-26 21:45:23,390 - INFO - 	loaded 187/2764 of the data.
2026-06-26 21:45:23,426 - INFO - 	loaded 188/2764 of the data.
2026-06-26 21:45:23,468 - INFO - 	loaded 189/2764 of the data.
2026-06-26 21:45:23,500 - INFO - 	loaded 190/2764 of the data.
2026-06-26 21:45:23,641 - INFO - 	loaded 191/2764 of the data.
2026-06-26 21:45:23,673 - INFO - 	loaded 192/2764 of the data.
2026-06-26 21:45:23,702 - INFO - 	loaded 193/2764 of the data.
2026-06-26 21:45:23,733 - INFO - 	loaded 194/2764 of the data.
2026-06-26 21:45:23,764 - INFO - 	loaded 195/2764 of the data.
2026-06-26 21:45:23,796 - INFO - 	loaded 196/2764 of the data.
2026-06-26 21:45:23,965 - INFO - 	loaded 197/2764 of the data.
2026-06-26 21:45:24,027 - INFO - 	loaded 198/2764 of the data.
2026-06-26 21:45:24,072 - INFO - 	loaded 199/2764 of the data.
2026-06-26 21:45:24,164 - INFO - 	loaded 200/2764 of the data.
2026-06-26 21:45:24,320 - INFO - 	loaded 201/2764 of the data.
2026-06-26 21:45:24,368 - INFO - 	loaded 202/2764 of the data.
2026-06-26 21:45:24,412 - INFO - 	loaded 203/2764 of the data.
2026-06-26 21:45:24,453 - INFO - 	loaded 204/2764 of the data.
2026-06-26 21:45:24,497 - INFO - 	loaded 205/2764 of the data.
2026-06-26 21:45:24,535 - INFO - 	loaded 206/2764 of the data.
2026-06-26 21:45:24,571 - INFO - 	loaded 207/2764 of the data.
2026-06-26 21:45:24,609 - INFO - 	loaded 208/2764 of the data.
2026-06-26 21:45:24,647 - INFO - 	loaded 209/2764 of the data.
2026-06-26 21:45:24,688 - INFO - 	loaded 210/2764 of the data.
2026-06-26 21:45:24,725 - INFO - 	loaded 211/2764 of the data.
2026-06-26 21:45:24,762 - INFO - 	loaded 212/2764 of the data.
2026-06-26 21:45:24,802 - INFO - 	loaded 213/2764 of the data.
2026-06-26 21:45:24,845 - INFO - 	loaded 214/2764 of the data.
2026-06-26 21:45:24,906 - INFO - 	loaded 215/2764 of the data.
2026-06-26 21:45:24,959 - INFO - 	loaded 216/2764 of the data.
2026-06-26 21:45:24,996 - INFO - 	loaded 217/2764 of the data.
2026-06-26 21:45:25,033 - INFO - 	loaded 218/2764 of the data.
2026-06-26 21:45:25,076 - INFO - 	loaded 219/2764 of the data.
2026-06-26 21:45:25,119 - INFO - 	loaded 220/2764 of the data.
2026-06-26 21:45:25,167 - INFO - 	loaded 221/2764 of the data.
2026-06-26 21:45:25,208 - INFO - 	loaded 222/2764 of the data.
2026-06-26 21:45:25,257 - INFO - 	loaded 223/2764 of the data.
2026-06-26 21:45:25,308 - INFO - 	loaded 224/2764 of the data.
2026-06-26 21:45:25,386 - INFO - 	loaded 225/2764 of the data.
2026-06-26 21:45:25,430 - INFO - 	loaded 226/2764 of the data.
2026-06-26 21:45:25,478 - INFO - 	loaded 227/2764 of the data.
2026-06-26 21:45:25,646 - INFO - 	loaded 228/2764 of the data.
2026-06-26 21:45:25,692 - INFO - 	loaded 229/2764 of the data.
2026-06-26 21:45:25,861 - INFO - 	loaded 230/2764 of the data.
2026-06-26 21:45:25,924 - INFO - 	loaded 231/2764 of the data.
2026-06-26 21:45:26,082 - INFO - 	loaded 232/2764 of the data.
2026-06-26 21:45:26,124 - INFO - 	loaded 233/2764 of the data.
2026-06-26 21:45:26,175 - INFO - 	loaded 234/2764 of the data.
2026-06-26 21:45:26,224 - INFO - 	loaded 235/2764 of the data.
2026-06-26 21:45:26,368 - INFO - 	loaded 236/2764 of the data.
2026-06-26 21:45:26,409 - INFO - 	loaded 237/2764 of the data.
2026-06-26 21:45:26,446 - INFO - 	loaded 238/2764 of the data.
2026-06-26 21:45:26,484 - INFO - 	loaded 239/2764 of the data.
2026-06-26 21:45:26,519 - INFO - 	loaded 240/2764 of the data.
2026-06-26 21:45:26,554 - INFO - 	loaded 241/2764 of the data.
2026-06-26 21:45:26,598 - INFO - 	loaded 242/2764 of the data.
2026-06-26 21:45:26,642 - INFO - 	loaded 243/2764 of the data.
2026-06-26 21:45:26,685 - INFO - 	loaded 244/2764 of the data.
2026-06-26 21:45:26,724 - INFO - 	loaded 245/2764 of the data.
2026-06-26 21:45:26,769 - INFO - 	loaded 246/2764 of the data.
2026-06-26 21:45:26,822 - INFO - 	loaded 247/2764 of the data.
2026-06-26 21:45:26,876 - INFO - 	loaded 248/2764 of the data.
2026-06-26 21:45:26,923 - INFO - 	loaded 249/2764 of the data.
2026-06-26 21:45:26,965 - INFO - 	loaded 250/2764 of the data.
2026-06-26 21:45:27,004 - INFO - 	loaded 251/2764 of the data.
2026-06-26 21:45:27,038 - INFO - 	loaded 252/2764 of the data.
2026-06-26 21:45:27,081 - INFO - 	loaded 253/2764 of the data.
2026-06-26 21:45:27,228 - INFO - 	loaded 254/2764 of the data.
2026-06-26 21:45:27,389 - INFO - 	loaded 255/2764 of the data.
2026-06-26 21:45:27,432 - INFO - 	loaded 256/2764 of the data.
2026-06-26 21:45:27,615 - INFO - 	loaded 257/2764 of the data.
2026-06-26 21:45:27,663 - INFO - 	loaded 258/2764 of the data.
2026-06-26 21:45:27,706 - INFO - 	loaded 259/2764 of the data.
2026-06-26 21:45:27,750 - INFO - 	loaded 260/2764 of the data.
2026-06-26 21:45:27,787 - INFO - 	loaded 261/2764 of the data.
2026-06-26 21:45:27,826 - INFO - 	loaded 262/2764 of the data.
2026-06-26 21:45:27,868 - INFO - 	loaded 263/2764 of the data.
2026-06-26 21:45:27,904 - INFO - 	loaded 264/2764 of the data.
2026-06-26 21:45:27,944 - INFO - 	loaded 265/2764 of the data.
2026-06-26 21:45:27,978 - INFO - 	loaded 266/2764 of the data.
2026-06-26 21:45:28,022 - INFO - 	loaded 267/2764 of the data.
2026-06-26 21:45:28,065 - INFO - 	loaded 268/2764 of the data.
2026-06-26 21:45:28,235 - INFO - 	loaded 269/2764 of the data.
2026-06-26 21:45:28,298 - INFO - 	loaded 270/2764 of the data.
2026-06-26 21:45:28,348 - INFO - 	loaded 271/2764 of the data.
2026-06-26 21:45:28,393 - INFO - 	loaded 272/2764 of the data.
2026-06-26 21:45:28,578 - INFO - 	loaded 273/2764 of the data.
2026-06-26 21:45:28,733 - INFO - 	loaded 274/2764 of the data.
2026-06-26 21:45:28,775 - INFO - 	loaded 275/2764 of the data.
2026-06-26 21:45:29,019 - INFO - 	loaded 276/2764 of the data.
2026-06-26 21:45:29,059 - INFO - 	loaded 277/2764 of the data.
2026-06-26 21:45:29,275 - INFO - 	loaded 278/2764 of the data.
2026-06-26 21:45:29,357 - INFO - 	loaded 279/2764 of the data.
2026-06-26 21:45:29,403 - INFO - 	loaded 280/2764 of the data.
2026-06-26 21:45:29,444 - INFO - 	loaded 281/2764 of the data.
2026-06-26 21:45:29,483 - INFO - 	loaded 282/2764 of the data.
2026-06-26 21:45:29,524 - INFO - 	loaded 283/2764 of the data.
2026-06-26 21:45:29,561 - INFO - 	loaded 284/2764 of the data.
2026-06-26 21:45:29,600 - INFO - 	loaded 285/2764 of the data.
2026-06-26 21:45:29,639 - INFO - 	loaded 286/2764 of the data.
2026-06-26 21:45:29,682 - INFO - 	loaded 287/2764 of the data.
2026-06-26 21:45:29,723 - INFO - 	loaded 288/2764 of the data.
2026-06-26 21:45:29,773 - INFO - 	loaded 289/2764 of the data.
2026-06-26 21:45:29,817 - INFO - 	loaded 290/2764 of the data.
2026-06-26 21:45:29,993 - INFO - 	loaded 291/2764 of the data.
2026-06-26 21:45:30,151 - INFO - 	loaded 292/2764 of the data.
2026-06-26 21:45:30,191 - INFO - 	loaded 293/2764 of the data.
2026-06-26 21:45:30,357 - INFO - 	loaded 294/2764 of the data.
2026-06-26 21:45:30,411 - INFO - 	loaded 295/2764 of the data.
2026-06-26 21:45:30,454 - INFO - 	loaded 296/2764 of the data.
2026-06-26 21:45:30,503 - INFO - 	loaded 297/2764 of the data.
2026-06-26 21:45:30,565 - INFO - 	loaded 298/2764 of the data.
2026-06-26 21:45:30,607 - INFO - 	loaded 299/2764 of the data.
2026-06-26 21:45:30,643 - INFO - 	loaded 300/2764 of the data.
2026-06-26 21:45:30,679 - INFO - 	loaded 301/2764 of the data.
2026-06-26 21:45:30,719 - INFO - 	loaded 302/2764 of the data.
2026-06-26 21:45:30,756 - INFO - 	loaded 303/2764 of the data.
2026-06-26 21:45:30,795 - INFO - 	loaded 304/2764 of the data.
2026-06-26 21:45:30,942 - INFO - 	loaded 305/2764 of the data.
2026-06-26 21:45:30,976 - INFO - 	loaded 306/2764 of the data.
2026-06-26 21:45:31,017 - INFO - 	loaded 307/2764 of the data.
2026-06-26 21:45:31,060 - INFO - 	loaded 308/2764 of the data.
2026-06-26 21:45:31,112 - INFO - 	loaded 309/2764 of the data.
2026-06-26 21:45:31,189 - INFO - 	loaded 310/2764 of the data.
2026-06-26 21:45:31,242 - INFO - 	loaded 311/2764 of the data.
2026-06-26 21:45:31,278 - INFO - 	loaded 312/2764 of the data.
2026-06-26 21:45:31,317 - INFO - 	loaded 313/2764 of the data.
2026-06-26 21:45:31,354 - INFO - 	loaded 314/2764 of the data.
2026-06-26 21:45:31,399 - INFO - 	loaded 315/2764 of the data.
2026-06-26 21:45:31,442 - INFO - 	loaded 316/2764 of the data.
2026-06-26 21:45:31,479 - INFO - 	loaded 317/2764 of the data.
2026-06-26 21:45:31,666 - INFO - 	loaded 318/2764 of the data.
2026-06-26 21:45:31,715 - INFO - 	loaded 319/2764 of the data.
2026-06-26 21:45:31,752 - INFO - 	loaded 320/2764 of the data.
2026-06-26 21:45:31,813 - INFO - 	loaded 321/2764 of the data.
2026-06-26 21:45:31,870 - INFO - 	loaded 322/2764 of the data.
2026-06-26 21:45:32,030 - INFO - 	loaded 323/2764 of the data.
2026-06-26 21:45:32,215 - INFO - 	loaded 324/2764 of the data.
2026-06-26 21:45:32,268 - INFO - 	loaded 325/2764 of the data.
2026-06-26 21:45:32,436 - INFO - 	loaded 326/2764 of the data.
2026-06-26 21:45:32,487 - INFO - 	loaded 327/2764 of the data.
2026-06-26 21:45:32,536 - INFO - 	loaded 328/2764 of the data.
2026-06-26 21:45:32,581 - INFO - 	loaded 329/2764 of the data.
2026-06-26 21:45:32,629 - INFO - 	loaded 330/2764 of the data.
2026-06-26 21:45:32,693 - INFO - 	loaded 331/2764 of the data.
2026-06-26 21:45:32,748 - INFO - 	loaded 332/2764 of the data.
2026-06-26 21:45:32,788 - INFO - 	loaded 333/2764 of the data.
2026-06-26 21:45:32,833 - INFO - 	loaded 334/2764 of the data.
2026-06-26 21:45:32,871 - INFO - 	loaded 335/2764 of the data.
2026-06-26 21:45:32,905 - INFO - 	loaded 336/2764 of the data.
2026-06-26 21:45:32,942 - INFO - 	loaded 337/2764 of the data.
2026-06-26 21:45:32,979 - INFO - 	loaded 338/2764 of the data.
2026-06-26 21:45:33,019 - INFO - 	loaded 339/2764 of the data.
2026-06-26 21:45:33,062 - INFO - 	loaded 340/2764 of the data.
2026-06-26 21:45:33,098 - INFO - 	loaded 341/2764 of the data.
2026-06-26 21:45:33,137 - INFO - 	loaded 342/2764 of the data.
2026-06-26 21:45:33,360 - INFO - 	loaded 343/2764 of the data.
2026-06-26 21:45:33,418 - INFO - 	loaded 344/2764 of the data.
2026-06-26 21:45:33,470 - INFO - 	loaded 345/2764 of the data.
2026-06-26 21:45:33,515 - INFO - 	loaded 346/2764 of the data.
2026-06-26 21:45:33,587 - INFO - 	loaded 347/2764 of the data.
2026-06-26 21:45:33,651 - INFO - 	loaded 348/2764 of the data.
2026-06-26 21:45:33,705 - INFO - 	loaded 349/2764 of the data.
2026-06-26 21:45:33,744 - INFO - 	loaded 350/2764 of the data.
2026-06-26 21:45:33,902 - INFO - 	loaded 351/2764 of the data.
2026-06-26 21:45:34,073 - INFO - 	loaded 352/2764 of the data.
2026-06-26 21:45:34,123 - INFO - 	loaded 353/2764 of the data.
2026-06-26 21:45:34,170 - INFO - 	loaded 354/2764 of the data.
2026-06-26 21:45:34,212 - INFO - 	loaded 355/2764 of the data.
2026-06-26 21:45:34,255 - INFO - 	loaded 356/2764 of the data.
2026-06-26 21:45:34,293 - INFO - 	loaded 357/2764 of the data.
2026-06-26 21:45:34,338 - INFO - 	loaded 358/2764 of the data.
2026-06-26 21:45:34,382 - INFO - 	loaded 359/2764 of the data.
2026-06-26 21:45:34,425 - INFO - 	loaded 360/2764 of the data.
2026-06-26 21:45:34,463 - INFO - 	loaded 361/2764 of the data.
2026-06-26 21:45:34,615 - INFO - 	loaded 362/2764 of the data.
2026-06-26 21:45:34,654 - INFO - 	loaded 363/2764 of the data.
2026-06-26 21:45:34,701 - INFO - 	loaded 364/2764 of the data.
2026-06-26 21:45:34,741 - INFO - 	loaded 365/2764 of the data.
2026-06-26 21:45:34,780 - INFO - 	loaded 366/2764 of the data.
2026-06-26 21:45:34,821 - INFO - 	loaded 367/2764 of the data.
2026-06-26 21:45:34,869 - INFO - 	loaded 368/2764 of the data.
2026-06-26 21:45:34,919 - INFO - 	loaded 369/2764 of the data.
2026-06-26 21:45:34,967 - INFO - 	loaded 370/2764 of the data.
2026-06-26 21:45:35,009 - INFO - 	loaded 371/2764 of the data.
2026-06-26 21:45:35,048 - INFO - 	loaded 372/2764 of the data.
2026-06-26 21:45:35,089 - INFO - 	loaded 373/2764 of the data.
2026-06-26 21:45:35,126 - INFO - 	loaded 374/2764 of the data.
2026-06-26 21:45:35,314 - INFO - 	loaded 375/2764 of the data.
2026-06-26 21:45:35,362 - INFO - 	loaded 376/2764 of the data.
2026-06-26 21:45:35,404 - INFO - 	loaded 377/2764 of the data.
2026-06-26 21:45:35,444 - INFO - 	loaded 378/2764 of the data.
2026-06-26 21:45:35,486 - INFO - 	loaded 379/2764 of the data.
2026-06-26 21:45:35,524 - INFO - 	loaded 380/2764 of the data.
2026-06-26 21:45:35,570 - INFO - 	loaded 381/2764 of the data.
2026-06-26 21:45:35,722 - INFO - 	loaded 382/2764 of the data.
2026-06-26 21:45:35,761 - INFO - 	loaded 383/2764 of the data.
2026-06-26 21:45:35,813 - INFO - 	loaded 384/2764 of the data.
2026-06-26 21:45:35,850 - INFO - 	loaded 385/2764 of the data.
2026-06-26 21:45:35,918 - INFO - 	loaded 386/2764 of the data.
2026-06-26 21:45:35,962 - INFO - 	loaded 387/2764 of the data.
2026-06-26 21:45:36,004 - INFO - 	loaded 388/2764 of the data.
2026-06-26 21:45:36,043 - INFO - 	loaded 389/2764 of the data.
2026-06-26 21:45:36,079 - INFO - 	loaded 390/2764 of the data.
2026-06-26 21:45:36,125 - INFO - 	loaded 391/2764 of the data.
2026-06-26 21:45:36,174 - INFO - 	loaded 392/2764 of the data.
2026-06-26 21:45:36,249 - INFO - 	loaded 393/2764 of the data.
2026-06-26 21:45:36,289 - INFO - 	loaded 394/2764 of the data.
2026-06-26 21:45:36,446 - INFO - 	loaded 395/2764 of the data.
2026-06-26 21:45:36,489 - INFO - 	loaded 396/2764 of the data.
2026-06-26 21:45:36,535 - INFO - 	loaded 397/2764 of the data.
2026-06-26 21:45:36,695 - INFO - 	loaded 398/2764 of the data.
2026-06-26 21:45:36,735 - INFO - 	loaded 399/2764 of the data.
2026-06-26 21:45:36,786 - INFO - 	loaded 400/2764 of the data.
2026-06-26 21:45:36,828 - INFO - 	loaded 401/2764 of the data.
2026-06-26 21:45:36,866 - INFO - 	loaded 402/2764 of the data.
2026-06-26 21:45:36,920 - INFO - 	loaded 403/2764 of the data.
2026-06-26 21:45:36,972 - INFO - 	loaded 404/2764 of the data.
2026-06-26 21:45:37,023 - INFO - 	loaded 405/2764 of the data.
2026-06-26 21:45:37,072 - INFO - 	loaded 406/2764 of the data.
2026-06-26 21:45:37,240 - INFO - 	loaded 407/2764 of the data.
2026-06-26 21:45:37,298 - INFO - 	loaded 408/2764 of the data.
2026-06-26 21:45:37,354 - INFO - 	loaded 409/2764 of the data.
2026-06-26 21:45:37,511 - INFO - 	loaded 410/2764 of the data.
2026-06-26 21:45:37,675 - INFO - 	loaded 411/2764 of the data.
2026-06-26 21:45:37,750 - INFO - 	loaded 412/2764 of the data.
2026-06-26 21:45:37,817 - INFO - 	loaded 413/2764 of the data.
2026-06-26 21:45:37,857 - INFO - 	loaded 414/2764 of the data.
2026-06-26 21:45:37,895 - INFO - 	loaded 415/2764 of the data.
2026-06-26 21:45:37,928 - INFO - 	loaded 416/2764 of the data.
2026-06-26 21:45:37,965 - INFO - 	loaded 417/2764 of the data.
2026-06-26 21:45:38,007 - INFO - 	loaded 418/2764 of the data.
2026-06-26 21:45:38,058 - INFO - 	loaded 419/2764 of the data.
2026-06-26 21:45:38,233 - INFO - 	loaded 420/2764 of the data.
2026-06-26 21:45:38,285 - INFO - 	loaded 421/2764 of the data.
2026-06-26 21:45:38,341 - INFO - 	loaded 422/2764 of the data.
2026-06-26 21:45:38,383 - INFO - 	loaded 423/2764 of the data.
2026-06-26 21:45:38,431 - INFO - 	loaded 424/2764 of the data.
2026-06-26 21:45:38,480 - INFO - 	loaded 425/2764 of the data.
2026-06-26 21:45:38,526 - INFO - 	loaded 426/2764 of the data.
2026-06-26 21:45:38,578 - INFO - 	loaded 427/2764 of the data.
2026-06-26 21:45:38,627 - INFO - 	loaded 428/2764 of the data.
2026-06-26 21:45:38,663 - INFO - 	loaded 429/2764 of the data.
2026-06-26 21:45:38,706 - INFO - 	loaded 430/2764 of the data.
2026-06-26 21:45:38,751 - INFO - 	loaded 431/2764 of the data.
2026-06-26 21:45:38,802 - INFO - 	loaded 432/2764 of the data.
2026-06-26 21:45:38,862 - INFO - 	loaded 433/2764 of the data.
2026-06-26 21:45:38,917 - INFO - 	loaded 434/2764 of the data.
2026-06-26 21:45:38,993 - INFO - 	loaded 435/2764 of the data.
2026-06-26 21:45:39,053 - INFO - 	loaded 436/2764 of the data.
2026-06-26 21:45:39,100 - INFO - 	loaded 437/2764 of the data.
2026-06-26 21:45:39,142 - INFO - 	loaded 438/2764 of the data.
2026-06-26 21:45:39,183 - INFO - 	loaded 439/2764 of the data.
2026-06-26 21:45:39,227 - INFO - 	loaded 440/2764 of the data.
2026-06-26 21:45:39,272 - INFO - 	loaded 441/2764 of the data.
2026-06-26 21:45:39,315 - INFO - 	loaded 442/2764 of the data.
2026-06-26 21:45:39,363 - INFO - 	loaded 443/2764 of the data.
2026-06-26 21:45:39,521 - INFO - 	loaded 444/2764 of the data.
2026-06-26 21:45:39,566 - INFO - 	loaded 445/2764 of the data.
2026-06-26 21:45:39,632 - INFO - 	loaded 446/2764 of the data.
2026-06-26 21:45:39,680 - INFO - 	loaded 447/2764 of the data.
2026-06-26 21:45:39,832 - INFO - 	loaded 448/2764 of the data.
2026-06-26 21:45:39,881 - INFO - 	loaded 449/2764 of the data.
2026-06-26 21:45:39,925 - INFO - 	loaded 450/2764 of the data.
2026-06-26 21:45:40,085 - INFO - 	loaded 451/2764 of the data.
2026-06-26 21:45:40,435 - INFO - 	loaded 452/2764 of the data.
2026-06-26 21:45:40,475 - INFO - 	loaded 453/2764 of the data.
2026-06-26 21:45:40,534 - INFO - 	loaded 454/2764 of the data.
2026-06-26 21:45:40,718 - INFO - 	loaded 455/2764 of the data.
2026-06-26 21:45:40,761 - INFO - 	loaded 456/2764 of the data.
2026-06-26 21:45:40,928 - INFO - 	loaded 457/2764 of the data.
2026-06-26 21:45:40,975 - INFO - 	loaded 458/2764 of the data.
2026-06-26 21:45:41,019 - INFO - 	loaded 459/2764 of the data.
2026-06-26 21:45:41,060 - INFO - 	loaded 460/2764 of the data.
2026-06-26 21:45:41,249 - INFO - 	loaded 461/2764 of the data.
2026-06-26 21:45:41,300 - INFO - 	loaded 462/2764 of the data.
2026-06-26 21:45:41,351 - INFO - 	loaded 463/2764 of the data.
2026-06-26 21:45:41,403 - INFO - 	loaded 464/2764 of the data.
2026-06-26 21:45:41,450 - INFO - 	loaded 465/2764 of the data.
2026-06-26 21:45:41,490 - INFO - 	loaded 466/2764 of the data.
2026-06-26 21:45:41,530 - INFO - 	loaded 467/2764 of the data.
2026-06-26 21:45:41,566 - INFO - 	loaded 468/2764 of the data.
2026-06-26 21:45:41,616 - INFO - 	loaded 469/2764 of the data.
2026-06-26 21:45:41,662 - INFO - 	loaded 470/2764 of the data.
2026-06-26 21:45:41,826 - INFO - 	loaded 471/2764 of the data.
2026-06-26 21:45:41,872 - INFO - 	loaded 472/2764 of the data.
2026-06-26 21:45:41,924 - INFO - 	loaded 473/2764 of the data.
2026-06-26 21:45:42,074 - INFO - 	loaded 474/2764 of the data.
2026-06-26 21:45:42,118 - INFO - 	loaded 475/2764 of the data.
2026-06-26 21:45:42,174 - INFO - 	loaded 476/2764 of the data.
2026-06-26 21:45:42,216 - INFO - 	loaded 477/2764 of the data.
2026-06-26 21:45:42,368 - INFO - 	loaded 478/2764 of the data.
2026-06-26 21:45:42,414 - INFO - 	loaded 479/2764 of the data.
2026-06-26 21:45:42,464 - INFO - 	loaded 480/2764 of the data.
2026-06-26 21:45:42,507 - INFO - 	loaded 481/2764 of the data.
2026-06-26 21:45:42,555 - INFO - 	loaded 482/2764 of the data.
2026-06-26 21:45:42,595 - INFO - 	loaded 483/2764 of the data.
2026-06-26 21:45:42,648 - INFO - 	loaded 484/2764 of the data.
2026-06-26 21:45:42,691 - INFO - 	loaded 485/2764 of the data.
2026-06-26 21:45:42,739 - INFO - 	loaded 486/2764 of the data.
2026-06-26 21:45:42,788 - INFO - 	loaded 487/2764 of the data.
2026-06-26 21:45:42,950 - INFO - 	loaded 488/2764 of the data.
2026-06-26 21:45:42,996 - INFO - 	loaded 489/2764 of the data.
2026-06-26 21:45:43,187 - INFO - 	loaded 490/2764 of the data.
2026-06-26 21:45:43,253 - INFO - 	loaded 491/2764 of the data.
2026-06-26 21:45:43,304 - INFO - 	loaded 492/2764 of the data.
2026-06-26 21:45:43,343 - INFO - 	loaded 493/2764 of the data.
2026-06-26 21:45:43,392 - INFO - 	loaded 494/2764 of the data.
2026-06-26 21:45:43,451 - INFO - 	loaded 495/2764 of the data.
2026-06-26 21:45:43,489 - INFO - 	loaded 496/2764 of the data.
2026-06-26 21:45:43,683 - INFO - 	loaded 497/2764 of the data.
2026-06-26 21:45:43,724 - INFO - 	loaded 498/2764 of the data.
2026-06-26 21:45:43,759 - INFO - 	loaded 499/2764 of the data.
2026-06-26 21:45:43,795 - INFO - 	loaded 500/2764 of the data.
2026-06-26 21:45:43,951 - INFO - 	loaded 501/2764 of the data.
2026-06-26 21:45:44,120 - INFO - 	loaded 502/2764 of the data.
2026-06-26 21:45:44,177 - INFO - 	loaded 503/2764 of the data.
2026-06-26 21:45:44,226 - INFO - 	loaded 504/2764 of the data.
2026-06-26 21:45:44,276 - INFO - 	loaded 505/2764 of the data.
2026-06-26 21:45:44,330 - INFO - 	loaded 506/2764 of the data.
2026-06-26 21:45:44,366 - INFO - 	loaded 507/2764 of the data.
2026-06-26 21:45:44,420 - INFO - 	loaded 508/2764 of the data.
2026-06-26 21:45:44,619 - INFO - 	loaded 509/2764 of the data.
2026-06-26 21:45:44,684 - INFO - 	loaded 510/2764 of the data.
2026-06-26 21:45:44,719 - INFO - 	loaded 511/2764 of the data.
2026-06-26 21:45:44,763 - INFO - 	loaded 512/2764 of the data.
2026-06-26 21:45:44,801 - INFO - 	loaded 513/2764 of the data.
2026-06-26 21:45:44,837 - INFO - 	loaded 514/2764 of the data.
2026-06-26 21:45:44,878 - INFO - 	loaded 515/2764 of the data.
2026-06-26 21:45:44,917 - INFO - 	loaded 516/2764 of the data.
2026-06-26 21:45:44,957 - INFO - 	loaded 517/2764 of the data.
2026-06-26 21:45:44,998 - INFO - 	loaded 518/2764 of the data.
2026-06-26 21:45:45,197 - INFO - 	loaded 519/2764 of the data.
2026-06-26 21:45:45,257 - INFO - 	loaded 520/2764 of the data.
2026-06-26 21:45:45,293 - INFO - 	loaded 521/2764 of the data.
2026-06-26 21:45:45,332 - INFO - 	loaded 522/2764 of the data.
2026-06-26 21:45:45,377 - INFO - 	loaded 523/2764 of the data.
2026-06-26 21:45:45,424 - INFO - 	loaded 524/2764 of the data.
2026-06-26 21:45:45,472 - INFO - 	loaded 525/2764 of the data.
2026-06-26 21:45:45,518 - INFO - 	loaded 526/2764 of the data.
2026-06-26 21:45:45,565 - INFO - 	loaded 527/2764 of the data.
2026-06-26 21:45:45,610 - INFO - 	loaded 528/2764 of the data.
2026-06-26 21:45:45,649 - INFO - 	loaded 529/2764 of the data.
2026-06-26 21:45:45,711 - INFO - 	loaded 530/2764 of the data.
2026-06-26 21:45:45,870 - INFO - 	loaded 531/2764 of the data.
2026-06-26 21:45:45,915 - INFO - 	loaded 532/2764 of the data.
2026-06-26 21:45:45,959 - INFO - 	loaded 533/2764 of the data.
2026-06-26 21:45:46,002 - INFO - 	loaded 534/2764 of the data.
2026-06-26 21:45:46,052 - INFO - 	loaded 535/2764 of the data.
2026-06-26 21:45:46,097 - INFO - 	loaded 536/2764 of the data.
2026-06-26 21:45:46,164 - INFO - 	loaded 537/2764 of the data.
2026-06-26 21:45:46,317 - INFO - 	loaded 538/2764 of the data.
2026-06-26 21:45:46,377 - INFO - 	loaded 539/2764 of the data.
2026-06-26 21:45:46,425 - INFO - 	loaded 540/2764 of the data.
2026-06-26 21:45:46,471 - INFO - 	loaded 541/2764 of the data.
2026-06-26 21:45:46,519 - INFO - 	loaded 542/2764 of the data.
2026-06-26 21:45:46,569 - INFO - 	loaded 543/2764 of the data.
2026-06-26 21:45:46,619 - INFO - 	loaded 544/2764 of the data.
2026-06-26 21:45:46,677 - INFO - 	loaded 545/2764 of the data.
2026-06-26 21:45:46,729 - INFO - 	loaded 546/2764 of the data.
2026-06-26 21:45:46,782 - INFO - 	loaded 547/2764 of the data.
2026-06-26 21:45:46,830 - INFO - 	loaded 548/2764 of the data.
2026-06-26 21:45:46,980 - INFO - 	loaded 549/2764 of the data.
2026-06-26 21:45:47,030 - INFO - 	loaded 550/2764 of the data.
2026-06-26 21:45:47,185 - INFO - 	loaded 551/2764 of the data.
2026-06-26 21:45:47,234 - INFO - 	loaded 552/2764 of the data.
2026-06-26 21:45:47,280 - INFO - 	loaded 553/2764 of the data.
2026-06-26 21:45:47,335 - INFO - 	loaded 554/2764 of the data.
2026-06-26 21:45:47,392 - INFO - 	loaded 555/2764 of the data.
2026-06-26 21:45:47,448 - INFO - 	loaded 556/2764 of the data.
2026-06-26 21:45:47,497 - INFO - 	loaded 557/2764 of the data.
2026-06-26 21:45:47,537 - INFO - 	loaded 558/2764 of the data.
2026-06-26 21:45:47,591 - INFO - 	loaded 559/2764 of the data.
2026-06-26 21:45:47,638 - INFO - 	loaded 560/2764 of the data.
2026-06-26 21:45:47,675 - INFO - 	loaded 561/2764 of the data.
2026-06-26 21:45:47,712 - INFO - 	loaded 562/2764 of the data.
2026-06-26 21:45:47,750 - INFO - 	loaded 563/2764 of the data.
2026-06-26 21:45:47,927 - INFO - 	loaded 564/2764 of the data.
2026-06-26 21:45:47,971 - INFO - 	loaded 565/2764 of the data.
2026-06-26 21:45:48,029 - INFO - 	loaded 566/2764 of the data.
2026-06-26 21:45:48,075 - INFO - 	loaded 567/2764 of the data.
2026-06-26 21:45:48,118 - INFO - 	loaded 568/2764 of the data.
2026-06-26 21:45:48,295 - INFO - 	loaded 569/2764 of the data.
2026-06-26 21:45:48,343 - INFO - 	loaded 570/2764 of the data.
2026-06-26 21:45:48,393 - INFO - 	loaded 571/2764 of the data.
2026-06-26 21:45:48,441 - INFO - 	loaded 572/2764 of the data.
2026-06-26 21:45:48,482 - INFO - 	loaded 573/2764 of the data.
2026-06-26 21:45:48,524 - INFO - 	loaded 574/2764 of the data.
2026-06-26 21:45:48,571 - INFO - 	loaded 575/2764 of the data.
2026-06-26 21:45:48,612 - INFO - 	loaded 576/2764 of the data.
2026-06-26 21:45:48,655 - INFO - 	loaded 577/2764 of the data.
2026-06-26 21:45:48,699 - INFO - 	loaded 578/2764 of the data.
2026-06-26 21:45:48,737 - INFO - 	loaded 579/2764 of the data.
2026-06-26 21:45:48,898 - INFO - 	loaded 580/2764 of the data.
2026-06-26 21:45:48,961 - INFO - 	loaded 581/2764 of the data.
2026-06-26 21:45:49,021 - INFO - 	loaded 582/2764 of the data.
2026-06-26 21:45:49,063 - INFO - 	loaded 583/2764 of the data.
2026-06-26 21:45:49,106 - INFO - 	loaded 584/2764 of the data.
2026-06-26 21:45:49,145 - INFO - 	loaded 585/2764 of the data.
2026-06-26 21:45:49,191 - INFO - 	loaded 586/2764 of the data.
2026-06-26 21:45:49,236 - INFO - 	loaded 587/2764 of the data.
2026-06-26 21:45:49,278 - INFO - 	loaded 588/2764 of the data.
2026-06-26 21:45:49,315 - INFO - 	loaded 589/2764 of the data.
2026-06-26 21:45:49,375 - INFO - 	loaded 590/2764 of the data.
2026-06-26 21:45:49,414 - INFO - 	loaded 591/2764 of the data.
2026-06-26 21:45:49,452 - INFO - 	loaded 592/2764 of the data.
2026-06-26 21:45:49,494 - INFO - 	loaded 593/2764 of the data.
2026-06-26 21:45:49,535 - INFO - 	loaded 594/2764 of the data.
2026-06-26 21:45:49,695 - INFO - 	loaded 595/2764 of the data.
2026-06-26 21:45:49,740 - INFO - 	loaded 596/2764 of the data.
2026-06-26 21:45:49,784 - INFO - 	loaded 597/2764 of the data.
2026-06-26 21:45:49,828 - INFO - 	loaded 598/2764 of the data.
2026-06-26 21:45:49,869 - INFO - 	loaded 599/2764 of the data.
2026-06-26 21:45:49,910 - INFO - 	loaded 600/2764 of the data.
2026-06-26 21:45:49,965 - INFO - 	loaded 601/2764 of the data.
2026-06-26 21:45:50,009 - INFO - 	loaded 602/2764 of the data.
2026-06-26 21:45:50,057 - INFO - 	loaded 603/2764 of the data.
2026-06-26 21:45:50,106 - INFO - 	loaded 604/2764 of the data.
2026-06-26 21:45:50,154 - INFO - 	loaded 605/2764 of the data.
2026-06-26 21:45:50,204 - INFO - 	loaded 606/2764 of the data.
2026-06-26 21:45:50,255 - INFO - 	loaded 607/2764 of the data.
2026-06-26 21:45:50,461 - INFO - 	loaded 608/2764 of the data.
2026-06-26 21:45:50,507 - INFO - 	loaded 609/2764 of the data.
2026-06-26 21:45:50,548 - INFO - 	loaded 610/2764 of the data.
2026-06-26 21:45:50,587 - INFO - 	loaded 611/2764 of the data.
2026-06-26 21:45:50,624 - INFO - 	loaded 612/2764 of the data.
2026-06-26 21:45:50,662 - INFO - 	loaded 613/2764 of the data.
2026-06-26 21:45:50,705 - INFO - 	loaded 614/2764 of the data.
2026-06-26 21:45:50,754 - INFO - 	loaded 615/2764 of the data.
2026-06-26 21:45:50,795 - INFO - 	loaded 616/2764 of the data.
2026-06-26 21:45:50,833 - INFO - 	loaded 617/2764 of the data.
2026-06-26 21:45:50,870 - INFO - 	loaded 618/2764 of the data.
2026-06-26 21:45:50,911 - INFO - 	loaded 619/2764 of the data.
2026-06-26 21:45:51,081 - INFO - 	loaded 620/2764 of the data.
2026-06-26 21:45:51,126 - INFO - 	loaded 621/2764 of the data.
2026-06-26 21:45:51,167 - INFO - 	loaded 622/2764 of the data.
2026-06-26 21:45:51,214 - INFO - 	loaded 623/2764 of the data.
2026-06-26 21:45:51,255 - INFO - 	loaded 624/2764 of the data.
2026-06-26 21:45:51,292 - INFO - 	loaded 625/2764 of the data.
2026-06-26 21:45:51,462 - INFO - 	loaded 626/2764 of the data.
2026-06-26 21:45:51,518 - INFO - 	loaded 627/2764 of the data.
2026-06-26 21:45:51,572 - INFO - 	loaded 628/2764 of the data.
2026-06-26 21:45:51,623 - INFO - 	loaded 629/2764 of the data.
2026-06-26 21:45:51,666 - INFO - 	loaded 630/2764 of the data.
2026-06-26 21:45:51,710 - INFO - 	loaded 631/2764 of the data.
2026-06-26 21:45:51,782 - INFO - 	loaded 632/2764 of the data.
2026-06-26 21:45:51,839 - INFO - 	loaded 633/2764 of the data.
2026-06-26 21:45:51,875 - INFO - 	loaded 634/2764 of the data.
2026-06-26 21:45:51,916 - INFO - 	loaded 635/2764 of the data.
2026-06-26 21:45:52,070 - INFO - 	loaded 636/2764 of the data.
2026-06-26 21:45:52,106 - INFO - 	loaded 637/2764 of the data.
2026-06-26 21:45:52,154 - INFO - 	loaded 638/2764 of the data.
2026-06-26 21:45:52,199 - INFO - 	loaded 639/2764 of the data.
2026-06-26 21:45:52,243 - INFO - 	loaded 640/2764 of the data.
2026-06-26 21:45:52,281 - INFO - 	loaded 641/2764 of the data.
2026-06-26 21:45:52,321 - INFO - 	loaded 642/2764 of the data.
2026-06-26 21:45:52,360 - INFO - 	loaded 643/2764 of the data.
2026-06-26 21:45:52,397 - INFO - 	loaded 644/2764 of the data.
2026-06-26 21:45:52,448 - INFO - 	loaded 645/2764 of the data.
2026-06-26 21:45:52,493 - INFO - 	loaded 646/2764 of the data.
2026-06-26 21:45:52,651 - INFO - 	loaded 647/2764 of the data.
2026-06-26 21:45:52,694 - INFO - 	loaded 648/2764 of the data.
2026-06-26 21:45:52,758 - INFO - 	loaded 649/2764 of the data.
2026-06-26 21:45:52,801 - INFO - 	loaded 650/2764 of the data.
2026-06-26 21:45:52,848 - INFO - 	loaded 651/2764 of the data.
2026-06-26 21:45:52,897 - INFO - 	loaded 652/2764 of the data.
2026-06-26 21:45:52,944 - INFO - 	loaded 653/2764 of the data.
2026-06-26 21:45:52,984 - INFO - 	loaded 654/2764 of the data.
2026-06-26 21:45:53,024 - INFO - 	loaded 655/2764 of the data.
2026-06-26 21:45:53,195 - INFO - 	loaded 656/2764 of the data.
2026-06-26 21:45:53,233 - INFO - 	loaded 657/2764 of the data.
2026-06-26 21:45:53,279 - INFO - 	loaded 658/2764 of the data.
2026-06-26 21:45:53,337 - INFO - 	loaded 659/2764 of the data.
2026-06-26 21:45:53,398 - INFO - 	loaded 660/2764 of the data.
2026-06-26 21:45:53,467 - INFO - 	loaded 661/2764 of the data.
2026-06-26 21:45:53,515 - INFO - 	loaded 662/2764 of the data.
2026-06-26 21:45:53,559 - INFO - 	loaded 663/2764 of the data.
2026-06-26 21:45:53,598 - INFO - 	loaded 664/2764 of the data.
2026-06-26 21:45:53,788 - INFO - 	loaded 665/2764 of the data.
2026-06-26 21:45:53,828 - INFO - 	loaded 666/2764 of the data.
2026-06-26 21:45:53,897 - INFO - 	loaded 667/2764 of the data.
2026-06-26 21:45:53,934 - INFO - 	loaded 668/2764 of the data.
2026-06-26 21:45:53,969 - INFO - 	loaded 669/2764 of the data.
2026-06-26 21:45:54,009 - INFO - 	loaded 670/2764 of the data.
2026-06-26 21:45:54,057 - INFO - 	loaded 671/2764 of the data.
2026-06-26 21:45:54,103 - INFO - 	loaded 672/2764 of the data.
2026-06-26 21:45:54,155 - INFO - 	loaded 673/2764 of the data.
2026-06-26 21:45:54,201 - INFO - 	loaded 674/2764 of the data.
2026-06-26 21:45:54,256 - INFO - 	loaded 675/2764 of the data.
2026-06-26 21:45:54,301 - INFO - 	loaded 676/2764 of the data.
2026-06-26 21:45:54,349 - INFO - 	loaded 677/2764 of the data.
2026-06-26 21:45:54,398 - INFO - 	loaded 678/2764 of the data.
2026-06-26 21:45:54,436 - INFO - 	loaded 679/2764 of the data.
2026-06-26 21:45:54,481 - INFO - 	loaded 680/2764 of the data.
2026-06-26 21:45:54,530 - INFO - 	loaded 681/2764 of the data.
2026-06-26 21:45:54,580 - INFO - 	loaded 682/2764 of the data.
2026-06-26 21:45:54,621 - INFO - 	loaded 683/2764 of the data.
2026-06-26 21:45:54,847 - INFO - 	loaded 684/2764 of the data.
2026-06-26 21:45:54,893 - INFO - 	loaded 685/2764 of the data.
2026-06-26 21:45:54,941 - INFO - 	loaded 686/2764 of the data.
2026-06-26 21:45:54,980 - INFO - 	loaded 687/2764 of the data.
2026-06-26 21:45:55,024 - INFO - 	loaded 688/2764 of the data.
2026-06-26 21:45:55,184 - INFO - 	loaded 689/2764 of the data.
2026-06-26 21:45:55,571 - INFO - 	loaded 690/2764 of the data.
2026-06-26 21:45:55,682 - INFO - 	loaded 691/2764 of the data.
2026-06-26 21:45:55,839 - INFO - 	loaded 692/2764 of the data.
2026-06-26 21:45:55,948 - INFO - 	loaded 693/2764 of the data.
2026-06-26 21:45:56,119 - INFO - 	loaded 694/2764 of the data.
2026-06-26 21:45:56,186 - INFO - 	loaded 695/2764 of the data.
2026-06-26 21:45:56,258 - INFO - 	loaded 696/2764 of the data.
2026-06-26 21:45:56,422 - INFO - 	loaded 697/2764 of the data.
2026-06-26 21:45:56,589 - INFO - 	loaded 698/2764 of the data.
2026-06-26 21:45:56,637 - INFO - 	loaded 699/2764 of the data.
2026-06-26 21:45:56,683 - INFO - 	loaded 700/2764 of the data.
2026-06-26 21:45:56,836 - INFO - 	loaded 701/2764 of the data.
2026-06-26 21:45:56,882 - INFO - 	loaded 702/2764 of the data.
2026-06-26 21:45:56,940 - INFO - 	loaded 703/2764 of the data.
2026-06-26 21:45:56,984 - INFO - 	loaded 704/2764 of the data.
2026-06-26 21:45:57,038 - INFO - 	loaded 705/2764 of the data.
2026-06-26 21:45:57,096 - INFO - 	loaded 706/2764 of the data.
2026-06-26 21:45:57,143 - INFO - 	loaded 707/2764 of the data.
2026-06-26 21:45:57,185 - INFO - 	loaded 708/2764 of the data.
2026-06-26 21:45:57,237 - INFO - 	loaded 709/2764 of the data.
2026-06-26 21:45:57,296 - INFO - 	loaded 710/2764 of the data.
2026-06-26 21:45:57,353 - INFO - 	loaded 711/2764 of the data.
2026-06-26 21:45:57,501 - INFO - 	loaded 712/2764 of the data.
2026-06-26 21:45:57,544 - INFO - 	loaded 713/2764 of the data.
2026-06-26 21:45:57,589 - INFO - 	loaded 714/2764 of the data.
2026-06-26 21:45:57,646 - INFO - 	loaded 715/2764 of the data.
2026-06-26 21:45:57,698 - INFO - 	loaded 716/2764 of the data.
2026-06-26 21:45:57,778 - INFO - 	loaded 717/2764 of the data.
2026-06-26 21:45:57,820 - INFO - 	loaded 718/2764 of the data.
2026-06-26 21:45:58,008 - INFO - 	loaded 719/2764 of the data.
2026-06-26 21:45:58,053 - INFO - 	loaded 720/2764 of the data.
2026-06-26 21:45:58,094 - INFO - 	loaded 721/2764 of the data.
2026-06-26 21:45:58,139 - INFO - 	loaded 722/2764 of the data.
2026-06-26 21:45:58,181 - INFO - 	loaded 723/2764 of the data.
2026-06-26 21:45:58,232 - INFO - 	loaded 724/2764 of the data.
2026-06-26 21:45:58,280 - INFO - 	loaded 725/2764 of the data.
2026-06-26 21:45:58,319 - INFO - 	loaded 726/2764 of the data.
2026-06-26 21:45:58,367 - INFO - 	loaded 727/2764 of the data.
2026-06-26 21:45:58,421 - INFO - 	loaded 728/2764 of the data.
2026-06-26 21:45:58,598 - INFO - 	loaded 729/2764 of the data.
2026-06-26 21:45:58,664 - INFO - 	loaded 730/2764 of the data.
2026-06-26 21:45:58,711 - INFO - 	loaded 731/2764 of the data.
2026-06-26 21:45:58,758 - INFO - 	loaded 732/2764 of the data.
2026-06-26 21:45:58,802 - INFO - 	loaded 733/2764 of the data.
2026-06-26 21:45:58,841 - INFO - 	loaded 734/2764 of the data.
2026-06-26 21:45:59,002 - INFO - 	loaded 735/2764 of the data.
2026-06-26 21:45:59,046 - INFO - 	loaded 736/2764 of the data.
2026-06-26 21:45:59,090 - INFO - 	loaded 737/2764 of the data.
2026-06-26 21:45:59,136 - INFO - 	loaded 738/2764 of the data.
2026-06-26 21:45:59,194 - INFO - 	loaded 739/2764 of the data.
2026-06-26 21:45:59,336 - INFO - 	loaded 740/2764 of the data.
2026-06-26 21:45:59,377 - INFO - 	loaded 741/2764 of the data.
2026-06-26 21:45:59,422 - INFO - 	loaded 742/2764 of the data.
2026-06-26 21:45:59,467 - INFO - 	loaded 743/2764 of the data.
2026-06-26 21:45:59,518 - INFO - 	loaded 744/2764 of the data.
2026-06-26 21:45:59,581 - INFO - 	loaded 745/2764 of the data.
2026-06-26 21:45:59,628 - INFO - 	loaded 746/2764 of the data.
2026-06-26 21:45:59,668 - INFO - 	loaded 747/2764 of the data.
2026-06-26 21:45:59,710 - INFO - 	loaded 748/2764 of the data.
2026-06-26 21:45:59,755 - INFO - 	loaded 749/2764 of the data.
2026-06-26 21:45:59,900 - INFO - 	loaded 750/2764 of the data.
2026-06-26 21:45:59,940 - INFO - 	loaded 751/2764 of the data.
2026-06-26 21:45:59,980 - INFO - 	loaded 752/2764 of the data.
2026-06-26 21:46:00,037 - INFO - 	loaded 753/2764 of the data.
2026-06-26 21:46:00,190 - INFO - 	loaded 754/2764 of the data.
2026-06-26 21:46:00,246 - INFO - 	loaded 755/2764 of the data.
2026-06-26 21:46:00,288 - INFO - 	loaded 756/2764 of the data.
2026-06-26 21:46:00,330 - INFO - 	loaded 757/2764 of the data.
2026-06-26 21:46:00,382 - INFO - 	loaded 758/2764 of the data.
2026-06-26 21:46:00,552 - INFO - 	loaded 759/2764 of the data.
2026-06-26 21:46:00,600 - INFO - 	loaded 760/2764 of the data.
2026-06-26 21:46:00,642 - INFO - 	loaded 761/2764 of the data.
2026-06-26 21:46:00,686 - INFO - 	loaded 762/2764 of the data.
2026-06-26 21:46:00,726 - INFO - 	loaded 763/2764 of the data.
2026-06-26 21:46:00,882 - INFO - 	loaded 764/2764 of the data.
2026-06-26 21:46:00,926 - INFO - 	loaded 765/2764 of the data.
2026-06-26 21:46:00,968 - INFO - 	loaded 766/2764 of the data.
2026-06-26 21:46:01,022 - INFO - 	loaded 767/2764 of the data.
2026-06-26 21:46:01,064 - INFO - 	loaded 768/2764 of the data.
2026-06-26 21:46:01,105 - INFO - 	loaded 769/2764 of the data.
2026-06-26 21:46:01,147 - INFO - 	loaded 770/2764 of the data.
2026-06-26 21:46:01,193 - INFO - 	loaded 771/2764 of the data.
2026-06-26 21:46:01,243 - INFO - 	loaded 772/2764 of the data.
2026-06-26 21:46:01,288 - INFO - 	loaded 773/2764 of the data.
2026-06-26 21:46:01,335 - INFO - 	loaded 774/2764 of the data.
2026-06-26 21:46:01,392 - INFO - 	loaded 775/2764 of the data.
2026-06-26 21:46:01,436 - INFO - 	loaded 776/2764 of the data.
2026-06-26 21:46:01,476 - INFO - 	loaded 777/2764 of the data.
2026-06-26 21:46:01,514 - INFO - 	loaded 778/2764 of the data.
2026-06-26 21:46:01,562 - INFO - 	loaded 779/2764 of the data.
2026-06-26 21:46:01,632 - INFO - 	loaded 780/2764 of the data.
2026-06-26 21:46:01,671 - INFO - 	loaded 781/2764 of the data.
2026-06-26 21:46:01,709 - INFO - 	loaded 782/2764 of the data.
2026-06-26 21:46:01,749 - INFO - 	loaded 783/2764 of the data.
2026-06-26 21:46:01,795 - INFO - 	loaded 784/2764 of the data.
2026-06-26 21:46:01,842 - INFO - 	loaded 785/2764 of the data.
2026-06-26 21:46:02,012 - INFO - 	loaded 786/2764 of the data.
2026-06-26 21:46:02,067 - INFO - 	loaded 787/2764 of the data.
2026-06-26 21:46:02,234 - INFO - 	loaded 788/2764 of the data.
2026-06-26 21:46:02,404 - INFO - 	loaded 789/2764 of the data.
2026-06-26 21:46:02,451 - INFO - 	loaded 790/2764 of the data.
2026-06-26 21:46:02,498 - INFO - 	loaded 791/2764 of the data.
2026-06-26 21:46:02,542 - INFO - 	loaded 792/2764 of the data.
2026-06-26 21:46:02,583 - INFO - 	loaded 793/2764 of the data.
2026-06-26 21:46:02,622 - INFO - 	loaded 794/2764 of the data.
2026-06-26 21:46:02,662 - INFO - 	loaded 795/2764 of the data.
2026-06-26 21:46:02,703 - INFO - 	loaded 796/2764 of the data.
2026-06-26 21:46:02,882 - INFO - 	loaded 797/2764 of the data.
2026-06-26 21:46:02,922 - INFO - 	loaded 798/2764 of the data.
2026-06-26 21:46:02,955 - INFO - 	loaded 799/2764 of the data.
2026-06-26 21:46:02,995 - INFO - 	loaded 800/2764 of the data.
2026-06-26 21:46:03,038 - INFO - 	loaded 801/2764 of the data.
2026-06-26 21:46:03,073 - INFO - 	loaded 802/2764 of the data.
2026-06-26 21:46:03,112 - INFO - 	loaded 803/2764 of the data.
2026-06-26 21:46:03,153 - INFO - 	loaded 804/2764 of the data.
2026-06-26 21:46:03,190 - INFO - 	loaded 805/2764 of the data.
2026-06-26 21:46:03,228 - INFO - 	loaded 806/2764 of the data.
2026-06-26 21:46:03,265 - INFO - 	loaded 807/2764 of the data.
2026-06-26 21:46:03,411 - INFO - 	loaded 808/2764 of the data.
2026-06-26 21:46:03,458 - INFO - 	loaded 809/2764 of the data.
2026-06-26 21:46:03,500 - INFO - 	loaded 810/2764 of the data.
2026-06-26 21:46:03,540 - INFO - 	loaded 811/2764 of the data.
2026-06-26 21:46:03,586 - INFO - 	loaded 812/2764 of the data.
2026-06-26 21:46:03,668 - INFO - 	loaded 813/2764 of the data.
2026-06-26 21:46:03,707 - INFO - 	loaded 814/2764 of the data.
2026-06-26 21:46:03,756 - INFO - 	loaded 815/2764 of the data.
2026-06-26 21:46:03,815 - INFO - 	loaded 816/2764 of the data.
2026-06-26 21:46:03,860 - INFO - 	loaded 817/2764 of the data.
2026-06-26 21:46:03,904 - INFO - 	loaded 818/2764 of the data.
2026-06-26 21:46:03,943 - INFO - 	loaded 819/2764 of the data.
2026-06-26 21:46:03,979 - INFO - 	loaded 820/2764 of the data.
2026-06-26 21:46:04,014 - INFO - 	loaded 821/2764 of the data.
2026-06-26 21:46:04,050 - INFO - 	loaded 822/2764 of the data.
2026-06-26 21:46:04,087 - INFO - 	loaded 823/2764 of the data.
2026-06-26 21:46:04,126 - INFO - 	loaded 824/2764 of the data.
2026-06-26 21:46:04,176 - INFO - 	loaded 825/2764 of the data.
2026-06-26 21:46:04,365 - INFO - 	loaded 826/2764 of the data.
2026-06-26 21:46:04,425 - INFO - 	loaded 827/2764 of the data.
2026-06-26 21:46:04,463 - INFO - 	loaded 828/2764 of the data.
2026-06-26 21:46:04,500 - INFO - 	loaded 829/2764 of the data.
2026-06-26 21:46:04,543 - INFO - 	loaded 830/2764 of the data.
2026-06-26 21:46:04,606 - INFO - 	loaded 831/2764 of the data.
2026-06-26 21:46:04,657 - INFO - 	loaded 832/2764 of the data.
2026-06-26 21:46:04,874 - INFO - 	loaded 833/2764 of the data.
2026-06-26 21:46:04,922 - INFO - 	loaded 834/2764 of the data.
2026-06-26 21:46:04,975 - INFO - 	loaded 835/2764 of the data.
2026-06-26 21:46:05,032 - INFO - 	loaded 836/2764 of the data.
2026-06-26 21:46:05,092 - INFO - 	loaded 837/2764 of the data.
2026-06-26 21:46:05,138 - INFO - 	loaded 838/2764 of the data.
2026-06-26 21:46:05,362 - INFO - 	loaded 839/2764 of the data.
2026-06-26 21:46:05,522 - INFO - 	loaded 840/2764 of the data.
2026-06-26 21:46:05,564 - INFO - 	loaded 841/2764 of the data.
2026-06-26 21:46:05,608 - INFO - 	loaded 842/2764 of the data.
2026-06-26 21:46:05,658 - INFO - 	loaded 843/2764 of the data.
2026-06-26 21:46:05,702 - INFO - 	loaded 844/2764 of the data.
2026-06-26 21:46:05,747 - INFO - 	loaded 845/2764 of the data.
2026-06-26 21:46:05,807 - INFO - 	loaded 846/2764 of the data.
2026-06-26 21:46:05,854 - INFO - 	loaded 847/2764 of the data.
2026-06-26 21:46:05,890 - INFO - 	loaded 848/2764 of the data.
2026-06-26 21:46:06,090 - INFO - 	loaded 849/2764 of the data.
2026-06-26 21:46:06,128 - INFO - 	loaded 850/2764 of the data.
2026-06-26 21:46:06,164 - INFO - 	loaded 851/2764 of the data.
2026-06-26 21:46:06,201 - INFO - 	loaded 852/2764 of the data.
2026-06-26 21:46:06,239 - INFO - 	loaded 853/2764 of the data.
2026-06-26 21:46:06,277 - INFO - 	loaded 854/2764 of the data.
2026-06-26 21:46:06,313 - INFO - 	loaded 855/2764 of the data.
2026-06-26 21:46:06,352 - INFO - 	loaded 856/2764 of the data.
2026-06-26 21:46:06,505 - INFO - 	loaded 857/2764 of the data.
2026-06-26 21:46:06,570 - INFO - 	loaded 858/2764 of the data.
2026-06-26 21:46:06,609 - INFO - 	loaded 859/2764 of the data.
2026-06-26 21:46:06,643 - INFO - 	loaded 860/2764 of the data.
2026-06-26 21:46:06,684 - INFO - 	loaded 861/2764 of the data.
2026-06-26 21:46:06,725 - INFO - 	loaded 862/2764 of the data.
2026-06-26 21:46:06,763 - INFO - 	loaded 863/2764 of the data.
2026-06-26 21:46:06,805 - INFO - 	loaded 864/2764 of the data.
2026-06-26 21:46:06,848 - INFO - 	loaded 865/2764 of the data.
2026-06-26 21:46:06,884 - INFO - 	loaded 866/2764 of the data.
2026-06-26 21:46:06,920 - INFO - 	loaded 867/2764 of the data.
2026-06-26 21:46:06,954 - INFO - 	loaded 868/2764 of the data.
2026-06-26 21:46:06,991 - INFO - 	loaded 869/2764 of the data.
2026-06-26 21:46:07,034 - INFO - 	loaded 870/2764 of the data.
2026-06-26 21:46:07,069 - INFO - 	loaded 871/2764 of the data.
2026-06-26 21:46:07,105 - INFO - 	loaded 872/2764 of the data.
2026-06-26 21:46:07,140 - INFO - 	loaded 873/2764 of the data.
2026-06-26 21:46:07,176 - INFO - 	loaded 874/2764 of the data.
2026-06-26 21:46:07,225 - INFO - 	loaded 875/2764 of the data.
2026-06-26 21:46:07,290 - INFO - 	loaded 876/2764 of the data.
2026-06-26 21:46:07,338 - INFO - 	loaded 877/2764 of the data.
2026-06-26 21:46:07,384 - INFO - 	loaded 878/2764 of the data.
2026-06-26 21:46:07,423 - INFO - 	loaded 879/2764 of the data.
2026-06-26 21:46:07,601 - INFO - 	loaded 880/2764 of the data.
2026-06-26 21:46:07,656 - INFO - 	loaded 881/2764 of the data.
2026-06-26 21:46:07,718 - INFO - 	loaded 882/2764 of the data.
2026-06-26 21:46:07,774 - INFO - 	loaded 883/2764 of the data.
2026-06-26 21:46:07,875 - INFO - 	loaded 884/2764 of the data.
2026-06-26 21:46:07,917 - INFO - 	loaded 885/2764 of the data.
2026-06-26 21:46:08,082 - INFO - 	loaded 886/2764 of the data.
2026-06-26 21:46:08,165 - INFO - 	loaded 887/2764 of the data.
2026-06-26 21:46:08,213 - INFO - 	loaded 888/2764 of the data.
2026-06-26 21:46:08,259 - INFO - 	loaded 889/2764 of the data.
2026-06-26 21:46:08,308 - INFO - 	loaded 890/2764 of the data.
2026-06-26 21:46:08,354 - INFO - 	loaded 891/2764 of the data.
2026-06-26 21:46:08,401 - INFO - 	loaded 892/2764 of the data.
2026-06-26 21:46:08,565 - INFO - 	loaded 893/2764 of the data.
2026-06-26 21:46:08,642 - INFO - 	loaded 894/2764 of the data.
2026-06-26 21:46:08,696 - INFO - 	loaded 895/2764 of the data.
2026-06-26 21:46:08,745 - INFO - 	loaded 896/2764 of the data.
2026-06-26 21:46:08,800 - INFO - 	loaded 897/2764 of the data.
2026-06-26 21:46:08,860 - INFO - 	loaded 898/2764 of the data.
2026-06-26 21:46:09,030 - INFO - 	loaded 899/2764 of the data.
2026-06-26 21:46:09,074 - INFO - 	loaded 900/2764 of the data.
2026-06-26 21:46:09,125 - INFO - 	loaded 901/2764 of the data.
2026-06-26 21:46:09,197 - INFO - 	loaded 902/2764 of the data.
2026-06-26 21:46:09,255 - INFO - 	loaded 903/2764 of the data.
2026-06-26 21:46:09,298 - INFO - 	loaded 904/2764 of the data.
2026-06-26 21:46:09,348 - INFO - 	loaded 905/2764 of the data.
2026-06-26 21:46:09,393 - INFO - 	loaded 906/2764 of the data.
2026-06-26 21:46:09,602 - INFO - 	loaded 907/2764 of the data.
2026-06-26 21:46:09,678 - INFO - 	loaded 908/2764 of the data.
2026-06-26 21:46:09,741 - INFO - 	loaded 909/2764 of the data.
2026-06-26 21:46:09,782 - INFO - 	loaded 910/2764 of the data.
2026-06-26 21:46:09,825 - INFO - 	loaded 911/2764 of the data.
2026-06-26 21:46:09,871 - INFO - 	loaded 912/2764 of the data.
2026-06-26 21:46:09,907 - INFO - 	loaded 913/2764 of the data.
2026-06-26 21:46:09,959 - INFO - 	loaded 914/2764 of the data.
2026-06-26 21:46:10,121 - INFO - 	loaded 915/2764 of the data.
2026-06-26 21:46:10,159 - INFO - 	loaded 916/2764 of the data.
2026-06-26 21:46:10,194 - INFO - 	loaded 917/2764 of the data.
2026-06-26 21:46:10,229 - INFO - 	loaded 918/2764 of the data.
2026-06-26 21:46:10,267 - INFO - 	loaded 919/2764 of the data.
2026-06-26 21:46:10,322 - INFO - 	loaded 920/2764 of the data.
2026-06-26 21:46:10,655 - INFO - 	loaded 921/2764 of the data.
2026-06-26 21:46:10,801 - INFO - 	loaded 922/2764 of the data.
2026-06-26 21:46:10,856 - INFO - 	loaded 923/2764 of the data.
2026-06-26 21:46:10,908 - INFO - 	loaded 924/2764 of the data.
2026-06-26 21:46:10,952 - INFO - 	loaded 925/2764 of the data.
2026-06-26 21:46:10,993 - INFO - 	loaded 926/2764 of the data.
2026-06-26 21:46:11,185 - INFO - 	loaded 927/2764 of the data.
2026-06-26 21:46:11,252 - INFO - 	loaded 928/2764 of the data.
2026-06-26 21:46:11,311 - INFO - 	loaded 929/2764 of the data.
2026-06-26 21:46:11,476 - INFO - 	loaded 930/2764 of the data.
2026-06-26 21:46:11,531 - INFO - 	loaded 931/2764 of the data.
2026-06-26 21:46:11,585 - INFO - 	loaded 932/2764 of the data.
2026-06-26 21:46:11,645 - INFO - 	loaded 933/2764 of the data.
2026-06-26 21:46:11,681 - INFO - 	loaded 934/2764 of the data.
2026-06-26 21:46:11,725 - INFO - 	loaded 935/2764 of the data.
2026-06-26 21:46:11,776 - INFO - 	loaded 936/2764 of the data.
2026-06-26 21:46:11,812 - INFO - 	loaded 937/2764 of the data.
2026-06-26 21:46:11,970 - INFO - 	loaded 938/2764 of the data.
2026-06-26 21:46:12,006 - INFO - 	loaded 939/2764 of the data.
2026-06-26 21:46:12,042 - INFO - 	loaded 940/2764 of the data.
2026-06-26 21:46:12,083 - INFO - 	loaded 941/2764 of the data.
2026-06-26 21:46:12,127 - INFO - 	loaded 942/2764 of the data.
2026-06-26 21:46:12,173 - INFO - 	loaded 943/2764 of the data.
2026-06-26 21:46:12,237 - INFO - 	loaded 944/2764 of the data.
2026-06-26 21:46:12,278 - INFO - 	loaded 945/2764 of the data.
2026-06-26 21:46:12,323 - INFO - 	loaded 946/2764 of the data.
2026-06-26 21:46:12,368 - INFO - 	loaded 947/2764 of the data.
2026-06-26 21:46:12,409 - INFO - 	loaded 948/2764 of the data.
2026-06-26 21:46:12,461 - INFO - 	loaded 949/2764 of the data.
2026-06-26 21:46:12,501 - INFO - 	loaded 950/2764 of the data.
2026-06-26 21:46:12,545 - INFO - 	loaded 951/2764 of the data.
2026-06-26 21:46:12,596 - INFO - 	loaded 952/2764 of the data.
2026-06-26 21:46:12,645 - INFO - 	loaded 953/2764 of the data.
2026-06-26 21:46:12,691 - INFO - 	loaded 954/2764 of the data.
2026-06-26 21:46:12,738 - INFO - 	loaded 955/2764 of the data.
2026-06-26 21:46:12,789 - INFO - 	loaded 956/2764 of the data.
2026-06-26 21:46:12,837 - INFO - 	loaded 957/2764 of the data.
2026-06-26 21:46:12,893 - INFO - 	loaded 958/2764 of the data.
2026-06-26 21:46:12,948 - INFO - 	loaded 959/2764 of the data.
2026-06-26 21:46:12,988 - INFO - 	loaded 960/2764 of the data.
2026-06-26 21:46:13,030 - INFO - 	loaded 961/2764 of the data.
2026-06-26 21:46:13,088 - INFO - 	loaded 962/2764 of the data.
2026-06-26 21:46:13,140 - INFO - 	loaded 963/2764 of the data.
2026-06-26 21:46:13,192 - INFO - 	loaded 964/2764 of the data.
2026-06-26 21:46:13,360 - INFO - 	loaded 965/2764 of the data.
2026-06-26 21:46:13,523 - INFO - 	loaded 966/2764 of the data.
2026-06-26 21:46:13,575 - INFO - 	loaded 967/2764 of the data.
2026-06-26 21:46:13,726 - INFO - 	loaded 968/2764 of the data.
2026-06-26 21:46:13,767 - INFO - 	loaded 969/2764 of the data.
2026-06-26 21:46:13,807 - INFO - 	loaded 970/2764 of the data.
2026-06-26 21:46:13,856 - INFO - 	loaded 971/2764 of the data.
2026-06-26 21:46:13,911 - INFO - 	loaded 972/2764 of the data.
2026-06-26 21:46:13,952 - INFO - 	loaded 973/2764 of the data.
2026-06-26 21:46:13,999 - INFO - 	loaded 974/2764 of the data.
2026-06-26 21:46:14,039 - INFO - 	loaded 975/2764 of the data.
2026-06-26 21:46:14,078 - INFO - 	loaded 976/2764 of the data.
2026-06-26 21:46:14,135 - INFO - 	loaded 977/2764 of the data.
2026-06-26 21:46:14,212 - INFO - 	loaded 978/2764 of the data.
2026-06-26 21:46:14,255 - INFO - 	loaded 979/2764 of the data.
2026-06-26 21:46:14,296 - INFO - 	loaded 980/2764 of the data.
2026-06-26 21:46:14,337 - INFO - 	loaded 981/2764 of the data.
2026-06-26 21:46:14,387 - INFO - 	loaded 982/2764 of the data.
2026-06-26 21:46:14,431 - INFO - 	loaded 983/2764 of the data.
2026-06-26 21:46:14,633 - INFO - 	loaded 984/2764 of the data.
2026-06-26 21:46:14,716 - INFO - 	loaded 985/2764 of the data.
2026-06-26 21:46:14,758 - INFO - 	loaded 986/2764 of the data.
2026-06-26 21:46:14,799 - INFO - 	loaded 987/2764 of the data.
2026-06-26 21:46:14,853 - INFO - 	loaded 988/2764 of the data.
2026-06-26 21:46:14,895 - INFO - 	loaded 989/2764 of the data.
2026-06-26 21:46:14,949 - INFO - 	loaded 990/2764 of the data.
2026-06-26 21:46:14,993 - INFO - 	loaded 991/2764 of the data.
2026-06-26 21:46:15,036 - INFO - 	loaded 992/2764 of the data.
2026-06-26 21:46:15,079 - INFO - 	loaded 993/2764 of the data.
2026-06-26 21:46:15,140 - INFO - 	loaded 994/2764 of the data.
2026-06-26 21:46:15,232 - INFO - 	loaded 995/2764 of the data.
2026-06-26 21:46:15,281 - INFO - 	loaded 996/2764 of the data.
2026-06-26 21:46:15,334 - INFO - 	loaded 997/2764 of the data.
2026-06-26 21:46:15,377 - INFO - 	loaded 998/2764 of the data.
2026-06-26 21:46:15,416 - INFO - 	loaded 999/2764 of the data.
2026-06-26 21:46:15,455 - INFO - 	loaded 1000/2764 of the data.
2026-06-26 21:46:15,500 - INFO - 	loaded 1001/2764 of the data.
2026-06-26 21:46:15,679 - INFO - 	loaded 1002/2764 of the data.
2026-06-26 21:46:15,725 - INFO - 	loaded 1003/2764 of the data.
2026-06-26 21:46:15,765 - INFO - 	loaded 1004/2764 of the data.
2026-06-26 21:46:15,802 - INFO - 	loaded 1005/2764 of the data.
2026-06-26 21:46:15,848 - INFO - 	loaded 1006/2764 of the data.
2026-06-26 21:46:15,910 - INFO - 	loaded 1007/2764 of the data.
2026-06-26 21:46:15,958 - INFO - 	loaded 1008/2764 of the data.
2026-06-26 21:46:16,160 - INFO - 	loaded 1009/2764 of the data.
2026-06-26 21:46:16,226 - INFO - 	loaded 1010/2764 of the data.
2026-06-26 21:46:16,280 - INFO - 	loaded 1011/2764 of the data.
2026-06-26 21:46:16,327 - INFO - 	loaded 1012/2764 of the data.
2026-06-26 21:46:16,470 - INFO - 	loaded 1013/2764 of the data.
2026-06-26 21:46:16,675 - INFO - 	loaded 1014/2764 of the data.
2026-06-26 21:46:16,751 - INFO - 	loaded 1015/2764 of the data.
2026-06-26 21:46:16,793 - INFO - 	loaded 1016/2764 of the data.
2026-06-26 21:46:16,835 - INFO - 	loaded 1017/2764 of the data.
2026-06-26 21:46:16,901 - INFO - 	loaded 1018/2764 of the data.
2026-06-26 21:46:16,983 - INFO - 	loaded 1019/2764 of the data.
2026-06-26 21:46:17,022 - INFO - 	loaded 1020/2764 of the data.
2026-06-26 21:46:17,066 - INFO - 	loaded 1021/2764 of the data.
2026-06-26 21:46:17,133 - INFO - 	loaded 1022/2764 of the data.
2026-06-26 21:46:17,205 - INFO - 	loaded 1023/2764 of the data.
2026-06-26 21:46:17,242 - INFO - 	loaded 1024/2764 of the data.
2026-06-26 21:46:17,287 - INFO - 	loaded 1025/2764 of the data.
2026-06-26 21:46:17,360 - INFO - 	loaded 1026/2764 of the data.
2026-06-26 21:46:17,401 - INFO - 	loaded 1027/2764 of the data.
2026-06-26 21:46:17,442 - INFO - 	loaded 1028/2764 of the data.
2026-06-26 21:46:17,493 - INFO - 	loaded 1029/2764 of the data.
2026-06-26 21:46:17,530 - INFO - 	loaded 1030/2764 of the data.
2026-06-26 21:46:17,579 - INFO - 	loaded 1031/2764 of the data.
2026-06-26 21:46:17,725 - INFO - 	loaded 1032/2764 of the data.
2026-06-26 21:46:17,766 - INFO - 	loaded 1033/2764 of the data.
2026-06-26 21:46:17,820 - INFO - 	loaded 1034/2764 of the data.
2026-06-26 21:46:17,864 - INFO - 	loaded 1035/2764 of the data.
2026-06-26 21:46:18,026 - INFO - 	loaded 1036/2764 of the data.
2026-06-26 21:46:18,071 - INFO - 	loaded 1037/2764 of the data.
2026-06-26 21:46:18,276 - INFO - 	loaded 1038/2764 of the data.
2026-06-26 21:46:18,322 - INFO - 	loaded 1039/2764 of the data.
2026-06-26 21:46:18,523 - INFO - 	loaded 1040/2764 of the data.
2026-06-26 21:46:18,714 - INFO - 	loaded 1041/2764 of the data.
2026-06-26 21:46:18,766 - INFO - 	loaded 1042/2764 of the data.
2026-06-26 21:46:18,814 - INFO - 	loaded 1043/2764 of the data.
2026-06-26 21:46:18,852 - INFO - 	loaded 1044/2764 of the data.
2026-06-26 21:46:18,895 - INFO - 	loaded 1045/2764 of the data.
2026-06-26 21:46:19,052 - INFO - 	loaded 1046/2764 of the data.
2026-06-26 21:46:19,086 - INFO - 	loaded 1047/2764 of the data.
2026-06-26 21:46:19,133 - INFO - 	loaded 1048/2764 of the data.
2026-06-26 21:46:19,288 - INFO - 	loaded 1049/2764 of the data.
2026-06-26 21:46:19,330 - INFO - 	loaded 1050/2764 of the data.
2026-06-26 21:46:19,372 - INFO - 	loaded 1051/2764 of the data.
2026-06-26 21:46:19,563 - INFO - 	loaded 1052/2764 of the data.
2026-06-26 21:46:19,619 - INFO - 	loaded 1053/2764 of the data.
2026-06-26 21:46:19,668 - INFO - 	loaded 1054/2764 of the data.
2026-06-26 21:46:19,711 - INFO - 	loaded 1055/2764 of the data.
2026-06-26 21:46:19,753 - INFO - 	loaded 1056/2764 of the data.
2026-06-26 21:46:19,985 - INFO - 	loaded 1057/2764 of the data.
2026-06-26 21:46:20,031 - INFO - 	loaded 1058/2764 of the data.
2026-06-26 21:46:20,069 - INFO - 	loaded 1059/2764 of the data.
2026-06-26 21:46:20,107 - INFO - 	loaded 1060/2764 of the data.
2026-06-26 21:46:20,147 - INFO - 	loaded 1061/2764 of the data.
2026-06-26 21:46:20,185 - INFO - 	loaded 1062/2764 of the data.
2026-06-26 21:46:20,232 - INFO - 	loaded 1063/2764 of the data.
2026-06-26 21:46:20,282 - INFO - 	loaded 1064/2764 of the data.
2026-06-26 21:46:20,474 - INFO - 	loaded 1065/2764 of the data.
2026-06-26 21:46:20,513 - INFO - 	loaded 1066/2764 of the data.
2026-06-26 21:46:20,547 - INFO - 	loaded 1067/2764 of the data.
2026-06-26 21:46:20,584 - INFO - 	loaded 1068/2764 of the data.
2026-06-26 21:46:20,624 - INFO - 	loaded 1069/2764 of the data.
2026-06-26 21:46:20,661 - INFO - 	loaded 1070/2764 of the data.
2026-06-26 21:46:20,705 - INFO - 	loaded 1071/2764 of the data.
2026-06-26 21:46:20,755 - INFO - 	loaded 1072/2764 of the data.
2026-06-26 21:46:20,798 - INFO - 	loaded 1073/2764 of the data.
2026-06-26 21:46:20,836 - INFO - 	loaded 1074/2764 of the data.
2026-06-26 21:46:20,878 - INFO - 	loaded 1075/2764 of the data.
2026-06-26 21:46:20,925 - INFO - 	loaded 1076/2764 of the data.
2026-06-26 21:46:20,973 - INFO - 	loaded 1077/2764 of the data.
2026-06-26 21:46:21,012 - INFO - 	loaded 1078/2764 of the data.
2026-06-26 21:46:21,049 - INFO - 	loaded 1079/2764 of the data.
2026-06-26 21:46:21,098 - INFO - 	loaded 1080/2764 of the data.
2026-06-26 21:46:21,147 - INFO - 	loaded 1081/2764 of the data.
2026-06-26 21:46:21,196 - INFO - 	loaded 1082/2764 of the data.
2026-06-26 21:46:21,250 - INFO - 	loaded 1083/2764 of the data.
2026-06-26 21:46:21,308 - INFO - 	loaded 1084/2764 of the data.
2026-06-26 21:46:21,347 - INFO - 	loaded 1085/2764 of the data.
2026-06-26 21:46:21,397 - INFO - 	loaded 1086/2764 of the data.
2026-06-26 21:46:21,451 - INFO - 	loaded 1087/2764 of the data.
2026-06-26 21:46:21,504 - INFO - 	loaded 1088/2764 of the data.
2026-06-26 21:46:21,542 - INFO - 	loaded 1089/2764 of the data.
2026-06-26 21:46:21,747 - INFO - 	loaded 1090/2764 of the data.
2026-06-26 21:46:21,803 - INFO - 	loaded 1091/2764 of the data.
2026-06-26 21:46:21,847 - INFO - 	loaded 1092/2764 of the data.
2026-06-26 21:46:21,888 - INFO - 	loaded 1093/2764 of the data.
2026-06-26 21:46:21,936 - INFO - 	loaded 1094/2764 of the data.
2026-06-26 21:46:22,013 - INFO - 	loaded 1095/2764 of the data.
2026-06-26 21:46:22,054 - INFO - 	loaded 1096/2764 of the data.
2026-06-26 21:46:22,095 - INFO - 	loaded 1097/2764 of the data.
2026-06-26 21:46:22,135 - INFO - 	loaded 1098/2764 of the data.
2026-06-26 21:46:22,176 - INFO - 	loaded 1099/2764 of the data.
2026-06-26 21:46:22,224 - INFO - 	loaded 1100/2764 of the data.
2026-06-26 21:46:22,290 - INFO - 	loaded 1101/2764 of the data.
2026-06-26 21:46:22,335 - INFO - 	loaded 1102/2764 of the data.
2026-06-26 21:46:22,391 - INFO - 	loaded 1103/2764 of the data.
2026-06-26 21:46:22,442 - INFO - 	loaded 1104/2764 of the data.
2026-06-26 21:46:22,508 - INFO - 	loaded 1105/2764 of the data.
2026-06-26 21:46:22,549 - INFO - 	loaded 1106/2764 of the data.
2026-06-26 21:46:22,588 - INFO - 	loaded 1107/2764 of the data.
2026-06-26 21:46:22,630 - INFO - 	loaded 1108/2764 of the data.
2026-06-26 21:46:22,697 - INFO - 	loaded 1109/2764 of the data.
2026-06-26 21:46:22,744 - INFO - 	loaded 1110/2764 of the data.
2026-06-26 21:46:22,801 - INFO - 	loaded 1111/2764 of the data.
2026-06-26 21:46:22,854 - INFO - 	loaded 1112/2764 of the data.
2026-06-26 21:46:22,901 - INFO - 	loaded 1113/2764 of the data.
2026-06-26 21:46:22,947 - INFO - 	loaded 1114/2764 of the data.
2026-06-26 21:46:23,002 - INFO - 	loaded 1115/2764 of the data.
2026-06-26 21:46:23,044 - INFO - 	loaded 1116/2764 of the data.
2026-06-26 21:46:23,085 - INFO - 	loaded 1117/2764 of the data.
2026-06-26 21:46:23,237 - INFO - 	loaded 1118/2764 of the data.
2026-06-26 21:46:23,404 - INFO - 	loaded 1119/2764 of the data.
2026-06-26 21:46:23,507 - INFO - 	loaded 1120/2764 of the data.
2026-06-26 21:46:23,563 - INFO - 	loaded 1121/2764 of the data.
2026-06-26 21:46:23,636 - INFO - 	loaded 1122/2764 of the data.
2026-06-26 21:46:23,700 - INFO - 	loaded 1123/2764 of the data.
2026-06-26 21:46:23,758 - INFO - 	loaded 1124/2764 of the data.
2026-06-26 21:46:23,815 - INFO - 	loaded 1125/2764 of the data.
2026-06-26 21:46:23,858 - INFO - 	loaded 1126/2764 of the data.
2026-06-26 21:46:23,899 - INFO - 	loaded 1127/2764 of the data.
2026-06-26 21:46:23,962 - INFO - 	loaded 1128/2764 of the data.
2026-06-26 21:46:24,017 - INFO - 	loaded 1129/2764 of the data.
2026-06-26 21:46:24,055 - INFO - 	loaded 1130/2764 of the data.
2026-06-26 21:46:24,094 - INFO - 	loaded 1131/2764 of the data.
2026-06-26 21:46:24,306 - INFO - 	loaded 1132/2764 of the data.
2026-06-26 21:46:24,354 - INFO - 	loaded 1133/2764 of the data.
2026-06-26 21:46:24,397 - INFO - 	loaded 1134/2764 of the data.
2026-06-26 21:46:24,434 - INFO - 	loaded 1135/2764 of the data.
2026-06-26 21:46:24,476 - INFO - 	loaded 1136/2764 of the data.
2026-06-26 21:46:24,519 - INFO - 	loaded 1137/2764 of the data.
2026-06-26 21:46:24,556 - INFO - 	loaded 1138/2764 of the data.
2026-06-26 21:46:24,597 - INFO - 	loaded 1139/2764 of the data.
2026-06-26 21:46:24,633 - INFO - 	loaded 1140/2764 of the data.
2026-06-26 21:46:24,669 - INFO - 	loaded 1141/2764 of the data.
2026-06-26 21:46:24,853 - INFO - 	loaded 1142/2764 of the data.
2026-06-26 21:46:25,073 - INFO - 	loaded 1143/2764 of the data.
2026-06-26 21:46:25,138 - INFO - 	loaded 1144/2764 of the data.
2026-06-26 21:46:25,286 - INFO - 	loaded 1145/2764 of the data.
2026-06-26 21:46:25,326 - INFO - 	loaded 1146/2764 of the data.
2026-06-26 21:46:25,688 - INFO - 	loaded 1147/2764 of the data.
2026-06-26 21:46:25,732 - INFO - 	loaded 1148/2764 of the data.
2026-06-26 21:46:25,769 - INFO - 	loaded 1149/2764 of the data.
2026-06-26 21:46:25,802 - INFO - 	loaded 1150/2764 of the data.
2026-06-26 21:46:25,843 - INFO - 	loaded 1151/2764 of the data.
2026-06-26 21:46:26,003 - INFO - 	loaded 1152/2764 of the data.
2026-06-26 21:46:26,042 - INFO - 	loaded 1153/2764 of the data.
2026-06-26 21:46:26,079 - INFO - 	loaded 1154/2764 of the data.
2026-06-26 21:46:26,118 - INFO - 	loaded 1155/2764 of the data.
2026-06-26 21:46:26,159 - INFO - 	loaded 1156/2764 of the data.
2026-06-26 21:46:26,200 - INFO - 	loaded 1157/2764 of the data.
2026-06-26 21:46:26,247 - INFO - 	loaded 1158/2764 of the data.
2026-06-26 21:46:26,302 - INFO - 	loaded 1159/2764 of the data.
2026-06-26 21:46:26,350 - INFO - 	loaded 1160/2764 of the data.
2026-06-26 21:46:26,390 - INFO - 	loaded 1161/2764 of the data.
2026-06-26 21:46:26,436 - INFO - 	loaded 1162/2764 of the data.
2026-06-26 21:46:26,485 - INFO - 	loaded 1163/2764 of the data.
2026-06-26 21:46:26,526 - INFO - 	loaded 1164/2764 of the data.
2026-06-26 21:46:26,566 - INFO - 	loaded 1165/2764 of the data.
2026-06-26 21:46:26,781 - INFO - 	loaded 1166/2764 of the data.
2026-06-26 21:46:26,830 - INFO - 	loaded 1167/2764 of the data.
2026-06-26 21:46:26,870 - INFO - 	loaded 1168/2764 of the data.
2026-06-26 21:46:26,911 - INFO - 	loaded 1169/2764 of the data.
2026-06-26 21:46:26,951 - INFO - 	loaded 1170/2764 of the data.
2026-06-26 21:46:26,987 - INFO - 	loaded 1171/2764 of the data.
2026-06-26 21:46:27,030 - INFO - 	loaded 1172/2764 of the data.
2026-06-26 21:46:27,070 - INFO - 	loaded 1173/2764 of the data.
2026-06-26 21:46:27,107 - INFO - 	loaded 1174/2764 of the data.
2026-06-26 21:46:27,142 - INFO - 	loaded 1175/2764 of the data.
2026-06-26 21:46:27,177 - INFO - 	loaded 1176/2764 of the data.
2026-06-26 21:46:27,334 - INFO - 	loaded 1177/2764 of the data.
2026-06-26 21:46:27,385 - INFO - 	loaded 1178/2764 of the data.
2026-06-26 21:46:27,471 - INFO - 	loaded 1179/2764 of the data.
2026-06-26 21:46:27,531 - INFO - 	loaded 1180/2764 of the data.
2026-06-26 21:46:27,708 - INFO - 	loaded 1181/2764 of the data.
2026-06-26 21:46:27,745 - INFO - 	loaded 1182/2764 of the data.
2026-06-26 21:46:27,786 - INFO - 	loaded 1183/2764 of the data.
2026-06-26 21:46:27,979 - INFO - 	loaded 1184/2764 of the data.
2026-06-26 21:46:28,162 - INFO - 	loaded 1185/2764 of the data.
2026-06-26 21:46:28,212 - INFO - 	loaded 1186/2764 of the data.
2026-06-26 21:46:28,378 - INFO - 	loaded 1187/2764 of the data.
2026-06-26 21:46:28,422 - INFO - 	loaded 1188/2764 of the data.
2026-06-26 21:46:28,464 - INFO - 	loaded 1189/2764 of the data.
2026-06-26 21:46:28,502 - INFO - 	loaded 1190/2764 of the data.
2026-06-26 21:46:28,658 - INFO - 	loaded 1191/2764 of the data.
2026-06-26 21:46:28,697 - INFO - 	loaded 1192/2764 of the data.
2026-06-26 21:46:28,744 - INFO - 	loaded 1193/2764 of the data.
2026-06-26 21:46:28,970 - INFO - 	loaded 1194/2764 of the data.
2026-06-26 21:46:29,034 - INFO - 	loaded 1195/2764 of the data.
2026-06-26 21:46:29,085 - INFO - 	loaded 1196/2764 of the data.
2026-06-26 21:46:29,129 - INFO - 	loaded 1197/2764 of the data.
2026-06-26 21:46:29,169 - INFO - 	loaded 1198/2764 of the data.
2026-06-26 21:46:29,210 - INFO - 	loaded 1199/2764 of the data.
2026-06-26 21:46:29,251 - INFO - 	loaded 1200/2764 of the data.
2026-06-26 21:46:29,288 - INFO - 	loaded 1201/2764 of the data.
2026-06-26 21:46:29,325 - INFO - 	loaded 1202/2764 of the data.
2026-06-26 21:46:29,518 - INFO - 	loaded 1203/2764 of the data.
2026-06-26 21:46:29,559 - INFO - 	loaded 1204/2764 of the data.
2026-06-26 21:46:29,603 - INFO - 	loaded 1205/2764 of the data.
2026-06-26 21:46:29,644 - INFO - 	loaded 1206/2764 of the data.
2026-06-26 21:46:29,686 - INFO - 	loaded 1207/2764 of the data.
2026-06-26 21:46:29,839 - INFO - 	loaded 1208/2764 of the data.
2026-06-26 21:46:29,907 - INFO - 	loaded 1209/2764 of the data.
2026-06-26 21:46:29,948 - INFO - 	loaded 1210/2764 of the data.
2026-06-26 21:46:29,982 - INFO - 	loaded 1211/2764 of the data.
2026-06-26 21:46:30,018 - INFO - 	loaded 1212/2764 of the data.
2026-06-26 21:46:30,064 - INFO - 	loaded 1213/2764 of the data.
2026-06-26 21:46:30,098 - INFO - 	loaded 1214/2764 of the data.
2026-06-26 21:46:30,133 - INFO - 	loaded 1215/2764 of the data.
2026-06-26 21:46:30,329 - INFO - 	loaded 1216/2764 of the data.
2026-06-26 21:46:30,387 - INFO - 	loaded 1217/2764 of the data.
2026-06-26 21:46:30,428 - INFO - 	loaded 1218/2764 of the data.
2026-06-26 21:46:30,475 - INFO - 	loaded 1219/2764 of the data.
2026-06-26 21:46:30,661 - INFO - 	loaded 1220/2764 of the data.
2026-06-26 21:46:30,714 - INFO - 	loaded 1221/2764 of the data.
2026-06-26 21:46:30,760 - INFO - 	loaded 1222/2764 of the data.
2026-06-26 21:46:30,814 - INFO - 	loaded 1223/2764 of the data.
2026-06-26 21:46:30,992 - INFO - 	loaded 1224/2764 of the data.
2026-06-26 21:46:31,164 - INFO - 	loaded 1225/2764 of the data.
2026-06-26 21:46:31,213 - INFO - 	loaded 1226/2764 of the data.
2026-06-26 21:46:31,263 - INFO - 	loaded 1227/2764 of the data.
2026-06-26 21:46:31,315 - INFO - 	loaded 1228/2764 of the data.
2026-06-26 21:46:31,361 - INFO - 	loaded 1229/2764 of the data.
2026-06-26 21:46:31,405 - INFO - 	loaded 1230/2764 of the data.
2026-06-26 21:46:31,466 - INFO - 	loaded 1231/2764 of the data.
2026-06-26 21:46:31,516 - INFO - 	loaded 1232/2764 of the data.
2026-06-26 21:46:31,557 - INFO - 	loaded 1233/2764 of the data.
2026-06-26 21:46:31,606 - INFO - 	loaded 1234/2764 of the data.
2026-06-26 21:46:31,665 - INFO - 	loaded 1235/2764 of the data.
2026-06-26 21:46:31,730 - INFO - 	loaded 1236/2764 of the data.
2026-06-26 21:46:31,779 - INFO - 	loaded 1237/2764 of the data.
2026-06-26 21:46:31,836 - INFO - 	loaded 1238/2764 of the data.
2026-06-26 21:46:31,876 - INFO - 	loaded 1239/2764 of the data.
2026-06-26 21:46:32,050 - INFO - 	loaded 1240/2764 of the data.
2026-06-26 21:46:32,121 - INFO - 	loaded 1241/2764 of the data.
2026-06-26 21:46:32,162 - INFO - 	loaded 1242/2764 of the data.
2026-06-26 21:46:32,203 - INFO - 	loaded 1243/2764 of the data.
2026-06-26 21:46:32,254 - INFO - 	loaded 1244/2764 of the data.
2026-06-26 21:46:32,295 - INFO - 	loaded 1245/2764 of the data.
2026-06-26 21:46:32,441 - INFO - 	loaded 1246/2764 of the data.
2026-06-26 21:46:32,482 - INFO - 	loaded 1247/2764 of the data.
2026-06-26 21:46:32,535 - INFO - 	loaded 1248/2764 of the data.
2026-06-26 21:46:32,583 - INFO - 	loaded 1249/2764 of the data.
2026-06-26 21:46:32,623 - INFO - 	loaded 1250/2764 of the data.
2026-06-26 21:46:32,662 - INFO - 	loaded 1251/2764 of the data.
2026-06-26 21:46:32,710 - INFO - 	loaded 1252/2764 of the data.
2026-06-26 21:46:32,748 - INFO - 	loaded 1253/2764 of the data.
2026-06-26 21:46:32,788 - INFO - 	loaded 1254/2764 of the data.
2026-06-26 21:46:32,833 - INFO - 	loaded 1255/2764 of the data.
2026-06-26 21:46:32,878 - INFO - 	loaded 1256/2764 of the data.
2026-06-26 21:46:32,930 - INFO - 	loaded 1257/2764 of the data.
2026-06-26 21:46:32,980 - INFO - 	loaded 1258/2764 of the data.
2026-06-26 21:46:33,024 - INFO - 	loaded 1259/2764 of the data.
2026-06-26 21:46:33,078 - INFO - 	loaded 1260/2764 of the data.
2026-06-26 21:46:33,126 - INFO - 	loaded 1261/2764 of the data.
2026-06-26 21:46:33,292 - INFO - 	loaded 1262/2764 of the data.
2026-06-26 21:46:33,360 - INFO - 	loaded 1263/2764 of the data.
2026-06-26 21:46:33,523 - INFO - 	loaded 1264/2764 of the data.
2026-06-26 21:46:33,689 - INFO - 	loaded 1265/2764 of the data.
2026-06-26 21:46:33,745 - INFO - 	loaded 1266/2764 of the data.
2026-06-26 21:46:33,810 - INFO - 	loaded 1267/2764 of the data.
2026-06-26 21:46:33,857 - INFO - 	loaded 1268/2764 of the data.
2026-06-26 21:46:33,907 - INFO - 	loaded 1269/2764 of the data.
2026-06-26 21:46:33,950 - INFO - 	loaded 1270/2764 of the data.
2026-06-26 21:46:34,001 - INFO - 	loaded 1271/2764 of the data.
2026-06-26 21:46:34,061 - INFO - 	loaded 1272/2764 of the data.
2026-06-26 21:46:34,106 - INFO - 	loaded 1273/2764 of the data.
2026-06-26 21:46:34,153 - INFO - 	loaded 1274/2764 of the data.
2026-06-26 21:46:34,201 - INFO - 	loaded 1275/2764 of the data.
2026-06-26 21:46:34,249 - INFO - 	loaded 1276/2764 of the data.
2026-06-26 21:46:34,286 - INFO - 	loaded 1277/2764 of the data.
2026-06-26 21:46:34,324 - INFO - 	loaded 1278/2764 of the data.
2026-06-26 21:46:34,494 - INFO - 	loaded 1279/2764 of the data.
2026-06-26 21:46:34,541 - INFO - 	loaded 1280/2764 of the data.
2026-06-26 21:46:34,586 - INFO - 	loaded 1281/2764 of the data.
2026-06-26 21:46:34,649 - INFO - 	loaded 1282/2764 of the data.
2026-06-26 21:46:34,713 - INFO - 	loaded 1283/2764 of the data.
2026-06-26 21:46:34,890 - INFO - 	loaded 1284/2764 of the data.
2026-06-26 21:46:34,954 - INFO - 	loaded 1285/2764 of the data.
2026-06-26 21:46:35,020 - INFO - 	loaded 1286/2764 of the data.
2026-06-26 21:46:35,061 - INFO - 	loaded 1287/2764 of the data.
2026-06-26 21:46:35,126 - INFO - 	loaded 1288/2764 of the data.
2026-06-26 21:46:35,171 - INFO - 	loaded 1289/2764 of the data.
2026-06-26 21:46:35,214 - INFO - 	loaded 1290/2764 of the data.
2026-06-26 21:46:35,258 - INFO - 	loaded 1291/2764 of the data.
2026-06-26 21:46:35,305 - INFO - 	loaded 1292/2764 of the data.
2026-06-26 21:46:35,347 - INFO - 	loaded 1293/2764 of the data.
2026-06-26 21:46:35,505 - INFO - 	loaded 1294/2764 of the data.
2026-06-26 21:46:35,552 - INFO - 	loaded 1295/2764 of the data.
2026-06-26 21:46:35,609 - INFO - 	loaded 1296/2764 of the data.
2026-06-26 21:46:35,775 - INFO - 	loaded 1297/2764 of the data.
2026-06-26 21:46:35,826 - INFO - 	loaded 1298/2764 of the data.
2026-06-26 21:46:35,869 - INFO - 	loaded 1299/2764 of the data.
2026-06-26 21:46:36,016 - INFO - 	loaded 1300/2764 of the data.
2026-06-26 21:46:36,057 - INFO - 	loaded 1301/2764 of the data.
2026-06-26 21:46:36,109 - INFO - 	loaded 1302/2764 of the data.
2026-06-26 21:46:36,147 - INFO - 	loaded 1303/2764 of the data.
2026-06-26 21:46:36,190 - INFO - 	loaded 1304/2764 of the data.
2026-06-26 21:46:36,234 - INFO - 	loaded 1305/2764 of the data.
2026-06-26 21:46:36,278 - INFO - 	loaded 1306/2764 of the data.
2026-06-26 21:46:36,315 - INFO - 	loaded 1307/2764 of the data.
2026-06-26 21:46:36,353 - INFO - 	loaded 1308/2764 of the data.
2026-06-26 21:46:36,393 - INFO - 	loaded 1309/2764 of the data.
2026-06-26 21:46:36,433 - INFO - 	loaded 1310/2764 of the data.
2026-06-26 21:46:36,473 - INFO - 	loaded 1311/2764 of the data.
2026-06-26 21:46:36,513 - INFO - 	loaded 1312/2764 of the data.
2026-06-26 21:46:36,550 - INFO - 	loaded 1313/2764 of the data.
2026-06-26 21:46:36,589 - INFO - 	loaded 1314/2764 of the data.
2026-06-26 21:46:36,781 - INFO - 	loaded 1315/2764 of the data.
2026-06-26 21:46:36,993 - INFO - 	loaded 1316/2764 of the data.
2026-06-26 21:46:37,065 - INFO - 	loaded 1317/2764 of the data.
2026-06-26 21:46:37,259 - INFO - 	loaded 1318/2764 of the data.
2026-06-26 21:46:37,461 - INFO - 	loaded 1319/2764 of the data.
2026-06-26 21:46:37,531 - INFO - 	loaded 1320/2764 of the data.
2026-06-26 21:46:37,689 - INFO - 	loaded 1321/2764 of the data.
2026-06-26 21:46:37,728 - INFO - 	loaded 1322/2764 of the data.
2026-06-26 21:46:37,783 - INFO - 	loaded 1323/2764 of the data.
2026-06-26 21:46:37,823 - INFO - 	loaded 1324/2764 of the data.
2026-06-26 21:46:37,968 - INFO - 	loaded 1325/2764 of the data.
2026-06-26 21:46:38,017 - INFO - 	loaded 1326/2764 of the data.
2026-06-26 21:46:38,065 - INFO - 	loaded 1327/2764 of the data.
2026-06-26 21:46:38,103 - INFO - 	loaded 1328/2764 of the data.
2026-06-26 21:46:38,148 - INFO - 	loaded 1329/2764 of the data.
2026-06-26 21:46:38,185 - INFO - 	loaded 1330/2764 of the data.
2026-06-26 21:46:38,333 - INFO - 	loaded 1331/2764 of the data.
2026-06-26 21:46:38,377 - INFO - 	loaded 1332/2764 of the data.
2026-06-26 21:46:38,432 - INFO - 	loaded 1333/2764 of the data.
2026-06-26 21:46:38,478 - INFO - 	loaded 1334/2764 of the data.
2026-06-26 21:46:38,517 - INFO - 	loaded 1335/2764 of the data.
2026-06-26 21:46:38,557 - INFO - 	loaded 1336/2764 of the data.
2026-06-26 21:46:38,604 - INFO - 	loaded 1337/2764 of the data.
2026-06-26 21:46:38,646 - INFO - 	loaded 1338/2764 of the data.
2026-06-26 21:46:38,688 - INFO - 	loaded 1339/2764 of the data.
2026-06-26 21:46:38,741 - INFO - 	loaded 1340/2764 of the data.
2026-06-26 21:46:38,785 - INFO - 	loaded 1341/2764 of the data.
2026-06-26 21:46:38,825 - INFO - 	loaded 1342/2764 of the data.
2026-06-26 21:46:38,863 - INFO - 	loaded 1343/2764 of the data.
2026-06-26 21:46:38,901 - INFO - 	loaded 1344/2764 of the data.
2026-06-26 21:46:38,939 - INFO - 	loaded 1345/2764 of the data.
2026-06-26 21:46:38,977 - INFO - 	loaded 1346/2764 of the data.
2026-06-26 21:46:39,015 - INFO - 	loaded 1347/2764 of the data.
2026-06-26 21:46:39,057 - INFO - 	loaded 1348/2764 of the data.
2026-06-26 21:46:39,105 - INFO - 	loaded 1349/2764 of the data.
2026-06-26 21:46:39,155 - INFO - 	loaded 1350/2764 of the data.
2026-06-26 21:46:39,198 - INFO - 	loaded 1351/2764 of the data.
2026-06-26 21:46:39,237 - INFO - 	loaded 1352/2764 of the data.
2026-06-26 21:46:39,392 - INFO - 	loaded 1353/2764 of the data.
2026-06-26 21:46:39,427 - INFO - 	loaded 1354/2764 of the data.
2026-06-26 21:46:39,474 - INFO - 	loaded 1355/2764 of the data.
2026-06-26 21:46:39,523 - INFO - 	loaded 1356/2764 of the data.
2026-06-26 21:46:39,571 - INFO - 	loaded 1357/2764 of the data.
2026-06-26 21:46:39,615 - INFO - 	loaded 1358/2764 of the data.
2026-06-26 21:46:39,652 - INFO - 	loaded 1359/2764 of the data.
2026-06-26 21:46:39,701 - INFO - 	loaded 1360/2764 of the data.
2026-06-26 21:46:39,767 - INFO - 	loaded 1361/2764 of the data.
2026-06-26 21:46:39,982 - INFO - 	loaded 1362/2764 of the data.
2026-06-26 21:46:40,042 - INFO - 	loaded 1363/2764 of the data.
2026-06-26 21:46:40,107 - INFO - 	loaded 1364/2764 of the data.
2026-06-26 21:46:40,184 - INFO - 	loaded 1365/2764 of the data.
2026-06-26 21:46:40,250 - INFO - 	loaded 1366/2764 of the data.
2026-06-26 21:46:40,318 - INFO - 	loaded 1367/2764 of the data.
2026-06-26 21:46:40,481 - INFO - 	loaded 1368/2764 of the data.
2026-06-26 21:46:40,551 - INFO - 	loaded 1369/2764 of the data.
2026-06-26 21:46:40,760 - INFO - 	loaded 1370/2764 of the data.
2026-06-26 21:46:40,804 - INFO - 	loaded 1371/2764 of the data.
2026-06-26 21:46:40,838 - INFO - 	loaded 1372/2764 of the data.
2026-06-26 21:46:40,873 - INFO - 	loaded 1373/2764 of the data.
2026-06-26 21:46:40,909 - INFO - 	loaded 1374/2764 of the data.
2026-06-26 21:46:40,946 - INFO - 	loaded 1375/2764 of the data.
2026-06-26 21:46:40,986 - INFO - 	loaded 1376/2764 of the data.
2026-06-26 21:46:41,152 - INFO - 	loaded 1377/2764 of the data.
2026-06-26 21:46:41,190 - INFO - 	loaded 1378/2764 of the data.
2026-06-26 21:46:41,233 - INFO - 	loaded 1379/2764 of the data.
2026-06-26 21:46:41,278 - INFO - 	loaded 1380/2764 of the data.
2026-06-26 21:46:41,319 - INFO - 	loaded 1381/2764 of the data.
2026-06-26 21:46:41,368 - INFO - 	loaded 1382/2764 of the data.
2026-06-26 21:46:41,411 - INFO - 	loaded 1383/2764 of the data.
2026-06-26 21:46:41,450 - INFO - 	loaded 1384/2764 of the data.
2026-06-26 21:46:41,492 - INFO - 	loaded 1385/2764 of the data.
2026-06-26 21:46:41,528 - INFO - 	loaded 1386/2764 of the data.
2026-06-26 21:46:41,562 - INFO - 	loaded 1387/2764 of the data.
2026-06-26 21:46:41,599 - INFO - 	loaded 1388/2764 of the data.
2026-06-26 21:46:41,633 - INFO - 	loaded 1389/2764 of the data.
2026-06-26 21:46:41,669 - INFO - 	loaded 1390/2764 of the data.
2026-06-26 21:46:41,707 - INFO - 	loaded 1391/2764 of the data.
2026-06-26 21:46:41,742 - INFO - 	loaded 1392/2764 of the data.
2026-06-26 21:46:41,934 - INFO - 	loaded 1393/2764 of the data.
2026-06-26 21:46:41,971 - INFO - 	loaded 1394/2764 of the data.
2026-06-26 21:46:42,011 - INFO - 	loaded 1395/2764 of the data.
2026-06-26 21:46:42,054 - INFO - 	loaded 1396/2764 of the data.
2026-06-26 21:46:42,092 - INFO - 	loaded 1397/2764 of the data.
2026-06-26 21:46:42,136 - INFO - 	loaded 1398/2764 of the data.
2026-06-26 21:46:42,191 - INFO - 	loaded 1399/2764 of the data.
2026-06-26 21:46:42,237 - INFO - 	loaded 1400/2764 of the data.
2026-06-26 21:46:42,277 - INFO - 	loaded 1401/2764 of the data.
2026-06-26 21:46:42,312 - INFO - 	loaded 1402/2764 of the data.
2026-06-26 21:46:42,349 - INFO - 	loaded 1403/2764 of the data.
2026-06-26 21:46:42,386 - INFO - 	loaded 1404/2764 of the data.
2026-06-26 21:46:42,563 - INFO - 	loaded 1405/2764 of the data.
2026-06-26 21:46:42,623 - INFO - 	loaded 1406/2764 of the data.
2026-06-26 21:46:42,679 - INFO - 	loaded 1407/2764 of the data.
2026-06-26 21:46:42,714 - INFO - 	loaded 1408/2764 of the data.
2026-06-26 21:46:42,750 - INFO - 	loaded 1409/2764 of the data.
2026-06-26 21:46:42,794 - INFO - 	loaded 1410/2764 of the data.
2026-06-26 21:46:42,834 - INFO - 	loaded 1411/2764 of the data.
2026-06-26 21:46:42,872 - INFO - 	loaded 1412/2764 of the data.
2026-06-26 21:46:42,909 - INFO - 	loaded 1413/2764 of the data.
2026-06-26 21:46:42,945 - INFO - 	loaded 1414/2764 of the data.
2026-06-26 21:46:42,980 - INFO - 	loaded 1415/2764 of the data.
2026-06-26 21:46:43,021 - INFO - 	loaded 1416/2764 of the data.
2026-06-26 21:46:43,065 - INFO - 	loaded 1417/2764 of the data.
2026-06-26 21:46:43,225 - INFO - 	loaded 1418/2764 of the data.
2026-06-26 21:46:43,273 - INFO - 	loaded 1419/2764 of the data.
2026-06-26 21:46:43,319 - INFO - 	loaded 1420/2764 of the data.
2026-06-26 21:46:43,369 - INFO - 	loaded 1421/2764 of the data.
2026-06-26 21:46:43,415 - INFO - 	loaded 1422/2764 of the data.
2026-06-26 21:46:43,473 - INFO - 	loaded 1423/2764 of the data.
2026-06-26 21:46:43,538 - INFO - 	loaded 1424/2764 of the data.
2026-06-26 21:46:43,591 - INFO - 	loaded 1425/2764 of the data.
2026-06-26 21:46:43,639 - INFO - 	loaded 1426/2764 of the data.
2026-06-26 21:46:43,851 - INFO - 	loaded 1427/2764 of the data.
2026-06-26 21:46:43,903 - INFO - 	loaded 1428/2764 of the data.
2026-06-26 21:46:43,946 - INFO - 	loaded 1429/2764 of the data.
2026-06-26 21:46:43,990 - INFO - 	loaded 1430/2764 of the data.
2026-06-26 21:46:44,028 - INFO - 	loaded 1431/2764 of the data.
2026-06-26 21:46:44,071 - INFO - 	loaded 1432/2764 of the data.
2026-06-26 21:46:44,234 - INFO - 	loaded 1433/2764 of the data.
2026-06-26 21:46:44,269 - INFO - 	loaded 1434/2764 of the data.
2026-06-26 21:46:44,427 - INFO - 	loaded 1435/2764 of the data.
2026-06-26 21:46:44,473 - INFO - 	loaded 1436/2764 of the data.
2026-06-26 21:46:44,518 - INFO - 	loaded 1437/2764 of the data.
2026-06-26 21:46:44,560 - INFO - 	loaded 1438/2764 of the data.
2026-06-26 21:46:44,596 - INFO - 	loaded 1439/2764 of the data.
2026-06-26 21:46:44,636 - INFO - 	loaded 1440/2764 of the data.
2026-06-26 21:46:44,672 - INFO - 	loaded 1441/2764 of the data.
2026-06-26 21:46:44,716 - INFO - 	loaded 1442/2764 of the data.
2026-06-26 21:46:44,888 - INFO - 	loaded 1443/2764 of the data.
2026-06-26 21:46:44,931 - INFO - 	loaded 1444/2764 of the data.
2026-06-26 21:46:44,972 - INFO - 	loaded 1445/2764 of the data.
2026-06-26 21:46:45,030 - INFO - 	loaded 1446/2764 of the data.
2026-06-26 21:46:45,093 - INFO - 	loaded 1447/2764 of the data.
2026-06-26 21:46:45,139 - INFO - 	loaded 1448/2764 of the data.
2026-06-26 21:46:45,182 - INFO - 	loaded 1449/2764 of the data.
2026-06-26 21:46:45,221 - INFO - 	loaded 1450/2764 of the data.
2026-06-26 21:46:45,261 - INFO - 	loaded 1451/2764 of the data.
2026-06-26 21:46:45,423 - INFO - 	loaded 1452/2764 of the data.
2026-06-26 21:46:45,461 - INFO - 	loaded 1453/2764 of the data.
2026-06-26 21:46:45,498 - INFO - 	loaded 1454/2764 of the data.
2026-06-26 21:46:45,667 - INFO - 	loaded 1455/2764 of the data.
2026-06-26 21:46:45,707 - INFO - 	loaded 1456/2764 of the data.
2026-06-26 21:46:45,750 - INFO - 	loaded 1457/2764 of the data.
2026-06-26 21:46:45,796 - INFO - 	loaded 1458/2764 of the data.
2026-06-26 21:46:45,839 - INFO - 	loaded 1459/2764 of the data.
2026-06-26 21:46:45,880 - INFO - 	loaded 1460/2764 of the data.
2026-06-26 21:46:45,928 - INFO - 	loaded 1461/2764 of the data.
2026-06-26 21:46:45,972 - INFO - 	loaded 1462/2764 of the data.
2026-06-26 21:46:46,029 - INFO - 	loaded 1463/2764 of the data.
2026-06-26 21:46:46,092 - INFO - 	loaded 1464/2764 of the data.
2026-06-26 21:46:46,154 - INFO - 	loaded 1465/2764 of the data.
2026-06-26 21:46:46,222 - INFO - 	loaded 1466/2764 of the data.
2026-06-26 21:46:46,269 - INFO - 	loaded 1467/2764 of the data.
2026-06-26 21:46:46,317 - INFO - 	loaded 1468/2764 of the data.
2026-06-26 21:46:46,361 - INFO - 	loaded 1469/2764 of the data.
2026-06-26 21:46:46,407 - INFO - 	loaded 1470/2764 of the data.
2026-06-26 21:46:46,447 - INFO - 	loaded 1471/2764 of the data.
2026-06-26 21:46:46,677 - INFO - 	loaded 1472/2764 of the data.
2026-06-26 21:46:46,736 - INFO - 	loaded 1473/2764 of the data.
2026-06-26 21:46:46,789 - INFO - 	loaded 1474/2764 of the data.
2026-06-26 21:46:46,827 - INFO - 	loaded 1475/2764 of the data.
2026-06-26 21:46:46,868 - INFO - 	loaded 1476/2764 of the data.
2026-06-26 21:46:47,026 - INFO - 	loaded 1477/2764 of the data.
2026-06-26 21:46:47,182 - INFO - 	loaded 1478/2764 of the data.
2026-06-26 21:46:47,226 - INFO - 	loaded 1479/2764 of the data.
2026-06-26 21:46:47,278 - INFO - 	loaded 1480/2764 of the data.
2026-06-26 21:46:47,334 - INFO - 	loaded 1481/2764 of the data.
2026-06-26 21:46:47,391 - INFO - 	loaded 1482/2764 of the data.
2026-06-26 21:46:47,441 - INFO - 	loaded 1483/2764 of the data.
2026-06-26 21:46:47,628 - INFO - 	loaded 1484/2764 of the data.
2026-06-26 21:46:47,782 - INFO - 	loaded 1485/2764 of the data.
2026-06-26 21:46:47,841 - INFO - 	loaded 1486/2764 of the data.
2026-06-26 21:46:48,032 - INFO - 	loaded 1487/2764 of the data.
2026-06-26 21:46:48,080 - INFO - 	loaded 1488/2764 of the data.
2026-06-26 21:46:48,140 - INFO - 	loaded 1489/2764 of the data.
2026-06-26 21:46:48,193 - INFO - 	loaded 1490/2764 of the data.
2026-06-26 21:46:48,244 - INFO - 	loaded 1491/2764 of the data.
2026-06-26 21:46:48,304 - INFO - 	loaded 1492/2764 of the data.
2026-06-26 21:46:48,359 - INFO - 	loaded 1493/2764 of the data.
2026-06-26 21:46:48,400 - INFO - 	loaded 1494/2764 of the data.
2026-06-26 21:46:48,454 - INFO - 	loaded 1495/2764 of the data.
2026-06-26 21:46:48,522 - INFO - 	loaded 1496/2764 of the data.
2026-06-26 21:46:48,570 - INFO - 	loaded 1497/2764 of the data.
2026-06-26 21:46:48,616 - INFO - 	loaded 1498/2764 of the data.
2026-06-26 21:46:48,666 - INFO - 	loaded 1499/2764 of the data.
2026-06-26 21:46:48,734 - INFO - 	loaded 1500/2764 of the data.
2026-06-26 21:46:48,783 - INFO - 	loaded 1501/2764 of the data.
2026-06-26 21:46:48,842 - INFO - 	loaded 1502/2764 of the data.
2026-06-26 21:46:48,891 - INFO - 	loaded 1503/2764 of the data.
2026-06-26 21:46:48,938 - INFO - 	loaded 1504/2764 of the data.
2026-06-26 21:46:48,979 - INFO - 	loaded 1505/2764 of the data.
2026-06-26 21:46:49,018 - INFO - 	loaded 1506/2764 of the data.
2026-06-26 21:46:49,066 - INFO - 	loaded 1507/2764 of the data.
2026-06-26 21:46:49,112 - INFO - 	loaded 1508/2764 of the data.
2026-06-26 21:46:49,293 - INFO - 	loaded 1509/2764 of the data.
2026-06-26 21:46:49,483 - INFO - 	loaded 1510/2764 of the data.
2026-06-26 21:46:49,536 - INFO - 	loaded 1511/2764 of the data.
2026-06-26 21:46:49,586 - INFO - 	loaded 1512/2764 of the data.
2026-06-26 21:46:49,632 - INFO - 	loaded 1513/2764 of the data.
2026-06-26 21:46:49,674 - INFO - 	loaded 1514/2764 of the data.
2026-06-26 21:46:49,720 - INFO - 	loaded 1515/2764 of the data.
2026-06-26 21:46:49,778 - INFO - 	loaded 1516/2764 of the data.
2026-06-26 21:46:49,818 - INFO - 	loaded 1517/2764 of the data.
2026-06-26 21:46:49,882 - INFO - 	loaded 1518/2764 of the data.
2026-06-26 21:46:49,947 - INFO - 	loaded 1519/2764 of the data.
2026-06-26 21:46:49,996 - INFO - 	loaded 1520/2764 of the data.
2026-06-26 21:46:50,149 - INFO - 	loaded 1521/2764 of the data.
2026-06-26 21:46:50,209 - INFO - 	loaded 1522/2764 of the data.
2026-06-26 21:46:50,267 - INFO - 	loaded 1523/2764 of the data.
2026-06-26 21:46:50,309 - INFO - 	loaded 1524/2764 of the data.
2026-06-26 21:46:50,356 - INFO - 	loaded 1525/2764 of the data.
2026-06-26 21:46:50,534 - INFO - 	loaded 1526/2764 of the data.
2026-06-26 21:46:50,743 - INFO - 	loaded 1527/2764 of the data.
2026-06-26 21:46:50,789 - INFO - 	loaded 1528/2764 of the data.
2026-06-26 21:46:50,959 - INFO - 	loaded 1529/2764 of the data.
2026-06-26 21:46:51,009 - INFO - 	loaded 1530/2764 of the data.
2026-06-26 21:46:51,044 - INFO - 	loaded 1531/2764 of the data.
2026-06-26 21:46:51,077 - INFO - 	loaded 1532/2764 of the data.
2026-06-26 21:46:51,113 - INFO - 	loaded 1533/2764 of the data.
2026-06-26 21:46:51,148 - INFO - 	loaded 1534/2764 of the data.
2026-06-26 21:46:51,183 - INFO - 	loaded 1535/2764 of the data.
2026-06-26 21:46:51,223 - INFO - 	loaded 1536/2764 of the data.
2026-06-26 21:46:51,259 - INFO - 	loaded 1537/2764 of the data.
2026-06-26 21:46:51,297 - INFO - 	loaded 1538/2764 of the data.
2026-06-26 21:46:51,481 - INFO - 	loaded 1539/2764 of the data.
2026-06-26 21:46:51,525 - INFO - 	loaded 1540/2764 of the data.
2026-06-26 21:46:51,567 - INFO - 	loaded 1541/2764 of the data.
2026-06-26 21:46:51,604 - INFO - 	loaded 1542/2764 of the data.
2026-06-26 21:46:51,664 - INFO - 	loaded 1543/2764 of the data.
2026-06-26 21:46:51,705 - INFO - 	loaded 1544/2764 of the data.
2026-06-26 21:46:51,781 - INFO - 	loaded 1545/2764 of the data.
2026-06-26 21:46:51,825 - INFO - 	loaded 1546/2764 of the data.
2026-06-26 21:46:51,862 - INFO - 	loaded 1547/2764 of the data.
2026-06-26 21:46:51,911 - INFO - 	loaded 1548/2764 of the data.
2026-06-26 21:46:51,962 - INFO - 	loaded 1549/2764 of the data.
2026-06-26 21:46:52,008 - INFO - 	loaded 1550/2764 of the data.
2026-06-26 21:46:52,214 - INFO - 	loaded 1551/2764 of the data.
2026-06-26 21:46:52,264 - INFO - 	loaded 1552/2764 of the data.
2026-06-26 21:46:52,314 - INFO - 	loaded 1553/2764 of the data.
2026-06-26 21:46:52,366 - INFO - 	loaded 1554/2764 of the data.
2026-06-26 21:46:52,427 - INFO - 	loaded 1555/2764 of the data.
2026-06-26 21:46:52,474 - INFO - 	loaded 1556/2764 of the data.
2026-06-26 21:46:52,519 - INFO - 	loaded 1557/2764 of the data.
2026-06-26 21:46:52,561 - INFO - 	loaded 1558/2764 of the data.
2026-06-26 21:46:52,598 - INFO - 	loaded 1559/2764 of the data.
2026-06-26 21:46:52,760 - INFO - 	loaded 1560/2764 of the data.
2026-06-26 21:46:52,797 - INFO - 	loaded 1561/2764 of the data.
2026-06-26 21:46:52,835 - INFO - 	loaded 1562/2764 of the data.
2026-06-26 21:46:52,874 - INFO - 	loaded 1563/2764 of the data.
2026-06-26 21:46:52,915 - INFO - 	loaded 1564/2764 of the data.
2026-06-26 21:46:52,967 - INFO - 	loaded 1565/2764 of the data.
2026-06-26 21:46:53,010 - INFO - 	loaded 1566/2764 of the data.
2026-06-26 21:46:53,050 - INFO - 	loaded 1567/2764 of the data.
2026-06-26 21:46:53,090 - INFO - 	loaded 1568/2764 of the data.
2026-06-26 21:46:53,130 - INFO - 	loaded 1569/2764 of the data.
2026-06-26 21:46:53,176 - INFO - 	loaded 1570/2764 of the data.
2026-06-26 21:46:53,333 - INFO - 	loaded 1571/2764 of the data.
2026-06-26 21:46:53,378 - INFO - 	loaded 1572/2764 of the data.
2026-06-26 21:46:53,422 - INFO - 	loaded 1573/2764 of the data.
2026-06-26 21:46:53,471 - INFO - 	loaded 1574/2764 of the data.
2026-06-26 21:46:53,509 - INFO - 	loaded 1575/2764 of the data.
2026-06-26 21:46:53,555 - INFO - 	loaded 1576/2764 of the data.
2026-06-26 21:46:53,602 - INFO - 	loaded 1577/2764 of the data.
2026-06-26 21:46:53,777 - INFO - 	loaded 1578/2764 of the data.
2026-06-26 21:46:53,841 - INFO - 	loaded 1579/2764 of the data.
2026-06-26 21:46:53,884 - INFO - 	loaded 1580/2764 of the data.
2026-06-26 21:46:53,926 - INFO - 	loaded 1581/2764 of the data.
2026-06-26 21:46:53,968 - INFO - 	loaded 1582/2764 of the data.
2026-06-26 21:46:54,016 - INFO - 	loaded 1583/2764 of the data.
2026-06-26 21:46:54,061 - INFO - 	loaded 1584/2764 of the data.
2026-06-26 21:46:54,106 - INFO - 	loaded 1585/2764 of the data.
2026-06-26 21:46:54,148 - INFO - 	loaded 1586/2764 of the data.
2026-06-26 21:46:54,323 - INFO - 	loaded 1587/2764 of the data.
2026-06-26 21:46:54,363 - INFO - 	loaded 1588/2764 of the data.
2026-06-26 21:46:54,401 - INFO - 	loaded 1589/2764 of the data.
2026-06-26 21:46:54,561 - INFO - 	loaded 1590/2764 of the data.
2026-06-26 21:46:54,605 - INFO - 	loaded 1591/2764 of the data.
2026-06-26 21:46:54,645 - INFO - 	loaded 1592/2764 of the data.
2026-06-26 21:46:54,682 - INFO - 	loaded 1593/2764 of the data.
2026-06-26 21:46:54,721 - INFO - 	loaded 1594/2764 of the data.
2026-06-26 21:46:54,758 - INFO - 	loaded 1595/2764 of the data.
2026-06-26 21:46:54,810 - INFO - 	loaded 1596/2764 of the data.
2026-06-26 21:46:54,860 - INFO - 	loaded 1597/2764 of the data.
2026-06-26 21:46:54,904 - INFO - 	loaded 1598/2764 of the data.
2026-06-26 21:46:54,958 - INFO - 	loaded 1599/2764 of the data.
2026-06-26 21:46:55,007 - INFO - 	loaded 1600/2764 of the data.
2026-06-26 21:46:55,164 - INFO - 	loaded 1601/2764 of the data.
2026-06-26 21:46:55,221 - INFO - 	loaded 1602/2764 of the data.
2026-06-26 21:46:55,311 - INFO - 	loaded 1603/2764 of the data.
2026-06-26 21:46:55,373 - INFO - 	loaded 1604/2764 of the data.
2026-06-26 21:46:55,421 - INFO - 	loaded 1605/2764 of the data.
2026-06-26 21:46:55,464 - INFO - 	loaded 1606/2764 of the data.
2026-06-26 21:46:55,513 - INFO - 	loaded 1607/2764 of the data.
2026-06-26 21:46:55,561 - INFO - 	loaded 1608/2764 of the data.
2026-06-26 21:46:55,609 - INFO - 	loaded 1609/2764 of the data.
2026-06-26 21:46:55,657 - INFO - 	loaded 1610/2764 of the data.
2026-06-26 21:46:55,717 - INFO - 	loaded 1611/2764 of the data.
2026-06-26 21:46:55,944 - INFO - 	loaded 1612/2764 of the data.
2026-06-26 21:46:56,006 - INFO - 	loaded 1613/2764 of the data.
2026-06-26 21:46:56,063 - INFO - 	loaded 1614/2764 of the data.
2026-06-26 21:46:56,112 - INFO - 	loaded 1615/2764 of the data.
2026-06-26 21:46:56,161 - INFO - 	loaded 1616/2764 of the data.
2026-06-26 21:46:56,238 - INFO - 	loaded 1617/2764 of the data.
2026-06-26 21:46:56,385 - INFO - 	loaded 1618/2764 of the data.
2026-06-26 21:46:56,550 - INFO - 	loaded 1619/2764 of the data.
2026-06-26 21:46:56,603 - INFO - 	loaded 1620/2764 of the data.
2026-06-26 21:46:56,653 - INFO - 	loaded 1621/2764 of the data.
2026-06-26 21:46:56,693 - INFO - 	loaded 1622/2764 of the data.
2026-06-26 21:46:56,735 - INFO - 	loaded 1623/2764 of the data.
2026-06-26 21:46:56,777 - INFO - 	loaded 1624/2764 of the data.
2026-06-26 21:46:56,823 - INFO - 	loaded 1625/2764 of the data.
2026-06-26 21:46:56,873 - INFO - 	loaded 1626/2764 of the data.
2026-06-26 21:46:56,915 - INFO - 	loaded 1627/2764 of the data.
2026-06-26 21:46:56,954 - INFO - 	loaded 1628/2764 of the data.
2026-06-26 21:46:57,121 - INFO - 	loaded 1629/2764 of the data.
2026-06-26 21:46:57,157 - INFO - 	loaded 1630/2764 of the data.
2026-06-26 21:46:57,203 - INFO - 	loaded 1631/2764 of the data.
2026-06-26 21:46:57,383 - INFO - 	loaded 1632/2764 of the data.
2026-06-26 21:46:57,423 - INFO - 	loaded 1633/2764 of the data.
2026-06-26 21:46:57,631 - INFO - 	loaded 1634/2764 of the data.
2026-06-26 21:46:57,686 - INFO - 	loaded 1635/2764 of the data.
2026-06-26 21:46:57,723 - INFO - 	loaded 1636/2764 of the data.
2026-06-26 21:46:57,772 - INFO - 	loaded 1637/2764 of the data.
2026-06-26 21:46:57,914 - INFO - 	loaded 1638/2764 of the data.
2026-06-26 21:46:57,952 - INFO - 	loaded 1639/2764 of the data.
2026-06-26 21:46:58,106 - INFO - 	loaded 1640/2764 of the data.
2026-06-26 21:46:58,150 - INFO - 	loaded 1641/2764 of the data.
2026-06-26 21:46:58,397 - INFO - 	loaded 1642/2764 of the data.
2026-06-26 21:46:58,562 - INFO - 	loaded 1643/2764 of the data.
2026-06-26 21:46:58,604 - INFO - 	loaded 1644/2764 of the data.
2026-06-26 21:46:58,652 - INFO - 	loaded 1645/2764 of the data.
2026-06-26 21:46:58,705 - INFO - 	loaded 1646/2764 of the data.
2026-06-26 21:46:58,751 - INFO - 	loaded 1647/2764 of the data.
2026-06-26 21:46:58,904 - INFO - 	loaded 1648/2764 of the data.
2026-06-26 21:46:59,079 - INFO - 	loaded 1649/2764 of the data.
2026-06-26 21:46:59,278 - INFO - 	loaded 1650/2764 of the data.
2026-06-26 21:46:59,351 - INFO - 	loaded 1651/2764 of the data.
2026-06-26 21:46:59,420 - INFO - 	loaded 1652/2764 of the data.
2026-06-26 21:46:59,459 - INFO - 	loaded 1653/2764 of the data.
2026-06-26 21:46:59,495 - INFO - 	loaded 1654/2764 of the data.
2026-06-26 21:46:59,532 - INFO - 	loaded 1655/2764 of the data.
2026-06-26 21:46:59,566 - INFO - 	loaded 1656/2764 of the data.
2026-06-26 21:46:59,600 - INFO - 	loaded 1657/2764 of the data.
2026-06-26 21:46:59,634 - INFO - 	loaded 1658/2764 of the data.
2026-06-26 21:46:59,668 - INFO - 	loaded 1659/2764 of the data.
2026-06-26 21:46:59,707 - INFO - 	loaded 1660/2764 of the data.
2026-06-26 21:46:59,858 - INFO - 	loaded 1661/2764 of the data.
2026-06-26 21:46:59,903 - INFO - 	loaded 1662/2764 of the data.
2026-06-26 21:46:59,954 - INFO - 	loaded 1663/2764 of the data.
2026-06-26 21:47:00,007 - INFO - 	loaded 1664/2764 of the data.
2026-06-26 21:47:00,079 - INFO - 	loaded 1665/2764 of the data.
2026-06-26 21:47:00,117 - INFO - 	loaded 1666/2764 of the data.
2026-06-26 21:47:00,159 - INFO - 	loaded 1667/2764 of the data.
2026-06-26 21:47:00,217 - INFO - 	loaded 1668/2764 of the data.
2026-06-26 21:47:00,266 - INFO - 	loaded 1669/2764 of the data.
2026-06-26 21:47:00,315 - INFO - 	loaded 1670/2764 of the data.
2026-06-26 21:47:00,461 - INFO - 	loaded 1671/2764 of the data.
2026-06-26 21:47:00,508 - INFO - 	loaded 1672/2764 of the data.
2026-06-26 21:47:00,553 - INFO - 	loaded 1673/2764 of the data.
2026-06-26 21:47:00,617 - INFO - 	loaded 1674/2764 of the data.
2026-06-26 21:47:00,660 - INFO - 	loaded 1675/2764 of the data.
2026-06-26 21:47:00,708 - INFO - 	loaded 1676/2764 of the data.
2026-06-26 21:47:00,755 - INFO - 	loaded 1677/2764 of the data.
2026-06-26 21:47:00,797 - INFO - 	loaded 1678/2764 of the data.
2026-06-26 21:47:00,839 - INFO - 	loaded 1679/2764 of the data.
2026-06-26 21:47:00,881 - INFO - 	loaded 1680/2764 of the data.
2026-06-26 21:47:00,927 - INFO - 	loaded 1681/2764 of the data.
2026-06-26 21:47:00,965 - INFO - 	loaded 1682/2764 of the data.
2026-06-26 21:47:01,000 - INFO - 	loaded 1683/2764 of the data.
2026-06-26 21:47:01,196 - INFO - 	loaded 1684/2764 of the data.
2026-06-26 21:47:01,263 - INFO - 	loaded 1685/2764 of the data.
2026-06-26 21:47:01,314 - INFO - 	loaded 1686/2764 of the data.
2026-06-26 21:47:01,358 - INFO - 	loaded 1687/2764 of the data.
2026-06-26 21:47:01,410 - INFO - 	loaded 1688/2764 of the data.
2026-06-26 21:47:01,591 - INFO - 	loaded 1689/2764 of the data.
2026-06-26 21:47:01,646 - INFO - 	loaded 1690/2764 of the data.
2026-06-26 21:47:01,692 - INFO - 	loaded 1691/2764 of the data.
2026-06-26 21:47:01,730 - INFO - 	loaded 1692/2764 of the data.
2026-06-26 21:47:01,772 - INFO - 	loaded 1693/2764 of the data.
2026-06-26 21:47:01,814 - INFO - 	loaded 1694/2764 of the data.
2026-06-26 21:47:01,868 - INFO - 	loaded 1695/2764 of the data.
2026-06-26 21:47:01,919 - INFO - 	loaded 1696/2764 of the data.
2026-06-26 21:47:01,959 - INFO - 	loaded 1697/2764 of the data.
2026-06-26 21:47:01,996 - INFO - 	loaded 1698/2764 of the data.
2026-06-26 21:47:02,054 - INFO - 	loaded 1699/2764 of the data.
2026-06-26 21:47:02,109 - INFO - 	loaded 1700/2764 of the data.
2026-06-26 21:47:02,155 - INFO - 	loaded 1701/2764 of the data.
2026-06-26 21:47:02,314 - INFO - 	loaded 1702/2764 of the data.
2026-06-26 21:47:02,377 - INFO - 	loaded 1703/2764 of the data.
2026-06-26 21:47:02,417 - INFO - 	loaded 1704/2764 of the data.
2026-06-26 21:47:02,465 - INFO - 	loaded 1705/2764 of the data.
2026-06-26 21:47:02,519 - INFO - 	loaded 1706/2764 of the data.
2026-06-26 21:47:02,575 - INFO - 	loaded 1707/2764 of the data.
2026-06-26 21:47:02,615 - INFO - 	loaded 1708/2764 of the data.
2026-06-26 21:47:02,650 - INFO - 	loaded 1709/2764 of the data.
2026-06-26 21:47:02,811 - INFO - 	loaded 1710/2764 of the data.
2026-06-26 21:47:02,852 - INFO - 	loaded 1711/2764 of the data.
2026-06-26 21:47:02,897 - INFO - 	loaded 1712/2764 of the data.
2026-06-26 21:47:02,937 - INFO - 	loaded 1713/2764 of the data.
2026-06-26 21:47:03,104 - INFO - 	loaded 1714/2764 of the data.
2026-06-26 21:47:03,146 - INFO - 	loaded 1715/2764 of the data.
2026-06-26 21:47:03,305 - INFO - 	loaded 1716/2764 of the data.
2026-06-26 21:47:03,369 - INFO - 	loaded 1717/2764 of the data.
2026-06-26 21:47:03,430 - INFO - 	loaded 1718/2764 of the data.
2026-06-26 21:47:03,476 - INFO - 	loaded 1719/2764 of the data.
2026-06-26 21:47:03,519 - INFO - 	loaded 1720/2764 of the data.
2026-06-26 21:47:03,562 - INFO - 	loaded 1721/2764 of the data.
2026-06-26 21:47:03,599 - INFO - 	loaded 1722/2764 of the data.
2026-06-26 21:47:03,634 - INFO - 	loaded 1723/2764 of the data.
2026-06-26 21:47:03,668 - INFO - 	loaded 1724/2764 of the data.
2026-06-26 21:47:03,703 - INFO - 	loaded 1725/2764 of the data.
2026-06-26 21:47:03,738 - INFO - 	loaded 1726/2764 of the data.
2026-06-26 21:47:03,776 - INFO - 	loaded 1727/2764 of the data.
2026-06-26 21:47:03,824 - INFO - 	loaded 1728/2764 of the data.
2026-06-26 21:47:03,975 - INFO - 	loaded 1729/2764 of the data.
2026-06-26 21:47:04,023 - INFO - 	loaded 1730/2764 of the data.
2026-06-26 21:47:04,068 - INFO - 	loaded 1731/2764 of the data.
2026-06-26 21:47:04,113 - INFO - 	loaded 1732/2764 of the data.
2026-06-26 21:47:04,158 - INFO - 	loaded 1733/2764 of the data.
2026-06-26 21:47:04,211 - INFO - 	loaded 1734/2764 of the data.
2026-06-26 21:47:04,248 - INFO - 	loaded 1735/2764 of the data.
2026-06-26 21:47:04,285 - INFO - 	loaded 1736/2764 of the data.
2026-06-26 21:47:04,325 - INFO - 	loaded 1737/2764 of the data.
2026-06-26 21:47:04,366 - INFO - 	loaded 1738/2764 of the data.
2026-06-26 21:47:04,428 - INFO - 	loaded 1739/2764 of the data.
2026-06-26 21:47:04,477 - INFO - 	loaded 1740/2764 of the data.
2026-06-26 21:47:04,513 - INFO - 	loaded 1741/2764 of the data.
2026-06-26 21:47:04,551 - INFO - 	loaded 1742/2764 of the data.
2026-06-26 21:47:04,597 - INFO - 	loaded 1743/2764 of the data.
2026-06-26 21:47:04,661 - INFO - 	loaded 1744/2764 of the data.
2026-06-26 21:47:04,716 - INFO - 	loaded 1745/2764 of the data.
2026-06-26 21:47:04,758 - INFO - 	loaded 1746/2764 of the data.
2026-06-26 21:47:04,804 - INFO - 	loaded 1747/2764 of the data.
2026-06-26 21:47:04,844 - INFO - 	loaded 1748/2764 of the data.
2026-06-26 21:47:04,880 - INFO - 	loaded 1749/2764 of the data.
2026-06-26 21:47:05,030 - INFO - 	loaded 1750/2764 of the data.
2026-06-26 21:47:05,073 - INFO - 	loaded 1751/2764 of the data.
2026-06-26 21:47:05,120 - INFO - 	loaded 1752/2764 of the data.
2026-06-26 21:47:05,161 - INFO - 	loaded 1753/2764 of the data.
2026-06-26 21:47:05,199 - INFO - 	loaded 1754/2764 of the data.
2026-06-26 21:47:05,236 - INFO - 	loaded 1755/2764 of the data.
2026-06-26 21:47:05,277 - INFO - 	loaded 1756/2764 of the data.
2026-06-26 21:47:05,456 - INFO - 	loaded 1757/2764 of the data.
2026-06-26 21:47:05,499 - INFO - 	loaded 1758/2764 of the data.
2026-06-26 21:47:05,538 - INFO - 	loaded 1759/2764 of the data.
2026-06-26 21:47:05,577 - INFO - 	loaded 1760/2764 of the data.
2026-06-26 21:47:05,622 - INFO - 	loaded 1761/2764 of the data.
2026-06-26 21:47:05,668 - INFO - 	loaded 1762/2764 of the data.
2026-06-26 21:47:05,714 - INFO - 	loaded 1763/2764 of the data.
2026-06-26 21:47:05,758 - INFO - 	loaded 1764/2764 of the data.
2026-06-26 21:47:05,798 - INFO - 	loaded 1765/2764 of the data.
2026-06-26 21:47:05,845 - INFO - 	loaded 1766/2764 of the data.
2026-06-26 21:47:05,886 - INFO - 	loaded 1767/2764 of the data.
2026-06-26 21:47:05,929 - INFO - 	loaded 1768/2764 of the data.
2026-06-26 21:47:05,970 - INFO - 	loaded 1769/2764 of the data.
2026-06-26 21:47:06,006 - INFO - 	loaded 1770/2764 of the data.
2026-06-26 21:47:06,044 - INFO - 	loaded 1771/2764 of the data.
2026-06-26 21:47:06,082 - INFO - 	loaded 1772/2764 of the data.
2026-06-26 21:47:06,125 - INFO - 	loaded 1773/2764 of the data.
2026-06-26 21:47:06,170 - INFO - 	loaded 1774/2764 of the data.
2026-06-26 21:47:06,214 - INFO - 	loaded 1775/2764 of the data.
2026-06-26 21:47:06,251 - INFO - 	loaded 1776/2764 of the data.
2026-06-26 21:47:06,299 - INFO - 	loaded 1777/2764 of the data.
2026-06-26 21:47:06,357 - INFO - 	loaded 1778/2764 of the data.
2026-06-26 21:47:06,419 - INFO - 	loaded 1779/2764 of the data.
2026-06-26 21:47:06,461 - INFO - 	loaded 1780/2764 of the data.
2026-06-26 21:47:06,500 - INFO - 	loaded 1781/2764 of the data.
2026-06-26 21:47:06,547 - INFO - 	loaded 1782/2764 of the data.
2026-06-26 21:47:06,583 - INFO - 	loaded 1783/2764 of the data.
2026-06-26 21:47:06,641 - INFO - 	loaded 1784/2764 of the data.
2026-06-26 21:47:06,690 - INFO - 	loaded 1785/2764 of the data.
2026-06-26 21:47:06,735 - INFO - 	loaded 1786/2764 of the data.
2026-06-26 21:47:06,773 - INFO - 	loaded 1787/2764 of the data.
2026-06-26 21:47:06,814 - INFO - 	loaded 1788/2764 of the data.
2026-06-26 21:47:06,867 - INFO - 	loaded 1789/2764 of the data.
2026-06-26 21:47:06,905 - INFO - 	loaded 1790/2764 of the data.
2026-06-26 21:47:06,950 - INFO - 	loaded 1791/2764 of the data.
2026-06-26 21:47:06,996 - INFO - 	loaded 1792/2764 of the data.
2026-06-26 21:47:07,036 - INFO - 	loaded 1793/2764 of the data.
2026-06-26 21:47:07,079 - INFO - 	loaded 1794/2764 of the data.
2026-06-26 21:47:07,120 - INFO - 	loaded 1795/2764 of the data.
2026-06-26 21:47:07,169 - INFO - 	loaded 1796/2764 of the data.
2026-06-26 21:47:07,213 - INFO - 	loaded 1797/2764 of the data.
2026-06-26 21:47:07,258 - INFO - 	loaded 1798/2764 of the data.
2026-06-26 21:47:07,306 - INFO - 	loaded 1799/2764 of the data.
2026-06-26 21:47:07,341 - INFO - 	loaded 1800/2764 of the data.
2026-06-26 21:47:07,560 - INFO - 	loaded 1801/2764 of the data.
2026-06-26 21:47:07,734 - INFO - 	loaded 1802/2764 of the data.
2026-06-26 21:47:07,888 - INFO - 	loaded 1803/2764 of the data.
2026-06-26 21:47:07,938 - INFO - 	loaded 1804/2764 of the data.
2026-06-26 21:47:07,982 - INFO - 	loaded 1805/2764 of the data.
2026-06-26 21:47:08,023 - INFO - 	loaded 1806/2764 of the data.
2026-06-26 21:47:08,179 - INFO - 	loaded 1807/2764 of the data.
2026-06-26 21:47:08,217 - INFO - 	loaded 1808/2764 of the data.
2026-06-26 21:47:08,258 - INFO - 	loaded 1809/2764 of the data.
2026-06-26 21:47:08,296 - INFO - 	loaded 1810/2764 of the data.
2026-06-26 21:47:08,340 - INFO - 	loaded 1811/2764 of the data.
2026-06-26 21:47:08,404 - INFO - 	loaded 1812/2764 of the data.
2026-06-26 21:47:08,491 - INFO - 	loaded 1813/2764 of the data.
2026-06-26 21:47:08,695 - INFO - 	loaded 1814/2764 of the data.
2026-06-26 21:47:08,743 - INFO - 	loaded 1815/2764 of the data.
2026-06-26 21:47:08,790 - INFO - 	loaded 1816/2764 of the data.
2026-06-26 21:47:08,841 - INFO - 	loaded 1817/2764 of the data.
2026-06-26 21:47:08,896 - INFO - 	loaded 1818/2764 of the data.
2026-06-26 21:47:08,944 - INFO - 	loaded 1819/2764 of the data.
2026-06-26 21:47:09,112 - INFO - 	loaded 1820/2764 of the data.
2026-06-26 21:47:09,157 - INFO - 	loaded 1821/2764 of the data.
2026-06-26 21:47:09,203 - INFO - 	loaded 1822/2764 of the data.
2026-06-26 21:47:09,243 - INFO - 	loaded 1823/2764 of the data.
2026-06-26 21:47:09,388 - INFO - 	loaded 1824/2764 of the data.
2026-06-26 21:47:09,446 - INFO - 	loaded 1825/2764 of the data.
2026-06-26 21:47:09,505 - INFO - 	loaded 1826/2764 of the data.
2026-06-26 21:47:09,546 - INFO - 	loaded 1827/2764 of the data.
2026-06-26 21:47:09,734 - INFO - 	loaded 1828/2764 of the data.
2026-06-26 21:47:09,921 - INFO - 	loaded 1829/2764 of the data.
2026-06-26 21:47:09,978 - INFO - 	loaded 1830/2764 of the data.
2026-06-26 21:47:10,016 - INFO - 	loaded 1831/2764 of the data.
2026-06-26 21:47:10,059 - INFO - 	loaded 1832/2764 of the data.
2026-06-26 21:47:10,097 - INFO - 	loaded 1833/2764 of the data.
2026-06-26 21:47:10,133 - INFO - 	loaded 1834/2764 of the data.
2026-06-26 21:47:10,171 - INFO - 	loaded 1835/2764 of the data.
2026-06-26 21:47:10,207 - INFO - 	loaded 1836/2764 of the data.
2026-06-26 21:47:10,245 - INFO - 	loaded 1837/2764 of the data.
2026-06-26 21:47:10,283 - INFO - 	loaded 1838/2764 of the data.
2026-06-26 21:47:10,320 - INFO - 	loaded 1839/2764 of the data.
2026-06-26 21:47:10,517 - INFO - 	loaded 1840/2764 of the data.
2026-06-26 21:47:10,574 - INFO - 	loaded 1841/2764 of the data.
2026-06-26 21:47:10,613 - INFO - 	loaded 1842/2764 of the data.
2026-06-26 21:47:10,647 - INFO - 	loaded 1843/2764 of the data.
2026-06-26 21:47:10,691 - INFO - 	loaded 1844/2764 of the data.
2026-06-26 21:47:10,730 - INFO - 	loaded 1845/2764 of the data.
2026-06-26 21:47:10,768 - INFO - 	loaded 1846/2764 of the data.
2026-06-26 21:47:10,976 - INFO - 	loaded 1847/2764 of the data.
2026-06-26 21:47:11,171 - INFO - 	loaded 1848/2764 of the data.
2026-06-26 21:47:11,229 - INFO - 	loaded 1849/2764 of the data.
2026-06-26 21:47:11,329 - INFO - 	loaded 1850/2764 of the data.
2026-06-26 21:47:11,403 - INFO - 	loaded 1851/2764 of the data.
2026-06-26 21:47:11,496 - INFO - 	loaded 1852/2764 of the data.
2026-06-26 21:47:11,661 - INFO - 	loaded 1853/2764 of the data.
2026-06-26 21:47:11,700 - INFO - 	loaded 1854/2764 of the data.
2026-06-26 21:47:11,745 - INFO - 	loaded 1855/2764 of the data.
2026-06-26 21:47:11,792 - INFO - 	loaded 1856/2764 of the data.
2026-06-26 21:47:11,831 - INFO - 	loaded 1857/2764 of the data.
2026-06-26 21:47:11,866 - INFO - 	loaded 1858/2764 of the data.
2026-06-26 21:47:11,905 - INFO - 	loaded 1859/2764 of the data.
2026-06-26 21:47:11,944 - INFO - 	loaded 1860/2764 of the data.
2026-06-26 21:47:11,980 - INFO - 	loaded 1861/2764 of the data.
2026-06-26 21:47:12,014 - INFO - 	loaded 1862/2764 of the data.
2026-06-26 21:47:12,051 - INFO - 	loaded 1863/2764 of the data.
2026-06-26 21:47:12,084 - INFO - 	loaded 1864/2764 of the data.
2026-06-26 21:47:12,125 - INFO - 	loaded 1865/2764 of the data.
2026-06-26 21:47:12,166 - INFO - 	loaded 1866/2764 of the data.
2026-06-26 21:47:12,208 - INFO - 	loaded 1867/2764 of the data.
2026-06-26 21:47:12,388 - INFO - 	loaded 1868/2764 of the data.
2026-06-26 21:47:12,438 - INFO - 	loaded 1869/2764 of the data.
2026-06-26 21:47:12,483 - INFO - 	loaded 1870/2764 of the data.
2026-06-26 21:47:12,525 - INFO - 	loaded 1871/2764 of the data.
2026-06-26 21:47:12,564 - INFO - 	loaded 1872/2764 of the data.
2026-06-26 21:47:12,608 - INFO - 	loaded 1873/2764 of the data.
2026-06-26 21:47:12,651 - INFO - 	loaded 1874/2764 of the data.
2026-06-26 21:47:12,699 - INFO - 	loaded 1875/2764 of the data.
2026-06-26 21:47:12,737 - INFO - 	loaded 1876/2764 of the data.
2026-06-26 21:47:12,917 - INFO - 	loaded 1877/2764 of the data.
2026-06-26 21:47:12,957 - INFO - 	loaded 1878/2764 of the data.
2026-06-26 21:47:12,997 - INFO - 	loaded 1879/2764 of the data.
2026-06-26 21:47:13,034 - INFO - 	loaded 1880/2764 of the data.
2026-06-26 21:47:13,070 - INFO - 	loaded 1881/2764 of the data.
2026-06-26 21:47:13,109 - INFO - 	loaded 1882/2764 of the data.
2026-06-26 21:47:13,148 - INFO - 	loaded 1883/2764 of the data.
2026-06-26 21:47:13,187 - INFO - 	loaded 1884/2764 of the data.
2026-06-26 21:47:13,366 - INFO - 	loaded 1885/2764 of the data.
2026-06-26 21:47:13,426 - INFO - 	loaded 1886/2764 of the data.
2026-06-26 21:47:13,596 - INFO - 	loaded 1887/2764 of the data.
2026-06-26 21:47:13,651 - INFO - 	loaded 1888/2764 of the data.
2026-06-26 21:47:13,699 - INFO - 	loaded 1889/2764 of the data.
2026-06-26 21:47:13,744 - INFO - 	loaded 1890/2764 of the data.
2026-06-26 21:47:13,790 - INFO - 	loaded 1891/2764 of the data.
2026-06-26 21:47:13,846 - INFO - 	loaded 1892/2764 of the data.
2026-06-26 21:47:13,894 - INFO - 	loaded 1893/2764 of the data.
2026-06-26 21:47:14,034 - INFO - 	loaded 1894/2764 of the data.
2026-06-26 21:47:14,197 - INFO - 	loaded 1895/2764 of the data.
2026-06-26 21:47:14,237 - INFO - 	loaded 1896/2764 of the data.
2026-06-26 21:47:14,275 - INFO - 	loaded 1897/2764 of the data.
2026-06-26 21:47:14,321 - INFO - 	loaded 1898/2764 of the data.
2026-06-26 21:47:14,381 - INFO - 	loaded 1899/2764 of the data.
2026-06-26 21:47:14,446 - INFO - 	loaded 1900/2764 of the data.
2026-06-26 21:47:14,504 - INFO - 	loaded 1901/2764 of the data.
2026-06-26 21:47:14,541 - INFO - 	loaded 1902/2764 of the data.
2026-06-26 21:47:14,730 - INFO - 	loaded 1903/2764 of the data.
2026-06-26 21:47:14,797 - INFO - 	loaded 1904/2764 of the data.
2026-06-26 21:47:14,838 - INFO - 	loaded 1905/2764 of the data.
2026-06-26 21:47:14,876 - INFO - 	loaded 1906/2764 of the data.
2026-06-26 21:47:14,937 - INFO - 	loaded 1907/2764 of the data.
2026-06-26 21:47:15,101 - INFO - 	loaded 1908/2764 of the data.
2026-06-26 21:47:15,256 - INFO - 	loaded 1909/2764 of the data.
2026-06-26 21:47:15,300 - INFO - 	loaded 1910/2764 of the data.
2026-06-26 21:47:15,445 - INFO - 	loaded 1911/2764 of the data.
2026-06-26 21:47:15,518 - INFO - 	loaded 1912/2764 of the data.
2026-06-26 21:47:15,571 - INFO - 	loaded 1913/2764 of the data.
2026-06-26 21:47:15,610 - INFO - 	loaded 1914/2764 of the data.
2026-06-26 21:47:15,646 - INFO - 	loaded 1915/2764 of the data.
2026-06-26 21:47:15,694 - INFO - 	loaded 1916/2764 of the data.
2026-06-26 21:47:15,740 - INFO - 	loaded 1917/2764 of the data.
2026-06-26 21:47:15,779 - INFO - 	loaded 1918/2764 of the data.
2026-06-26 21:47:15,819 - INFO - 	loaded 1919/2764 of the data.
2026-06-26 21:47:15,856 - INFO - 	loaded 1920/2764 of the data.
2026-06-26 21:47:15,898 - INFO - 	loaded 1921/2764 of the data.
2026-06-26 21:47:15,943 - INFO - 	loaded 1922/2764 of the data.
2026-06-26 21:47:15,982 - INFO - 	loaded 1923/2764 of the data.
2026-06-26 21:47:16,142 - INFO - 	loaded 1924/2764 of the data.
2026-06-26 21:47:16,301 - INFO - 	loaded 1925/2764 of the data.
2026-06-26 21:47:16,347 - INFO - 	loaded 1926/2764 of the data.
2026-06-26 21:47:16,389 - INFO - 	loaded 1927/2764 of the data.
2026-06-26 21:47:16,538 - INFO - 	loaded 1928/2764 of the data.
2026-06-26 21:47:16,582 - INFO - 	loaded 1929/2764 of the data.
2026-06-26 21:47:16,622 - INFO - 	loaded 1930/2764 of the data.
2026-06-26 21:47:16,663 - INFO - 	loaded 1931/2764 of the data.
2026-06-26 21:47:16,707 - INFO - 	loaded 1932/2764 of the data.
2026-06-26 21:47:16,746 - INFO - 	loaded 1933/2764 of the data.
2026-06-26 21:47:16,800 - INFO - 	loaded 1934/2764 of the data.
2026-06-26 21:47:16,858 - INFO - 	loaded 1935/2764 of the data.
2026-06-26 21:47:16,901 - INFO - 	loaded 1936/2764 of the data.
2026-06-26 21:47:16,939 - INFO - 	loaded 1937/2764 of the data.
2026-06-26 21:47:16,984 - INFO - 	loaded 1938/2764 of the data.
2026-06-26 21:47:17,025 - INFO - 	loaded 1939/2764 of the data.
2026-06-26 21:47:17,069 - INFO - 	loaded 1940/2764 of the data.
2026-06-26 21:47:17,239 - INFO - 	loaded 1941/2764 of the data.
2026-06-26 21:47:17,280 - INFO - 	loaded 1942/2764 of the data.
2026-06-26 21:47:17,322 - INFO - 	loaded 1943/2764 of the data.
2026-06-26 21:47:17,371 - INFO - 	loaded 1944/2764 of the data.
2026-06-26 21:47:17,411 - INFO - 	loaded 1945/2764 of the data.
2026-06-26 21:47:17,451 - INFO - 	loaded 1946/2764 of the data.
2026-06-26 21:47:17,499 - INFO - 	loaded 1947/2764 of the data.
2026-06-26 21:47:17,548 - INFO - 	loaded 1948/2764 of the data.
2026-06-26 21:47:17,747 - INFO - 	loaded 1949/2764 of the data.
2026-06-26 21:47:17,791 - INFO - 	loaded 1950/2764 of the data.
2026-06-26 21:47:17,833 - INFO - 	loaded 1951/2764 of the data.
2026-06-26 21:47:17,873 - INFO - 	loaded 1952/2764 of the data.
2026-06-26 21:47:17,915 - INFO - 	loaded 1953/2764 of the data.
2026-06-26 21:47:17,963 - INFO - 	loaded 1954/2764 of the data.
2026-06-26 21:47:18,008 - INFO - 	loaded 1955/2764 of the data.
2026-06-26 21:47:18,046 - INFO - 	loaded 1956/2764 of the data.
2026-06-26 21:47:18,082 - INFO - 	loaded 1957/2764 of the data.
2026-06-26 21:47:18,119 - INFO - 	loaded 1958/2764 of the data.
2026-06-26 21:47:18,158 - INFO - 	loaded 1959/2764 of the data.
2026-06-26 21:47:18,205 - INFO - 	loaded 1960/2764 of the data.
2026-06-26 21:47:18,241 - INFO - 	loaded 1961/2764 of the data.
2026-06-26 21:47:18,280 - INFO - 	loaded 1962/2764 of the data.
2026-06-26 21:47:18,453 - INFO - 	loaded 1963/2764 of the data.
2026-06-26 21:47:18,501 - INFO - 	loaded 1964/2764 of the data.
2026-06-26 21:47:18,550 - INFO - 	loaded 1965/2764 of the data.
2026-06-26 21:47:18,590 - INFO - 	loaded 1966/2764 of the data.
2026-06-26 21:47:18,757 - INFO - 	loaded 1967/2764 of the data.
2026-06-26 21:47:18,799 - INFO - 	loaded 1968/2764 of the data.
2026-06-26 21:47:18,844 - INFO - 	loaded 1969/2764 of the data.
2026-06-26 21:47:18,889 - INFO - 	loaded 1970/2764 of the data.
2026-06-26 21:47:18,934 - INFO - 	loaded 1971/2764 of the data.
2026-06-26 21:47:18,982 - INFO - 	loaded 1972/2764 of the data.
2026-06-26 21:47:19,029 - INFO - 	loaded 1973/2764 of the data.
2026-06-26 21:47:19,071 - INFO - 	loaded 1974/2764 of the data.
2026-06-26 21:47:19,107 - INFO - 	loaded 1975/2764 of the data.
2026-06-26 21:47:19,147 - INFO - 	loaded 1976/2764 of the data.
2026-06-26 21:47:19,189 - INFO - 	loaded 1977/2764 of the data.
2026-06-26 21:47:19,399 - INFO - 	loaded 1978/2764 of the data.
2026-06-26 21:47:19,442 - INFO - 	loaded 1979/2764 of the data.
2026-06-26 21:47:19,487 - INFO - 	loaded 1980/2764 of the data.
2026-06-26 21:47:19,667 - INFO - 	loaded 1981/2764 of the data.
2026-06-26 21:47:19,729 - INFO - 	loaded 1982/2764 of the data.
2026-06-26 21:47:19,792 - INFO - 	loaded 1983/2764 of the data.
2026-06-26 21:47:19,840 - INFO - 	loaded 1984/2764 of the data.
2026-06-26 21:47:19,883 - INFO - 	loaded 1985/2764 of the data.
2026-06-26 21:47:19,925 - INFO - 	loaded 1986/2764 of the data.
2026-06-26 21:47:19,966 - INFO - 	loaded 1987/2764 of the data.
2026-06-26 21:47:20,150 - INFO - 	loaded 1988/2764 of the data.
2026-06-26 21:47:20,212 - INFO - 	loaded 1989/2764 of the data.
2026-06-26 21:47:20,256 - INFO - 	loaded 1990/2764 of the data.
2026-06-26 21:47:20,450 - INFO - 	loaded 1991/2764 of the data.
2026-06-26 21:47:20,493 - INFO - 	loaded 1992/2764 of the data.
2026-06-26 21:47:20,532 - INFO - 	loaded 1993/2764 of the data.
2026-06-26 21:47:20,567 - INFO - 	loaded 1994/2764 of the data.
2026-06-26 21:47:20,601 - INFO - 	loaded 1995/2764 of the data.
2026-06-26 21:47:20,758 - INFO - 	loaded 1996/2764 of the data.
2026-06-26 21:47:20,795 - INFO - 	loaded 1997/2764 of the data.
2026-06-26 21:47:20,957 - INFO - 	loaded 1998/2764 of the data.
2026-06-26 21:47:21,003 - INFO - 	loaded 1999/2764 of the data.
2026-06-26 21:47:21,043 - INFO - 	loaded 2000/2764 of the data.
2026-06-26 21:47:21,081 - INFO - 	loaded 2001/2764 of the data.
2026-06-26 21:47:21,119 - INFO - 	loaded 2002/2764 of the data.
2026-06-26 21:47:21,163 - INFO - 	loaded 2003/2764 of the data.
2026-06-26 21:47:21,325 - INFO - 	loaded 2004/2764 of the data.
2026-06-26 21:47:21,367 - INFO - 	loaded 2005/2764 of the data.
2026-06-26 21:47:21,403 - INFO - 	loaded 2006/2764 of the data.
2026-06-26 21:47:21,441 - INFO - 	loaded 2007/2764 of the data.
2026-06-26 21:47:21,479 - INFO - 	loaded 2008/2764 of the data.
2026-06-26 21:47:21,522 - INFO - 	loaded 2009/2764 of the data.
2026-06-26 21:47:21,580 - INFO - 	loaded 2010/2764 of the data.
2026-06-26 21:47:21,626 - INFO - 	loaded 2011/2764 of the data.
2026-06-26 21:47:21,671 - INFO - 	loaded 2012/2764 of the data.
2026-06-26 21:47:21,713 - INFO - 	loaded 2013/2764 of the data.
2026-06-26 21:47:21,751 - INFO - 	loaded 2014/2764 of the data.
2026-06-26 21:47:21,795 - INFO - 	loaded 2015/2764 of the data.
2026-06-26 21:47:21,865 - INFO - 	loaded 2016/2764 of the data.
2026-06-26 21:47:21,906 - INFO - 	loaded 2017/2764 of the data.
2026-06-26 21:47:21,944 - INFO - 	loaded 2018/2764 of the data.
2026-06-26 21:47:21,983 - INFO - 	loaded 2019/2764 of the data.
2026-06-26 21:47:22,024 - INFO - 	loaded 2020/2764 of the data.
2026-06-26 21:47:22,063 - INFO - 	loaded 2021/2764 of the data.
2026-06-26 21:47:22,131 - INFO - 	loaded 2022/2764 of the data.
2026-06-26 21:47:22,176 - INFO - 	loaded 2023/2764 of the data.
2026-06-26 21:47:22,212 - INFO - 	loaded 2024/2764 of the data.
2026-06-26 21:47:22,249 - INFO - 	loaded 2025/2764 of the data.
2026-06-26 21:47:22,422 - INFO - 	loaded 2026/2764 of the data.
2026-06-26 21:47:22,463 - INFO - 	loaded 2027/2764 of the data.
2026-06-26 21:47:22,518 - INFO - 	loaded 2028/2764 of the data.
2026-06-26 21:47:22,598 - INFO - 	loaded 2029/2764 of the data.
2026-06-26 21:47:22,660 - INFO - 	loaded 2030/2764 of the data.
2026-06-26 21:47:22,702 - INFO - 	loaded 2031/2764 of the data.
2026-06-26 21:47:22,749 - INFO - 	loaded 2032/2764 of the data.
2026-06-26 21:47:22,951 - INFO - 	loaded 2033/2764 of the data.
2026-06-26 21:47:22,998 - INFO - 	loaded 2034/2764 of the data.
2026-06-26 21:47:23,039 - INFO - 	loaded 2035/2764 of the data.
2026-06-26 21:47:23,086 - INFO - 	loaded 2036/2764 of the data.
2026-06-26 21:47:23,146 - INFO - 	loaded 2037/2764 of the data.
2026-06-26 21:47:23,328 - INFO - 	loaded 2038/2764 of the data.
2026-06-26 21:47:23,387 - INFO - 	loaded 2039/2764 of the data.
2026-06-26 21:47:23,453 - INFO - 	loaded 2040/2764 of the data.
2026-06-26 21:47:23,507 - INFO - 	loaded 2041/2764 of the data.
2026-06-26 21:47:23,550 - INFO - 	loaded 2042/2764 of the data.
2026-06-26 21:47:23,625 - INFO - 	loaded 2043/2764 of the data.
2026-06-26 21:47:23,681 - INFO - 	loaded 2044/2764 of the data.
2026-06-26 21:47:23,829 - INFO - 	loaded 2045/2764 of the data.
2026-06-26 21:47:23,869 - INFO - 	loaded 2046/2764 of the data.
2026-06-26 21:47:24,022 - INFO - 	loaded 2047/2764 of the data.
2026-06-26 21:47:24,066 - INFO - 	loaded 2048/2764 of the data.
2026-06-26 21:47:24,113 - INFO - 	loaded 2049/2764 of the data.
2026-06-26 21:47:24,162 - INFO - 	loaded 2050/2764 of the data.
2026-06-26 21:47:24,215 - INFO - 	loaded 2051/2764 of the data.
2026-06-26 21:47:24,309 - INFO - 	loaded 2052/2764 of the data.
2026-06-26 21:47:24,371 - INFO - 	loaded 2053/2764 of the data.
2026-06-26 21:47:24,413 - INFO - 	loaded 2054/2764 of the data.
2026-06-26 21:47:24,451 - INFO - 	loaded 2055/2764 of the data.
2026-06-26 21:47:24,656 - INFO - 	loaded 2056/2764 of the data.
2026-06-26 21:47:24,701 - INFO - 	loaded 2057/2764 of the data.
2026-06-26 21:47:24,740 - INFO - 	loaded 2058/2764 of the data.
2026-06-26 21:47:24,780 - INFO - 	loaded 2059/2764 of the data.
2026-06-26 21:47:24,817 - INFO - 	loaded 2060/2764 of the data.
2026-06-26 21:47:24,867 - INFO - 	loaded 2061/2764 of the data.
2026-06-26 21:47:24,910 - INFO - 	loaded 2062/2764 of the data.
2026-06-26 21:47:24,949 - INFO - 	loaded 2063/2764 of the data.
2026-06-26 21:47:24,991 - INFO - 	loaded 2064/2764 of the data.
2026-06-26 21:47:25,035 - INFO - 	loaded 2065/2764 of the data.
2026-06-26 21:47:25,114 - INFO - 	loaded 2066/2764 of the data.
2026-06-26 21:47:25,176 - INFO - 	loaded 2067/2764 of the data.
2026-06-26 21:47:25,406 - INFO - 	loaded 2068/2764 of the data.
2026-06-26 21:47:25,449 - INFO - 	loaded 2069/2764 of the data.
2026-06-26 21:47:25,486 - INFO - 	loaded 2070/2764 of the data.
2026-06-26 21:47:25,538 - INFO - 	loaded 2071/2764 of the data.
2026-06-26 21:47:25,586 - INFO - 	loaded 2072/2764 of the data.
2026-06-26 21:47:25,639 - INFO - 	loaded 2073/2764 of the data.
2026-06-26 21:47:25,678 - INFO - 	loaded 2074/2764 of the data.
2026-06-26 21:47:25,714 - INFO - 	loaded 2075/2764 of the data.
2026-06-26 21:47:25,750 - INFO - 	loaded 2076/2764 of the data.
2026-06-26 21:47:25,788 - INFO - 	loaded 2077/2764 of the data.
2026-06-26 21:47:26,110 - INFO - 	loaded 2078/2764 of the data.
2026-06-26 21:47:26,150 - INFO - 	loaded 2079/2764 of the data.
2026-06-26 21:47:26,190 - INFO - 	loaded 2080/2764 of the data.
2026-06-26 21:47:26,228 - INFO - 	loaded 2081/2764 of the data.
2026-06-26 21:47:26,267 - INFO - 	loaded 2082/2764 of the data.
2026-06-26 21:47:26,310 - INFO - 	loaded 2083/2764 of the data.
2026-06-26 21:47:26,350 - INFO - 	loaded 2084/2764 of the data.
2026-06-26 21:47:26,394 - INFO - 	loaded 2085/2764 of the data.
2026-06-26 21:47:26,432 - INFO - 	loaded 2086/2764 of the data.
2026-06-26 21:47:26,469 - INFO - 	loaded 2087/2764 of the data.
2026-06-26 21:47:26,509 - INFO - 	loaded 2088/2764 of the data.
2026-06-26 21:47:26,547 - INFO - 	loaded 2089/2764 of the data.
2026-06-26 21:47:26,688 - INFO - 	loaded 2090/2764 of the data.
2026-06-26 21:47:26,728 - INFO - 	loaded 2091/2764 of the data.
2026-06-26 21:47:26,778 - INFO - 	loaded 2092/2764 of the data.
2026-06-26 21:47:26,994 - INFO - 	loaded 2093/2764 of the data.
2026-06-26 21:47:27,039 - INFO - 	loaded 2094/2764 of the data.
2026-06-26 21:47:27,090 - INFO - 	loaded 2095/2764 of the data.
2026-06-26 21:47:27,132 - INFO - 	loaded 2096/2764 of the data.
2026-06-26 21:47:27,307 - INFO - 	loaded 2097/2764 of the data.
2026-06-26 21:47:27,376 - INFO - 	loaded 2098/2764 of the data.
2026-06-26 21:47:27,535 - INFO - 	loaded 2099/2764 of the data.
2026-06-26 21:47:27,574 - INFO - 	loaded 2100/2764 of the data.
2026-06-26 21:47:27,614 - INFO - 	loaded 2101/2764 of the data.
2026-06-26 21:47:27,669 - INFO - 	loaded 2102/2764 of the data.
2026-06-26 21:47:27,709 - INFO - 	loaded 2103/2764 of the data.
2026-06-26 21:47:27,759 - INFO - 	loaded 2104/2764 of the data.
2026-06-26 21:47:27,818 - INFO - 	loaded 2105/2764 of the data.
2026-06-26 21:47:27,859 - INFO - 	loaded 2106/2764 of the data.
2026-06-26 21:47:27,899 - INFO - 	loaded 2107/2764 of the data.
2026-06-26 21:47:27,944 - INFO - 	loaded 2108/2764 of the data.
2026-06-26 21:47:27,987 - INFO - 	loaded 2109/2764 of the data.
2026-06-26 21:47:28,031 - INFO - 	loaded 2110/2764 of the data.
2026-06-26 21:47:28,068 - INFO - 	loaded 2111/2764 of the data.
2026-06-26 21:47:28,284 - INFO - 	loaded 2112/2764 of the data.
2026-06-26 21:47:28,322 - INFO - 	loaded 2113/2764 of the data.
2026-06-26 21:47:28,356 - INFO - 	loaded 2114/2764 of the data.
2026-06-26 21:47:28,392 - INFO - 	loaded 2115/2764 of the data.
2026-06-26 21:47:28,427 - INFO - 	loaded 2116/2764 of the data.
2026-06-26 21:47:28,463 - INFO - 	loaded 2117/2764 of the data.
2026-06-26 21:47:28,500 - INFO - 	loaded 2118/2764 of the data.
2026-06-26 21:47:28,545 - INFO - 	loaded 2119/2764 of the data.
2026-06-26 21:47:28,583 - INFO - 	loaded 2120/2764 of the data.
2026-06-26 21:47:28,622 - INFO - 	loaded 2121/2764 of the data.
2026-06-26 21:47:28,667 - INFO - 	loaded 2122/2764 of the data.
2026-06-26 21:47:28,706 - INFO - 	loaded 2123/2764 of the data.
2026-06-26 21:47:28,750 - INFO - 	loaded 2124/2764 of the data.
2026-06-26 21:47:28,790 - INFO - 	loaded 2125/2764 of the data.
2026-06-26 21:47:28,825 - INFO - 	loaded 2126/2764 of the data.
2026-06-26 21:47:28,984 - INFO - 	loaded 2127/2764 of the data.
2026-06-26 21:47:29,022 - INFO - 	loaded 2128/2764 of the data.
2026-06-26 21:47:29,062 - INFO - 	loaded 2129/2764 of the data.
2026-06-26 21:47:29,099 - INFO - 	loaded 2130/2764 of the data.
2026-06-26 21:47:29,147 - INFO - 	loaded 2131/2764 of the data.
2026-06-26 21:47:29,189 - INFO - 	loaded 2132/2764 of the data.
2026-06-26 21:47:29,234 - INFO - 	loaded 2133/2764 of the data.
2026-06-26 21:47:29,274 - INFO - 	loaded 2134/2764 of the data.
2026-06-26 21:47:29,318 - INFO - 	loaded 2135/2764 of the data.
2026-06-26 21:47:29,357 - INFO - 	loaded 2136/2764 of the data.
2026-06-26 21:47:29,408 - INFO - 	loaded 2137/2764 of the data.
2026-06-26 21:47:29,581 - INFO - 	loaded 2138/2764 of the data.
2026-06-26 21:47:29,635 - INFO - 	loaded 2139/2764 of the data.
2026-06-26 21:47:29,709 - INFO - 	loaded 2140/2764 of the data.
2026-06-26 21:47:29,752 - INFO - 	loaded 2141/2764 of the data.
2026-06-26 21:47:29,803 - INFO - 	loaded 2142/2764 of the data.
2026-06-26 21:47:29,975 - INFO - 	loaded 2143/2764 of the data.
2026-06-26 21:47:30,013 - INFO - 	loaded 2144/2764 of the data.
2026-06-26 21:47:30,051 - INFO - 	loaded 2145/2764 of the data.
2026-06-26 21:47:30,220 - INFO - 	loaded 2146/2764 of the data.
2026-06-26 21:47:30,264 - INFO - 	loaded 2147/2764 of the data.
2026-06-26 21:47:30,304 - INFO - 	loaded 2148/2764 of the data.
2026-06-26 21:47:30,348 - INFO - 	loaded 2149/2764 of the data.
2026-06-26 21:47:30,385 - INFO - 	loaded 2150/2764 of the data.
2026-06-26 21:47:30,422 - INFO - 	loaded 2151/2764 of the data.
2026-06-26 21:47:30,463 - INFO - 	loaded 2152/2764 of the data.
2026-06-26 21:47:30,615 - INFO - 	loaded 2153/2764 of the data.
2026-06-26 21:47:30,784 - INFO - 	loaded 2154/2764 of the data.
2026-06-26 21:47:30,826 - INFO - 	loaded 2155/2764 of the data.
2026-06-26 21:47:30,877 - INFO - 	loaded 2156/2764 of the data.
2026-06-26 21:47:30,931 - INFO - 	loaded 2157/2764 of the data.
2026-06-26 21:47:30,974 - INFO - 	loaded 2158/2764 of the data.
2026-06-26 21:47:31,016 - INFO - 	loaded 2159/2764 of the data.
2026-06-26 21:47:31,070 - INFO - 	loaded 2160/2764 of the data.
2026-06-26 21:47:31,109 - INFO - 	loaded 2161/2764 of the data.
2026-06-26 21:47:31,151 - INFO - 	loaded 2162/2764 of the data.
2026-06-26 21:47:31,186 - INFO - 	loaded 2163/2764 of the data.
2026-06-26 21:47:31,228 - INFO - 	loaded 2164/2764 of the data.
2026-06-26 21:47:31,268 - INFO - 	loaded 2165/2764 of the data.
2026-06-26 21:47:31,321 - INFO - 	loaded 2166/2764 of the data.
2026-06-26 21:47:31,369 - INFO - 	loaded 2167/2764 of the data.
2026-06-26 21:47:31,413 - INFO - 	loaded 2168/2764 of the data.
2026-06-26 21:47:31,456 - INFO - 	loaded 2169/2764 of the data.
2026-06-26 21:47:31,497 - INFO - 	loaded 2170/2764 of the data.
2026-06-26 21:47:31,536 - INFO - 	loaded 2171/2764 of the data.
2026-06-26 21:47:31,581 - INFO - 	loaded 2172/2764 of the data.
2026-06-26 21:47:31,628 - INFO - 	loaded 2173/2764 of the data.
2026-06-26 21:47:31,686 - INFO - 	loaded 2174/2764 of the data.
2026-06-26 21:47:31,852 - INFO - 	loaded 2175/2764 of the data.
2026-06-26 21:47:31,888 - INFO - 	loaded 2176/2764 of the data.
2026-06-26 21:47:31,930 - INFO - 	loaded 2177/2764 of the data.
2026-06-26 21:47:31,965 - INFO - 	loaded 2178/2764 of the data.
2026-06-26 21:47:32,116 - INFO - 	loaded 2179/2764 of the data.
2026-06-26 21:47:32,161 - INFO - 	loaded 2180/2764 of the data.
2026-06-26 21:47:32,204 - INFO - 	loaded 2181/2764 of the data.
2026-06-26 21:47:32,243 - INFO - 	loaded 2182/2764 of the data.
2026-06-26 21:47:32,396 - INFO - 	loaded 2183/2764 of the data.
2026-06-26 21:47:32,449 - INFO - 	loaded 2184/2764 of the data.
2026-06-26 21:47:32,493 - INFO - 	loaded 2185/2764 of the data.
2026-06-26 21:47:32,533 - INFO - 	loaded 2186/2764 of the data.
2026-06-26 21:47:32,576 - INFO - 	loaded 2187/2764 of the data.
2026-06-26 21:47:32,626 - INFO - 	loaded 2188/2764 of the data.
2026-06-26 21:47:32,679 - INFO - 	loaded 2189/2764 of the data.
2026-06-26 21:47:32,727 - INFO - 	loaded 2190/2764 of the data.
2026-06-26 21:47:32,890 - INFO - 	loaded 2191/2764 of the data.
2026-06-26 21:47:32,934 - INFO - 	loaded 2192/2764 of the data.
2026-06-26 21:47:32,972 - INFO - 	loaded 2193/2764 of the data.
2026-06-26 21:47:33,019 - INFO - 	loaded 2194/2764 of the data.
2026-06-26 21:47:33,070 - INFO - 	loaded 2195/2764 of the data.
2026-06-26 21:47:33,147 - INFO - 	loaded 2196/2764 of the data.
2026-06-26 21:47:33,193 - INFO - 	loaded 2197/2764 of the data.
2026-06-26 21:47:33,358 - INFO - 	loaded 2198/2764 of the data.
2026-06-26 21:47:33,430 - INFO - 	loaded 2199/2764 of the data.
2026-06-26 21:47:33,475 - INFO - 	loaded 2200/2764 of the data.
2026-06-26 21:47:33,512 - INFO - 	loaded 2201/2764 of the data.
2026-06-26 21:47:33,549 - INFO - 	loaded 2202/2764 of the data.
2026-06-26 21:47:33,589 - INFO - 	loaded 2203/2764 of the data.
2026-06-26 21:47:33,635 - INFO - 	loaded 2204/2764 of the data.
2026-06-26 21:47:33,682 - INFO - 	loaded 2205/2764 of the data.
2026-06-26 21:47:33,722 - INFO - 	loaded 2206/2764 of the data.
2026-06-26 21:47:33,769 - INFO - 	loaded 2207/2764 of the data.
2026-06-26 21:47:33,806 - INFO - 	loaded 2208/2764 of the data.
2026-06-26 21:47:33,842 - INFO - 	loaded 2209/2764 of the data.
2026-06-26 21:47:33,886 - INFO - 	loaded 2210/2764 of the data.
2026-06-26 21:47:33,934 - INFO - 	loaded 2211/2764 of the data.
2026-06-26 21:47:33,969 - INFO - 	loaded 2212/2764 of the data.
2026-06-26 21:47:34,006 - INFO - 	loaded 2213/2764 of the data.
2026-06-26 21:47:34,184 - INFO - 	loaded 2214/2764 of the data.
2026-06-26 21:47:34,225 - INFO - 	loaded 2215/2764 of the data.
2026-06-26 21:47:34,264 - INFO - 	loaded 2216/2764 of the data.
2026-06-26 21:47:34,421 - INFO - 	loaded 2217/2764 of the data.
2026-06-26 21:47:34,461 - INFO - 	loaded 2218/2764 of the data.
2026-06-26 21:47:34,508 - INFO - 	loaded 2219/2764 of the data.
2026-06-26 21:47:34,578 - INFO - 	loaded 2220/2764 of the data.
2026-06-26 21:47:34,651 - INFO - 	loaded 2221/2764 of the data.
2026-06-26 21:47:34,713 - INFO - 	loaded 2222/2764 of the data.
2026-06-26 21:47:34,757 - INFO - 	loaded 2223/2764 of the data.
2026-06-26 21:47:34,810 - INFO - 	loaded 2224/2764 of the data.
2026-06-26 21:47:34,867 - INFO - 	loaded 2225/2764 of the data.
2026-06-26 21:47:34,948 - INFO - 	loaded 2226/2764 of the data.
2026-06-26 21:47:35,144 - INFO - 	loaded 2227/2764 of the data.
2026-06-26 21:47:35,214 - INFO - 	loaded 2228/2764 of the data.
2026-06-26 21:47:35,263 - INFO - 	loaded 2229/2764 of the data.
2026-06-26 21:47:35,305 - INFO - 	loaded 2230/2764 of the data.
2026-06-26 21:47:35,353 - INFO - 	loaded 2231/2764 of the data.
2026-06-26 21:47:35,397 - INFO - 	loaded 2232/2764 of the data.
2026-06-26 21:47:35,432 - INFO - 	loaded 2233/2764 of the data.
2026-06-26 21:47:35,471 - INFO - 	loaded 2234/2764 of the data.
2026-06-26 21:47:35,520 - INFO - 	loaded 2235/2764 of the data.
2026-06-26 21:47:35,566 - INFO - 	loaded 2236/2764 of the data.
2026-06-26 21:47:35,610 - INFO - 	loaded 2237/2764 of the data.
2026-06-26 21:47:35,660 - INFO - 	loaded 2238/2764 of the data.
2026-06-26 21:47:35,700 - INFO - 	loaded 2239/2764 of the data.
2026-06-26 21:47:35,737 - INFO - 	loaded 2240/2764 of the data.
2026-06-26 21:47:35,772 - INFO - 	loaded 2241/2764 of the data.
2026-06-26 21:47:35,917 - INFO - 	loaded 2242/2764 of the data.
2026-06-26 21:47:36,068 - INFO - 	loaded 2243/2764 of the data.
2026-06-26 21:47:36,238 - INFO - 	loaded 2244/2764 of the data.
2026-06-26 21:47:36,415 - INFO - 	loaded 2245/2764 of the data.
2026-06-26 21:47:36,457 - INFO - 	loaded 2246/2764 of the data.
2026-06-26 21:47:36,631 - INFO - 	loaded 2247/2764 of the data.
2026-06-26 21:47:36,727 - INFO - 	loaded 2248/2764 of the data.
2026-06-26 21:47:36,768 - INFO - 	loaded 2249/2764 of the data.
2026-06-26 21:47:36,814 - INFO - 	loaded 2250/2764 of the data.
2026-06-26 21:47:37,015 - INFO - 	loaded 2251/2764 of the data.
2026-06-26 21:47:37,065 - INFO - 	loaded 2252/2764 of the data.
2026-06-26 21:47:37,114 - INFO - 	loaded 2253/2764 of the data.
2026-06-26 21:47:37,283 - INFO - 	loaded 2254/2764 of the data.
2026-06-26 21:47:37,334 - INFO - 	loaded 2255/2764 of the data.
2026-06-26 21:47:37,495 - INFO - 	loaded 2256/2764 of the data.
2026-06-26 21:47:37,542 - INFO - 	loaded 2257/2764 of the data.
2026-06-26 21:47:37,592 - INFO - 	loaded 2258/2764 of the data.
2026-06-26 21:47:37,636 - INFO - 	loaded 2259/2764 of the data.
2026-06-26 21:47:37,674 - INFO - 	loaded 2260/2764 of the data.
2026-06-26 21:47:37,720 - INFO - 	loaded 2261/2764 of the data.
2026-06-26 21:47:37,759 - INFO - 	loaded 2262/2764 of the data.
2026-06-26 21:47:37,797 - INFO - 	loaded 2263/2764 of the data.
2026-06-26 21:47:37,840 - INFO - 	loaded 2264/2764 of the data.
2026-06-26 21:47:37,882 - INFO - 	loaded 2265/2764 of the data.
2026-06-26 21:47:37,922 - INFO - 	loaded 2266/2764 of the data.
2026-06-26 21:47:37,966 - INFO - 	loaded 2267/2764 of the data.
2026-06-26 21:47:38,009 - INFO - 	loaded 2268/2764 of the data.
2026-06-26 21:47:38,046 - INFO - 	loaded 2269/2764 of the data.
2026-06-26 21:47:38,087 - INFO - 	loaded 2270/2764 of the data.
2026-06-26 21:47:38,134 - INFO - 	loaded 2271/2764 of the data.
2026-06-26 21:47:38,307 - INFO - 	loaded 2272/2764 of the data.
2026-06-26 21:47:38,350 - INFO - 	loaded 2273/2764 of the data.
2026-06-26 21:47:38,388 - INFO - 	loaded 2274/2764 of the data.
2026-06-26 21:47:38,427 - INFO - 	loaded 2275/2764 of the data.
2026-06-26 21:47:38,463 - INFO - 	loaded 2276/2764 of the data.
2026-06-26 21:47:38,508 - INFO - 	loaded 2277/2764 of the data.
2026-06-26 21:47:38,548 - INFO - 	loaded 2278/2764 of the data.
2026-06-26 21:47:38,589 - INFO - 	loaded 2279/2764 of the data.
2026-06-26 21:47:38,629 - INFO - 	loaded 2280/2764 of the data.
2026-06-26 21:47:38,667 - INFO - 	loaded 2281/2764 of the data.
2026-06-26 21:47:38,706 - INFO - 	loaded 2282/2764 of the data.
2026-06-26 21:47:38,746 - INFO - 	loaded 2283/2764 of the data.
2026-06-26 21:47:38,795 - INFO - 	loaded 2284/2764 of the data.
2026-06-26 21:47:38,845 - INFO - 	loaded 2285/2764 of the data.
2026-06-26 21:47:38,883 - INFO - 	loaded 2286/2764 of the data.
2026-06-26 21:47:38,922 - INFO - 	loaded 2287/2764 of the data.
2026-06-26 21:47:38,962 - INFO - 	loaded 2288/2764 of the data.
2026-06-26 21:47:39,000 - INFO - 	loaded 2289/2764 of the data.
2026-06-26 21:47:39,040 - INFO - 	loaded 2290/2764 of the data.
2026-06-26 21:47:39,203 - INFO - 	loaded 2291/2764 of the data.
2026-06-26 21:47:39,248 - INFO - 	loaded 2292/2764 of the data.
2026-06-26 21:47:39,284 - INFO - 	loaded 2293/2764 of the data.
2026-06-26 21:47:39,326 - INFO - 	loaded 2294/2764 of the data.
2026-06-26 21:47:39,494 - INFO - 	loaded 2295/2764 of the data.
2026-06-26 21:47:39,656 - INFO - 	loaded 2296/2764 of the data.
2026-06-26 21:47:39,705 - INFO - 	loaded 2297/2764 of the data.
2026-06-26 21:47:39,763 - INFO - 	loaded 2298/2764 of the data.
2026-06-26 21:47:39,810 - INFO - 	loaded 2299/2764 of the data.
2026-06-26 21:47:39,992 - INFO - 	loaded 2300/2764 of the data.
2026-06-26 21:47:40,043 - INFO - 	loaded 2301/2764 of the data.
2026-06-26 21:47:40,086 - INFO - 	loaded 2302/2764 of the data.
2026-06-26 21:47:40,281 - INFO - 	loaded 2303/2764 of the data.
2026-06-26 21:47:40,335 - INFO - 	loaded 2304/2764 of the data.
2026-06-26 21:47:40,382 - INFO - 	loaded 2305/2764 of the data.
2026-06-26 21:47:40,584 - INFO - 	loaded 2306/2764 of the data.
2026-06-26 21:47:40,644 - INFO - 	loaded 2307/2764 of the data.
2026-06-26 21:47:40,715 - INFO - 	loaded 2308/2764 of the data.
2026-06-26 21:47:40,882 - INFO - 	loaded 2309/2764 of the data.
2026-06-26 21:47:40,920 - INFO - 	loaded 2310/2764 of the data.
2026-06-26 21:47:40,955 - INFO - 	loaded 2311/2764 of the data.
2026-06-26 21:47:41,003 - INFO - 	loaded 2312/2764 of the data.
2026-06-26 21:47:41,053 - INFO - 	loaded 2313/2764 of the data.
2026-06-26 21:47:41,345 - INFO - 	loaded 2314/2764 of the data.
2026-06-26 21:47:41,389 - INFO - 	loaded 2315/2764 of the data.
2026-06-26 21:47:41,533 - INFO - 	loaded 2316/2764 of the data.
2026-06-26 21:47:41,607 - INFO - 	loaded 2317/2764 of the data.
2026-06-26 21:47:41,643 - INFO - 	loaded 2318/2764 of the data.
2026-06-26 21:47:41,684 - INFO - 	loaded 2319/2764 of the data.
2026-06-26 21:47:41,727 - INFO - 	loaded 2320/2764 of the data.
2026-06-26 21:47:41,770 - INFO - 	loaded 2321/2764 of the data.
2026-06-26 21:47:41,812 - INFO - 	loaded 2322/2764 of the data.
2026-06-26 21:47:41,851 - INFO - 	loaded 2323/2764 of the data.
2026-06-26 21:47:41,901 - INFO - 	loaded 2324/2764 of the data.
2026-06-26 21:47:41,965 - INFO - 	loaded 2325/2764 of the data.
2026-06-26 21:47:42,049 - INFO - 	loaded 2326/2764 of the data.
2026-06-26 21:47:42,107 - INFO - 	loaded 2327/2764 of the data.
2026-06-26 21:47:42,151 - INFO - 	loaded 2328/2764 of the data.
2026-06-26 21:47:42,201 - INFO - 	loaded 2329/2764 of the data.
2026-06-26 21:47:42,247 - INFO - 	loaded 2330/2764 of the data.
2026-06-26 21:47:42,297 - INFO - 	loaded 2331/2764 of the data.
2026-06-26 21:47:42,463 - INFO - 	loaded 2332/2764 of the data.
2026-06-26 21:47:42,502 - INFO - 	loaded 2333/2764 of the data.
2026-06-26 21:47:42,564 - INFO - 	loaded 2334/2764 of the data.
2026-06-26 21:47:42,615 - INFO - 	loaded 2335/2764 of the data.
2026-06-26 21:47:42,656 - INFO - 	loaded 2336/2764 of the data.
2026-06-26 21:47:42,806 - INFO - 	loaded 2337/2764 of the data.
2026-06-26 21:47:42,846 - INFO - 	loaded 2338/2764 of the data.
2026-06-26 21:47:42,883 - INFO - 	loaded 2339/2764 of the data.
2026-06-26 21:47:42,941 - INFO - 	loaded 2340/2764 of the data.
2026-06-26 21:47:43,086 - INFO - 	loaded 2341/2764 of the data.
2026-06-26 21:47:43,125 - INFO - 	loaded 2342/2764 of the data.
2026-06-26 21:47:43,189 - INFO - 	loaded 2343/2764 of the data.
2026-06-26 21:47:43,417 - INFO - 	loaded 2344/2764 of the data.
2026-06-26 21:47:43,578 - INFO - 	loaded 2345/2764 of the data.
2026-06-26 21:47:43,620 - INFO - 	loaded 2346/2764 of the data.
2026-06-26 21:47:43,667 - INFO - 	loaded 2347/2764 of the data.
2026-06-26 21:47:43,725 - INFO - 	loaded 2348/2764 of the data.
2026-06-26 21:47:43,771 - INFO - 	loaded 2349/2764 of the data.
2026-06-26 21:47:43,808 - INFO - 	loaded 2350/2764 of the data.
2026-06-26 21:47:43,857 - INFO - 	loaded 2351/2764 of the data.
2026-06-26 21:47:43,902 - INFO - 	loaded 2352/2764 of the data.
2026-06-26 21:47:43,951 - INFO - 	loaded 2353/2764 of the data.
2026-06-26 21:47:44,003 - INFO - 	loaded 2354/2764 of the data.
2026-06-26 21:47:44,160 - INFO - 	loaded 2355/2764 of the data.
2026-06-26 21:47:44,313 - INFO - 	loaded 2356/2764 of the data.
2026-06-26 21:47:44,358 - INFO - 	loaded 2357/2764 of the data.
2026-06-26 21:47:44,402 - INFO - 	loaded 2358/2764 of the data.
2026-06-26 21:47:44,442 - INFO - 	loaded 2359/2764 of the data.
2026-06-26 21:47:44,478 - INFO - 	loaded 2360/2764 of the data.
2026-06-26 21:47:44,514 - INFO - 	loaded 2361/2764 of the data.
2026-06-26 21:47:44,553 - INFO - 	loaded 2362/2764 of the data.
2026-06-26 21:47:44,612 - INFO - 	loaded 2363/2764 of the data.
2026-06-26 21:47:44,662 - INFO - 	loaded 2364/2764 of the data.
2026-06-26 21:47:44,706 - INFO - 	loaded 2365/2764 of the data.
2026-06-26 21:47:44,758 - INFO - 	loaded 2366/2764 of the data.
2026-06-26 21:47:44,927 - INFO - 	loaded 2367/2764 of the data.
2026-06-26 21:47:45,105 - INFO - 	loaded 2368/2764 of the data.
2026-06-26 21:47:45,149 - INFO - 	loaded 2369/2764 of the data.
2026-06-26 21:47:45,195 - INFO - 	loaded 2370/2764 of the data.
2026-06-26 21:47:45,242 - INFO - 	loaded 2371/2764 of the data.
2026-06-26 21:47:45,305 - INFO - 	loaded 2372/2764 of the data.
2026-06-26 21:47:45,384 - INFO - 	loaded 2373/2764 of the data.
2026-06-26 21:47:45,465 - INFO - 	loaded 2374/2764 of the data.
2026-06-26 21:47:45,509 - INFO - 	loaded 2375/2764 of the data.
2026-06-26 21:47:45,548 - INFO - 	loaded 2376/2764 of the data.
2026-06-26 21:47:45,584 - INFO - 	loaded 2377/2764 of the data.
2026-06-26 21:47:45,626 - INFO - 	loaded 2378/2764 of the data.
2026-06-26 21:47:45,681 - INFO - 	loaded 2379/2764 of the data.
2026-06-26 21:47:45,721 - INFO - 	loaded 2380/2764 of the data.
2026-06-26 21:47:45,758 - INFO - 	loaded 2381/2764 of the data.
2026-06-26 21:47:45,921 - INFO - 	loaded 2382/2764 of the data.
2026-06-26 21:47:45,979 - INFO - 	loaded 2383/2764 of the data.
2026-06-26 21:47:46,034 - INFO - 	loaded 2384/2764 of the data.
2026-06-26 21:47:46,089 - INFO - 	loaded 2385/2764 of the data.
2026-06-26 21:47:46,309 - INFO - 	loaded 2386/2764 of the data.
2026-06-26 21:47:46,370 - INFO - 	loaded 2387/2764 of the data.
2026-06-26 21:47:46,412 - INFO - 	loaded 2388/2764 of the data.
2026-06-26 21:47:46,469 - INFO - 	loaded 2389/2764 of the data.
2026-06-26 21:47:46,529 - INFO - 	loaded 2390/2764 of the data.
2026-06-26 21:47:46,584 - INFO - 	loaded 2391/2764 of the data.
2026-06-26 21:47:46,774 - INFO - 	loaded 2392/2764 of the data.
2026-06-26 21:47:46,842 - INFO - 	loaded 2393/2764 of the data.
2026-06-26 21:47:46,885 - INFO - 	loaded 2394/2764 of the data.
2026-06-26 21:47:46,923 - INFO - 	loaded 2395/2764 of the data.
2026-06-26 21:47:46,961 - INFO - 	loaded 2396/2764 of the data.
2026-06-26 21:47:47,013 - INFO - 	loaded 2397/2764 of the data.
2026-06-26 21:47:47,069 - INFO - 	loaded 2398/2764 of the data.
2026-06-26 21:47:47,112 - INFO - 	loaded 2399/2764 of the data.
2026-06-26 21:47:47,150 - INFO - 	loaded 2400/2764 of the data.
2026-06-26 21:47:47,188 - INFO - 	loaded 2401/2764 of the data.
2026-06-26 21:47:47,258 - INFO - 	loaded 2402/2764 of the data.
2026-06-26 21:47:47,307 - INFO - 	loaded 2403/2764 of the data.
2026-06-26 21:47:47,341 - INFO - 	loaded 2404/2764 of the data.
2026-06-26 21:47:47,381 - INFO - 	loaded 2405/2764 of the data.
2026-06-26 21:47:47,418 - INFO - 	loaded 2406/2764 of the data.
2026-06-26 21:47:47,457 - INFO - 	loaded 2407/2764 of the data.
2026-06-26 21:47:47,496 - INFO - 	loaded 2408/2764 of the data.
2026-06-26 21:47:47,538 - INFO - 	loaded 2409/2764 of the data.
2026-06-26 21:47:47,582 - INFO - 	loaded 2410/2764 of the data.
2026-06-26 21:47:47,624 - INFO - 	loaded 2411/2764 of the data.
2026-06-26 21:47:47,666 - INFO - 	loaded 2412/2764 of the data.
2026-06-26 21:47:47,726 - INFO - 	loaded 2413/2764 of the data.
2026-06-26 21:47:47,910 - INFO - 	loaded 2414/2764 of the data.
2026-06-26 21:47:47,963 - INFO - 	loaded 2415/2764 of the data.
2026-06-26 21:47:48,029 - INFO - 	loaded 2416/2764 of the data.
2026-06-26 21:47:48,086 - INFO - 	loaded 2417/2764 of the data.
2026-06-26 21:47:48,135 - INFO - 	loaded 2418/2764 of the data.
2026-06-26 21:47:48,326 - INFO - 	loaded 2419/2764 of the data.
2026-06-26 21:47:48,393 - INFO - 	loaded 2420/2764 of the data.
2026-06-26 21:47:48,448 - INFO - 	loaded 2421/2764 of the data.
2026-06-26 21:47:48,502 - INFO - 	loaded 2422/2764 of the data.
2026-06-26 21:47:48,545 - INFO - 	loaded 2423/2764 of the data.
2026-06-26 21:47:48,726 - INFO - 	loaded 2424/2764 of the data.
2026-06-26 21:47:48,794 - INFO - 	loaded 2425/2764 of the data.
2026-06-26 21:47:48,859 - INFO - 	loaded 2426/2764 of the data.
2026-06-26 21:47:49,063 - INFO - 	loaded 2427/2764 of the data.
2026-06-26 21:47:49,137 - INFO - 	loaded 2428/2764 of the data.
2026-06-26 21:47:49,178 - INFO - 	loaded 2429/2764 of the data.
2026-06-26 21:47:49,227 - INFO - 	loaded 2430/2764 of the data.
2026-06-26 21:47:49,382 - INFO - 	loaded 2431/2764 of the data.
2026-06-26 21:47:49,423 - INFO - 	loaded 2432/2764 of the data.
2026-06-26 21:47:49,461 - INFO - 	loaded 2433/2764 of the data.
2026-06-26 21:47:49,499 - INFO - 	loaded 2434/2764 of the data.
2026-06-26 21:47:49,536 - INFO - 	loaded 2435/2764 of the data.
2026-06-26 21:47:49,583 - INFO - 	loaded 2436/2764 of the data.
2026-06-26 21:47:49,636 - INFO - 	loaded 2437/2764 of the data.
2026-06-26 21:47:49,679 - INFO - 	loaded 2438/2764 of the data.
2026-06-26 21:47:49,717 - INFO - 	loaded 2439/2764 of the data.
2026-06-26 21:47:49,755 - INFO - 	loaded 2440/2764 of the data.
2026-06-26 21:47:49,794 - INFO - 	loaded 2441/2764 of the data.
2026-06-26 21:47:49,844 - INFO - 	loaded 2442/2764 of the data.
2026-06-26 21:47:50,012 - INFO - 	loaded 2443/2764 of the data.
2026-06-26 21:47:50,061 - INFO - 	loaded 2444/2764 of the data.
2026-06-26 21:47:50,116 - INFO - 	loaded 2445/2764 of the data.
2026-06-26 21:47:50,170 - INFO - 	loaded 2446/2764 of the data.
2026-06-26 21:47:50,213 - INFO - 	loaded 2447/2764 of the data.
2026-06-26 21:47:50,266 - INFO - 	loaded 2448/2764 of the data.
2026-06-26 21:47:50,331 - INFO - 	loaded 2449/2764 of the data.
2026-06-26 21:47:50,494 - INFO - 	loaded 2450/2764 of the data.
2026-06-26 21:47:50,713 - INFO - 	loaded 2451/2764 of the data.
2026-06-26 21:47:50,768 - INFO - 	loaded 2452/2764 of the data.
2026-06-26 21:47:50,826 - INFO - 	loaded 2453/2764 of the data.
2026-06-26 21:47:50,978 - INFO - 	loaded 2454/2764 of the data.
2026-06-26 21:47:51,022 - INFO - 	loaded 2455/2764 of the data.
2026-06-26 21:47:51,062 - INFO - 	loaded 2456/2764 of the data.
2026-06-26 21:47:51,104 - INFO - 	loaded 2457/2764 of the data.
2026-06-26 21:47:51,146 - INFO - 	loaded 2458/2764 of the data.
2026-06-26 21:47:51,183 - INFO - 	loaded 2459/2764 of the data.
2026-06-26 21:47:51,228 - INFO - 	loaded 2460/2764 of the data.
2026-06-26 21:47:51,273 - INFO - 	loaded 2461/2764 of the data.
2026-06-26 21:47:51,316 - INFO - 	loaded 2462/2764 of the data.
2026-06-26 21:47:51,366 - INFO - 	loaded 2463/2764 of the data.
2026-06-26 21:47:51,419 - INFO - 	loaded 2464/2764 of the data.
2026-06-26 21:47:51,470 - INFO - 	loaded 2465/2764 of the data.
2026-06-26 21:47:51,521 - INFO - 	loaded 2466/2764 of the data.
2026-06-26 21:47:51,693 - INFO - 	loaded 2467/2764 of the data.
2026-06-26 21:47:51,750 - INFO - 	loaded 2468/2764 of the data.
2026-06-26 21:47:51,805 - INFO - 	loaded 2469/2764 of the data.
2026-06-26 21:47:51,964 - INFO - 	loaded 2470/2764 of the data.
2026-06-26 21:47:52,004 - INFO - 	loaded 2471/2764 of the data.
2026-06-26 21:47:52,045 - INFO - 	loaded 2472/2764 of the data.
2026-06-26 21:47:52,089 - INFO - 	loaded 2473/2764 of the data.
2026-06-26 21:47:52,132 - INFO - 	loaded 2474/2764 of the data.
2026-06-26 21:47:52,178 - INFO - 	loaded 2475/2764 of the data.
2026-06-26 21:47:52,223 - INFO - 	loaded 2476/2764 of the data.
2026-06-26 21:47:52,390 - INFO - 	loaded 2477/2764 of the data.
2026-06-26 21:47:52,430 - INFO - 	loaded 2478/2764 of the data.
2026-06-26 21:47:52,474 - INFO - 	loaded 2479/2764 of the data.
2026-06-26 21:47:52,529 - INFO - 	loaded 2480/2764 of the data.
2026-06-26 21:47:52,568 - INFO - 	loaded 2481/2764 of the data.
2026-06-26 21:47:52,611 - INFO - 	loaded 2482/2764 of the data.
2026-06-26 21:47:52,655 - INFO - 	loaded 2483/2764 of the data.
2026-06-26 21:47:52,701 - INFO - 	loaded 2484/2764 of the data.
2026-06-26 21:47:52,749 - INFO - 	loaded 2485/2764 of the data.
2026-06-26 21:47:52,794 - INFO - 	loaded 2486/2764 of the data.
2026-06-26 21:47:52,835 - INFO - 	loaded 2487/2764 of the data.
2026-06-26 21:47:52,876 - INFO - 	loaded 2488/2764 of the data.
2026-06-26 21:47:52,917 - INFO - 	loaded 2489/2764 of the data.
2026-06-26 21:47:52,960 - INFO - 	loaded 2490/2764 of the data.
2026-06-26 21:47:53,007 - INFO - 	loaded 2491/2764 of the data.
2026-06-26 21:47:53,052 - INFO - 	loaded 2492/2764 of the data.
2026-06-26 21:47:53,106 - INFO - 	loaded 2493/2764 of the data.
2026-06-26 21:47:53,147 - INFO - 	loaded 2494/2764 of the data.
2026-06-26 21:47:53,203 - INFO - 	loaded 2495/2764 of the data.
2026-06-26 21:47:53,268 - INFO - 	loaded 2496/2764 of the data.
2026-06-26 21:47:53,503 - INFO - 	loaded 2497/2764 of the data.
2026-06-26 21:47:53,544 - INFO - 	loaded 2498/2764 of the data.
2026-06-26 21:47:53,582 - INFO - 	loaded 2499/2764 of the data.
2026-06-26 21:47:53,620 - INFO - 	loaded 2500/2764 of the data.
2026-06-26 21:47:53,790 - INFO - 	loaded 2501/2764 of the data.
2026-06-26 21:47:53,832 - INFO - 	loaded 2502/2764 of the data.
2026-06-26 21:47:53,906 - INFO - 	loaded 2503/2764 of the data.
2026-06-26 21:47:53,972 - INFO - 	loaded 2504/2764 of the data.
2026-06-26 21:47:54,028 - INFO - 	loaded 2505/2764 of the data.
2026-06-26 21:47:54,077 - INFO - 	loaded 2506/2764 of the data.
2026-06-26 21:47:54,123 - INFO - 	loaded 2507/2764 of the data.
2026-06-26 21:47:54,309 - INFO - 	loaded 2508/2764 of the data.
2026-06-26 21:47:54,375 - INFO - 	loaded 2509/2764 of the data.
2026-06-26 21:47:54,418 - INFO - 	loaded 2510/2764 of the data.
2026-06-26 21:47:54,478 - INFO - 	loaded 2511/2764 of the data.
2026-06-26 21:47:54,533 - INFO - 	loaded 2512/2764 of the data.
2026-06-26 21:47:54,745 - INFO - 	loaded 2513/2764 of the data.
2026-06-26 21:47:54,822 - INFO - 	loaded 2514/2764 of the data.
2026-06-26 21:47:54,865 - INFO - 	loaded 2515/2764 of the data.
2026-06-26 21:47:54,904 - INFO - 	loaded 2516/2764 of the data.
2026-06-26 21:47:54,941 - INFO - 	loaded 2517/2764 of the data.
2026-06-26 21:47:54,980 - INFO - 	loaded 2518/2764 of the data.
2026-06-26 21:47:55,018 - INFO - 	loaded 2519/2764 of the data.
2026-06-26 21:47:55,059 - INFO - 	loaded 2520/2764 of the data.
2026-06-26 21:47:55,111 - INFO - 	loaded 2521/2764 of the data.
2026-06-26 21:47:55,161 - INFO - 	loaded 2522/2764 of the data.
2026-06-26 21:47:55,319 - INFO - 	loaded 2523/2764 of the data.
2026-06-26 21:47:55,505 - INFO - 	loaded 2524/2764 of the data.
2026-06-26 21:47:55,577 - INFO - 	loaded 2525/2764 of the data.
2026-06-26 21:47:55,616 - INFO - 	loaded 2526/2764 of the data.
2026-06-26 21:47:55,665 - INFO - 	loaded 2527/2764 of the data.
2026-06-26 21:47:55,701 - INFO - 	loaded 2528/2764 of the data.
2026-06-26 21:47:55,740 - INFO - 	loaded 2529/2764 of the data.
2026-06-26 21:47:55,803 - INFO - 	loaded 2530/2764 of the data.
2026-06-26 21:47:55,853 - INFO - 	loaded 2531/2764 of the data.
2026-06-26 21:47:55,897 - INFO - 	loaded 2532/2764 of the data.
2026-06-26 21:47:55,933 - INFO - 	loaded 2533/2764 of the data.
2026-06-26 21:47:55,970 - INFO - 	loaded 2534/2764 of the data.
2026-06-26 21:47:56,009 - INFO - 	loaded 2535/2764 of the data.
2026-06-26 21:47:56,048 - INFO - 	loaded 2536/2764 of the data.
2026-06-26 21:47:56,093 - INFO - 	loaded 2537/2764 of the data.
2026-06-26 21:47:56,363 - INFO - 	loaded 2538/2764 of the data.
2026-06-26 21:47:56,441 - INFO - 	loaded 2539/2764 of the data.
2026-06-26 21:47:56,486 - INFO - 	loaded 2540/2764 of the data.
2026-06-26 21:47:56,528 - INFO - 	loaded 2541/2764 of the data.
2026-06-26 21:47:56,570 - INFO - 	loaded 2542/2764 of the data.
2026-06-26 21:47:56,611 - INFO - 	loaded 2543/2764 of the data.
2026-06-26 21:47:56,658 - INFO - 	loaded 2544/2764 of the data.
2026-06-26 21:47:56,800 - INFO - 	loaded 2545/2764 of the data.
2026-06-26 21:47:56,840 - INFO - 	loaded 2546/2764 of the data.
2026-06-26 21:47:56,894 - INFO - 	loaded 2547/2764 of the data.
2026-06-26 21:47:56,934 - INFO - 	loaded 2548/2764 of the data.
2026-06-26 21:47:56,972 - INFO - 	loaded 2549/2764 of the data.
2026-06-26 21:47:57,024 - INFO - 	loaded 2550/2764 of the data.
2026-06-26 21:47:57,099 - INFO - 	loaded 2551/2764 of the data.
2026-06-26 21:47:57,138 - INFO - 	loaded 2552/2764 of the data.
2026-06-26 21:47:57,179 - INFO - 	loaded 2553/2764 of the data.
2026-06-26 21:47:57,366 - INFO - 	loaded 2554/2764 of the data.
2026-06-26 21:47:57,427 - INFO - 	loaded 2555/2764 of the data.
2026-06-26 21:47:57,463 - INFO - 	loaded 2556/2764 of the data.
2026-06-26 21:47:57,498 - INFO - 	loaded 2557/2764 of the data.
2026-06-26 21:47:57,681 - INFO - 	loaded 2558/2764 of the data.
2026-06-26 21:47:57,723 - INFO - 	loaded 2559/2764 of the data.
2026-06-26 21:47:57,765 - INFO - 	loaded 2560/2764 of the data.
2026-06-26 21:47:57,811 - INFO - 	loaded 2561/2764 of the data.
2026-06-26 21:47:57,857 - INFO - 	loaded 2562/2764 of the data.
2026-06-26 21:47:57,908 - INFO - 	loaded 2563/2764 of the data.
2026-06-26 21:47:57,949 - INFO - 	loaded 2564/2764 of the data.
2026-06-26 21:47:57,985 - INFO - 	loaded 2565/2764 of the data.
2026-06-26 21:47:58,026 - INFO - 	loaded 2566/2764 of the data.
2026-06-26 21:47:58,066 - INFO - 	loaded 2567/2764 of the data.
2026-06-26 21:47:58,105 - INFO - 	loaded 2568/2764 of the data.
2026-06-26 21:47:58,144 - INFO - 	loaded 2569/2764 of the data.
2026-06-26 21:47:58,186 - INFO - 	loaded 2570/2764 of the data.
2026-06-26 21:47:58,225 - INFO - 	loaded 2571/2764 of the data.
2026-06-26 21:47:58,270 - INFO - 	loaded 2572/2764 of the data.
2026-06-26 21:47:58,312 - INFO - 	loaded 2573/2764 of the data.
2026-06-26 21:47:58,368 - INFO - 	loaded 2574/2764 of the data.
2026-06-26 21:47:58,427 - INFO - 	loaded 2575/2764 of the data.
2026-06-26 21:47:58,481 - INFO - 	loaded 2576/2764 of the data.
2026-06-26 21:47:58,528 - INFO - 	loaded 2577/2764 of the data.
2026-06-26 21:47:58,685 - INFO - 	loaded 2578/2764 of the data.
2026-06-26 21:47:58,745 - INFO - 	loaded 2579/2764 of the data.
2026-06-26 21:47:58,938 - INFO - 	loaded 2580/2764 of the data.
2026-06-26 21:47:59,029 - INFO - 	loaded 2581/2764 of the data.
2026-06-26 21:47:59,088 - INFO - 	loaded 2582/2764 of the data.
2026-06-26 21:47:59,130 - INFO - 	loaded 2583/2764 of the data.
2026-06-26 21:47:59,169 - INFO - 	loaded 2584/2764 of the data.
2026-06-26 21:47:59,209 - INFO - 	loaded 2585/2764 of the data.
2026-06-26 21:47:59,270 - INFO - 	loaded 2586/2764 of the data.
2026-06-26 21:47:59,335 - INFO - 	loaded 2587/2764 of the data.
2026-06-26 21:47:59,374 - INFO - 	loaded 2588/2764 of the data.
2026-06-26 21:47:59,415 - INFO - 	loaded 2589/2764 of the data.
2026-06-26 21:47:59,471 - INFO - 	loaded 2590/2764 of the data.
2026-06-26 21:47:59,540 - INFO - 	loaded 2591/2764 of the data.
2026-06-26 21:47:59,711 - INFO - 	loaded 2592/2764 of the data.
2026-06-26 21:47:59,751 - INFO - 	loaded 2593/2764 of the data.
2026-06-26 21:47:59,798 - INFO - 	loaded 2594/2764 of the data.
2026-06-26 21:47:59,845 - INFO - 	loaded 2595/2764 of the data.
2026-06-26 21:47:59,896 - INFO - 	loaded 2596/2764 of the data.
2026-06-26 21:47:59,943 - INFO - 	loaded 2597/2764 of the data.
2026-06-26 21:47:59,989 - INFO - 	loaded 2598/2764 of the data.
2026-06-26 21:48:00,181 - INFO - 	loaded 2599/2764 of the data.
2026-06-26 21:48:00,250 - INFO - 	loaded 2600/2764 of the data.
2026-06-26 21:48:00,294 - INFO - 	loaded 2601/2764 of the data.
2026-06-26 21:48:00,340 - INFO - 	loaded 2602/2764 of the data.
2026-06-26 21:48:00,386 - INFO - 	loaded 2603/2764 of the data.
2026-06-26 21:48:00,440 - INFO - 	loaded 2604/2764 of the data.
2026-06-26 21:48:00,479 - INFO - 	loaded 2605/2764 of the data.
2026-06-26 21:48:00,514 - INFO - 	loaded 2606/2764 of the data.
2026-06-26 21:48:00,552 - INFO - 	loaded 2607/2764 of the data.
2026-06-26 21:48:00,590 - INFO - 	loaded 2608/2764 of the data.
2026-06-26 21:48:00,629 - INFO - 	loaded 2609/2764 of the data.
2026-06-26 21:48:00,667 - INFO - 	loaded 2610/2764 of the data.
2026-06-26 21:48:00,705 - INFO - 	loaded 2611/2764 of the data.
2026-06-26 21:48:00,749 - INFO - 	loaded 2612/2764 of the data.
2026-06-26 21:48:00,958 - INFO - 	loaded 2613/2764 of the data.
2026-06-26 21:48:01,004 - INFO - 	loaded 2614/2764 of the data.
2026-06-26 21:48:01,046 - INFO - 	loaded 2615/2764 of the data.
2026-06-26 21:48:01,243 - INFO - 	loaded 2616/2764 of the data.
2026-06-26 21:48:01,292 - INFO - 	loaded 2617/2764 of the data.
2026-06-26 21:48:01,330 - INFO - 	loaded 2618/2764 of the data.
2026-06-26 21:48:01,379 - INFO - 	loaded 2619/2764 of the data.
2026-06-26 21:48:01,566 - INFO - 	loaded 2620/2764 of the data.
2026-06-26 21:48:01,620 - INFO - 	loaded 2621/2764 of the data.
2026-06-26 21:48:01,665 - INFO - 	loaded 2622/2764 of the data.
2026-06-26 21:48:01,704 - INFO - 	loaded 2623/2764 of the data.
2026-06-26 21:48:01,856 - INFO - 	loaded 2624/2764 of the data.
2026-06-26 21:48:01,918 - INFO - 	loaded 2625/2764 of the data.
2026-06-26 21:48:01,968 - INFO - 	loaded 2626/2764 of the data.
2026-06-26 21:48:02,122 - INFO - 	loaded 2627/2764 of the data.
2026-06-26 21:48:02,166 - INFO - 	loaded 2628/2764 of the data.
2026-06-26 21:48:02,215 - INFO - 	loaded 2629/2764 of the data.
2026-06-26 21:48:02,262 - INFO - 	loaded 2630/2764 of the data.
2026-06-26 21:48:02,300 - INFO - 	loaded 2631/2764 of the data.
2026-06-26 21:48:02,444 - INFO - 	loaded 2632/2764 of the data.
2026-06-26 21:48:02,487 - INFO - 	loaded 2633/2764 of the data.
2026-06-26 21:48:02,650 - INFO - 	loaded 2634/2764 of the data.
2026-06-26 21:48:02,713 - INFO - 	loaded 2635/2764 of the data.
2026-06-26 21:48:02,767 - INFO - 	loaded 2636/2764 of the data.
2026-06-26 21:48:02,990 - INFO - 	loaded 2637/2764 of the data.
2026-06-26 21:48:03,182 - INFO - 	loaded 2638/2764 of the data.
2026-06-26 21:48:03,261 - INFO - 	loaded 2639/2764 of the data.
2026-06-26 21:48:03,332 - INFO - 	loaded 2640/2764 of the data.
2026-06-26 21:48:03,401 - INFO - 	loaded 2641/2764 of the data.
2026-06-26 21:48:03,451 - INFO - 	loaded 2642/2764 of the data.
2026-06-26 21:48:03,606 - INFO - 	loaded 2643/2764 of the data.
2026-06-26 21:48:03,668 - INFO - 	loaded 2644/2764 of the data.
2026-06-26 21:48:03,738 - INFO - 	loaded 2645/2764 of the data.
2026-06-26 21:48:03,806 - INFO - 	loaded 2646/2764 of the data.
2026-06-26 21:48:03,881 - INFO - 	loaded 2647/2764 of the data.
2026-06-26 21:48:04,052 - INFO - 	loaded 2648/2764 of the data.
2026-06-26 21:48:04,103 - INFO - 	loaded 2649/2764 of the data.
2026-06-26 21:48:04,147 - INFO - 	loaded 2650/2764 of the data.
2026-06-26 21:48:04,311 - INFO - 	loaded 2651/2764 of the data.
2026-06-26 21:48:04,373 - INFO - 	loaded 2652/2764 of the data.
2026-06-26 21:48:04,422 - INFO - 	loaded 2653/2764 of the data.
2026-06-26 21:48:04,462 - INFO - 	loaded 2654/2764 of the data.
2026-06-26 21:48:04,500 - INFO - 	loaded 2655/2764 of the data.
2026-06-26 21:48:04,549 - INFO - 	loaded 2656/2764 of the data.
2026-06-26 21:48:04,607 - INFO - 	loaded 2657/2764 of the data.
2026-06-26 21:48:04,648 - INFO - 	loaded 2658/2764 of the data.
2026-06-26 21:48:04,814 - INFO - 	loaded 2659/2764 of the data.
2026-06-26 21:48:04,859 - INFO - 	loaded 2660/2764 of the data.
2026-06-26 21:48:04,920 - INFO - 	loaded 2661/2764 of the data.
2026-06-26 21:48:04,980 - INFO - 	loaded 2662/2764 of the data.
2026-06-26 21:48:05,028 - INFO - 	loaded 2663/2764 of the data.
2026-06-26 21:48:05,082 - INFO - 	loaded 2664/2764 of the data.
2026-06-26 21:48:05,122 - INFO - 	loaded 2665/2764 of the data.
2026-06-26 21:48:05,166 - INFO - 	loaded 2666/2764 of the data.
2026-06-26 21:48:05,215 - INFO - 	loaded 2667/2764 of the data.
2026-06-26 21:48:05,264 - INFO - 	loaded 2668/2764 of the data.
2026-06-26 21:48:05,472 - INFO - 	loaded 2669/2764 of the data.
2026-06-26 21:48:05,539 - INFO - 	loaded 2670/2764 of the data.
2026-06-26 21:48:05,615 - INFO - 	loaded 2671/2764 of the data.
2026-06-26 21:48:05,656 - INFO - 	loaded 2672/2764 of the data.
2026-06-26 21:48:05,829 - INFO - 	loaded 2673/2764 of the data.
2026-06-26 21:48:05,897 - INFO - 	loaded 2674/2764 of the data.
2026-06-26 21:48:05,952 - INFO - 	loaded 2675/2764 of the data.
2026-06-26 21:48:05,987 - INFO - 	loaded 2676/2764 of the data.
2026-06-26 21:48:06,028 - INFO - 	loaded 2677/2764 of the data.
2026-06-26 21:48:06,070 - INFO - 	loaded 2678/2764 of the data.
2026-06-26 21:48:06,106 - INFO - 	loaded 2679/2764 of the data.
2026-06-26 21:48:06,274 - INFO - 	loaded 2680/2764 of the data.
2026-06-26 21:48:06,319 - INFO - 	loaded 2681/2764 of the data.
2026-06-26 21:48:06,363 - INFO - 	loaded 2682/2764 of the data.
2026-06-26 21:48:06,403 - INFO - 	loaded 2683/2764 of the data.
2026-06-26 21:48:06,564 - INFO - 	loaded 2684/2764 of the data.
2026-06-26 21:48:06,608 - INFO - 	loaded 2685/2764 of the data.
2026-06-26 21:48:06,663 - INFO - 	loaded 2686/2764 of the data.
2026-06-26 21:48:06,859 - INFO - 	loaded 2687/2764 of the data.
2026-06-26 21:48:07,075 - INFO - 	loaded 2688/2764 of the data.
2026-06-26 21:48:07,146 - INFO - 	loaded 2689/2764 of the data.
2026-06-26 21:48:07,182 - INFO - 	loaded 2690/2764 of the data.
2026-06-26 21:48:07,222 - INFO - 	loaded 2691/2764 of the data.
2026-06-26 21:48:07,267 - INFO - 	loaded 2692/2764 of the data.
2026-06-26 21:48:07,306 - INFO - 	loaded 2693/2764 of the data.
2026-06-26 21:48:07,346 - INFO - 	loaded 2694/2764 of the data.
2026-06-26 21:48:07,394 - INFO - 	loaded 2695/2764 of the data.
2026-06-26 21:48:07,437 - INFO - 	loaded 2696/2764 of the data.
2026-06-26 21:48:07,495 - INFO - 	loaded 2697/2764 of the data.
2026-06-26 21:48:07,550 - INFO - 	loaded 2698/2764 of the data.
2026-06-26 21:48:07,597 - INFO - 	loaded 2699/2764 of the data.
2026-06-26 21:48:07,778 - INFO - 	loaded 2700/2764 of the data.
2026-06-26 21:48:07,861 - INFO - 	loaded 2701/2764 of the data.
2026-06-26 21:48:08,052 - INFO - 	loaded 2702/2764 of the data.
2026-06-26 21:48:08,110 - INFO - 	loaded 2703/2764 of the data.
2026-06-26 21:48:08,166 - INFO - 	loaded 2704/2764 of the data.
2026-06-26 21:48:08,224 - INFO - 	loaded 2705/2764 of the data.
2026-06-26 21:48:08,277 - INFO - 	loaded 2706/2764 of the data.
2026-06-26 21:48:08,330 - INFO - 	loaded 2707/2764 of the data.
2026-06-26 21:48:08,370 - INFO - 	loaded 2708/2764 of the data.
2026-06-26 21:48:08,587 - INFO - 	loaded 2709/2764 of the data.
2026-06-26 21:48:08,651 - INFO - 	loaded 2710/2764 of the data.
2026-06-26 21:48:08,708 - INFO - 	loaded 2711/2764 of the data.
2026-06-26 21:48:08,758 - INFO - 	loaded 2712/2764 of the data.
2026-06-26 21:48:08,808 - INFO - 	loaded 2713/2764 of the data.
2026-06-26 21:48:08,861 - INFO - 	loaded 2714/2764 of the data.
2026-06-26 21:48:08,907 - INFO - 	loaded 2715/2764 of the data.
2026-06-26 21:48:09,073 - INFO - 	loaded 2716/2764 of the data.
2026-06-26 21:48:09,111 - INFO - 	loaded 2717/2764 of the data.
2026-06-26 21:48:09,149 - INFO - 	loaded 2718/2764 of the data.
2026-06-26 21:48:09,187 - INFO - 	loaded 2719/2764 of the data.
2026-06-26 21:48:09,377 - INFO - 	loaded 2720/2764 of the data.
2026-06-26 21:48:09,562 - INFO - 	loaded 2721/2764 of the data.
2026-06-26 21:48:09,625 - INFO - 	loaded 2722/2764 of the data.
2026-06-26 21:48:09,671 - INFO - 	loaded 2723/2764 of the data.
2026-06-26 21:48:09,878 - INFO - 	loaded 2724/2764 of the data.
2026-06-26 21:48:09,940 - INFO - 	loaded 2725/2764 of the data.
2026-06-26 21:48:09,999 - INFO - 	loaded 2726/2764 of the data.
2026-06-26 21:48:10,038 - INFO - 	loaded 2727/2764 of the data.
2026-06-26 21:48:10,073 - INFO - 	loaded 2728/2764 of the data.
2026-06-26 21:48:10,261 - INFO - 	loaded 2729/2764 of the data.
2026-06-26 21:48:10,334 - INFO - 	loaded 2730/2764 of the data.
2026-06-26 21:48:10,384 - INFO - 	loaded 2731/2764 of the data.
2026-06-26 21:48:10,427 - INFO - 	loaded 2732/2764 of the data.
2026-06-26 21:48:10,468 - INFO - 	loaded 2733/2764 of the data.
2026-06-26 21:48:10,508 - INFO - 	loaded 2734/2764 of the data.
2026-06-26 21:48:10,548 - INFO - 	loaded 2735/2764 of the data.
2026-06-26 21:48:10,585 - INFO - 	loaded 2736/2764 of the data.
2026-06-26 21:48:10,627 - INFO - 	loaded 2737/2764 of the data.
2026-06-26 21:48:10,674 - INFO - 	loaded 2738/2764 of the data.
2026-06-26 21:48:10,720 - INFO - 	loaded 2739/2764 of the data.
2026-06-26 21:48:10,777 - INFO - 	loaded 2740/2764 of the data.
2026-06-26 21:48:10,822 - INFO - 	loaded 2741/2764 of the data.
2026-06-26 21:48:10,866 - INFO - 	loaded 2742/2764 of the data.
2026-06-26 21:48:10,920 - INFO - 	loaded 2743/2764 of the data.
2026-06-26 21:48:10,990 - INFO - 	loaded 2744/2764 of the data.
2026-06-26 21:48:11,032 - INFO - 	loaded 2745/2764 of the data.
2026-06-26 21:48:11,067 - INFO - 	loaded 2746/2764 of the data.
2026-06-26 21:48:11,104 - INFO - 	loaded 2747/2764 of the data.
2026-06-26 21:48:11,144 - INFO - 	loaded 2748/2764 of the data.
2026-06-26 21:48:11,181 - INFO - 	loaded 2749/2764 of the data.
2026-06-26 21:48:11,216 - INFO - 	loaded 2750/2764 of the data.
2026-06-26 21:48:11,258 - INFO - 	loaded 2751/2764 of the data.
2026-06-26 21:48:11,486 - INFO - 	loaded 2752/2764 of the data.
2026-06-26 21:48:11,542 - INFO - 	loaded 2753/2764 of the data.
2026-06-26 21:48:11,582 - INFO - 	loaded 2754/2764 of the data.
2026-06-26 21:48:11,621 - INFO - 	loaded 2755/2764 of the data.
2026-06-26 21:48:11,657 - INFO - 	loaded 2756/2764 of the data.
2026-06-26 21:48:11,696 - INFO - 	loaded 2757/2764 of the data.
2026-06-26 21:48:11,732 - INFO - 	loaded 2758/2764 of the data.
2026-06-26 21:48:11,796 - INFO - 	loaded 2759/2764 of the data.
2026-06-26 21:48:11,834 - INFO - 	loaded 2760/2764 of the data.
2026-06-26 21:48:11,876 - INFO - 	loaded 2761/2764 of the data.
2026-06-26 21:48:11,917 - INFO - 	loaded 2762/2764 of the data.
2026-06-26 21:48:11,957 - INFO - 	loaded 2763/2764 of the data.
2026-06-26 21:48:12,000 - INFO - 	loaded 2764/2764 of the data.
2026-06-26 21:48:12,001 - INFO - data of medrecon table inserted.
2026-06-26 21:48:12,006 - INFO - preparing table pyxis.
2026-06-26 21:48:12,007 - INFO - creating table pyxis.
2026-06-26 21:48:12,065 - INFO - Table pyxis created
2026-06-26 21:48:12,065 - INFO - preparing data of pyxis table.
2026-06-26 21:48:12,066 - INFO - inserting data of pyxis table.
2026-06-26 21:48:12,102 - INFO - 	loaded 1/1082 of the data.
2026-06-26 21:48:12,139 - INFO - 	loaded 2/1082 of the data.
2026-06-26 21:48:12,174 - INFO - 	loaded 3/1082 of the data.
2026-06-26 21:48:12,217 - INFO - 	loaded 4/1082 of the data.
2026-06-26 21:48:12,256 - INFO - 	loaded 5/1082 of the data.
2026-06-26 21:48:12,296 - INFO - 	loaded 6/1082 of the data.
2026-06-26 21:48:12,332 - INFO - 	loaded 7/1082 of the data.
2026-06-26 21:48:12,370 - INFO - 	loaded 8/1082 of the data.
2026-06-26 21:48:12,411 - INFO - 	loaded 9/1082 of the data.
2026-06-26 21:48:12,455 - INFO - 	loaded 10/1082 of the data.
2026-06-26 21:48:12,624 - INFO - 	loaded 11/1082 of the data.
2026-06-26 21:48:12,663 - INFO - 	loaded 12/1082 of the data.
2026-06-26 21:48:12,700 - INFO - 	loaded 13/1082 of the data.
2026-06-26 21:48:12,897 - INFO - 	loaded 14/1082 of the data.
2026-06-26 21:48:12,959 - INFO - 	loaded 15/1082 of the data.
2026-06-26 21:48:13,014 - INFO - 	loaded 16/1082 of the data.
2026-06-26 21:48:13,055 - INFO - 	loaded 17/1082 of the data.
2026-06-26 21:48:13,225 - INFO - 	loaded 18/1082 of the data.
2026-06-26 21:48:13,272 - INFO - 	loaded 19/1082 of the data.
2026-06-26 21:48:13,307 - INFO - 	loaded 20/1082 of the data.
2026-06-26 21:48:13,347 - INFO - 	loaded 21/1082 of the data.
2026-06-26 21:48:13,386 - INFO - 	loaded 22/1082 of the data.
2026-06-26 21:48:13,529 - INFO - 	loaded 23/1082 of the data.
2026-06-26 21:48:13,706 - INFO - 	loaded 24/1082 of the data.
2026-06-26 21:48:13,764 - INFO - 	loaded 25/1082 of the data.
2026-06-26 21:48:13,810 - INFO - 	loaded 26/1082 of the data.
2026-06-26 21:48:13,855 - INFO - 	loaded 27/1082 of the data.
2026-06-26 21:48:13,903 - INFO - 	loaded 28/1082 of the data.
2026-06-26 21:48:13,950 - INFO - 	loaded 29/1082 of the data.
2026-06-26 21:48:14,119 - INFO - 	loaded 30/1082 of the data.
2026-06-26 21:48:14,159 - INFO - 	loaded 31/1082 of the data.
2026-06-26 21:48:14,200 - INFO - 	loaded 32/1082 of the data.
2026-06-26 21:48:14,242 - INFO - 	loaded 33/1082 of the data.
2026-06-26 21:48:14,285 - INFO - 	loaded 34/1082 of the data.
2026-06-26 21:48:14,331 - INFO - 	loaded 35/1082 of the data.
2026-06-26 21:48:14,512 - INFO - 	loaded 36/1082 of the data.
2026-06-26 21:48:14,579 - INFO - 	loaded 37/1082 of the data.
2026-06-26 21:48:14,741 - INFO - 	loaded 38/1082 of the data.
2026-06-26 21:48:14,785 - INFO - 	loaded 39/1082 of the data.
2026-06-26 21:48:14,832 - INFO - 	loaded 40/1082 of the data.
2026-06-26 21:48:14,880 - INFO - 	loaded 41/1082 of the data.
2026-06-26 21:48:14,938 - INFO - 	loaded 42/1082 of the data.
2026-06-26 21:48:14,982 - INFO - 	loaded 43/1082 of the data.
2026-06-26 21:48:15,146 - INFO - 	loaded 44/1082 of the data.
2026-06-26 21:48:15,302 - INFO - 	loaded 45/1082 of the data.
2026-06-26 21:48:15,352 - INFO - 	loaded 46/1082 of the data.
2026-06-26 21:48:15,405 - INFO - 	loaded 47/1082 of the data.
2026-06-26 21:48:15,480 - INFO - 	loaded 48/1082 of the data.
2026-06-26 21:48:15,535 - INFO - 	loaded 49/1082 of the data.
2026-06-26 21:48:15,578 - INFO - 	loaded 50/1082 of the data.
2026-06-26 21:48:15,621 - INFO - 	loaded 51/1082 of the data.
2026-06-26 21:48:15,676 - INFO - 	loaded 52/1082 of the data.
2026-06-26 21:48:15,722 - INFO - 	loaded 53/1082 of the data.
2026-06-26 21:48:15,779 - INFO - 	loaded 54/1082 of the data.
2026-06-26 21:48:15,822 - INFO - 	loaded 55/1082 of the data.
2026-06-26 21:48:15,861 - INFO - 	loaded 56/1082 of the data.
2026-06-26 21:48:15,914 - INFO - 	loaded 57/1082 of the data.
2026-06-26 21:48:15,969 - INFO - 	loaded 58/1082 of the data.
2026-06-26 21:48:16,050 - INFO - 	loaded 59/1082 of the data.
2026-06-26 21:48:16,204 - INFO - 	loaded 60/1082 of the data.
2026-06-26 21:48:16,253 - INFO - 	loaded 61/1082 of the data.
2026-06-26 21:48:16,297 - INFO - 	loaded 62/1082 of the data.
2026-06-26 21:48:16,346 - INFO - 	loaded 63/1082 of the data.
2026-06-26 21:48:16,519 - INFO - 	loaded 64/1082 of the data.
2026-06-26 21:48:16,571 - INFO - 	loaded 65/1082 of the data.
2026-06-26 21:48:16,622 - INFO - 	loaded 66/1082 of the data.
2026-06-26 21:48:16,678 - INFO - 	loaded 67/1082 of the data.
2026-06-26 21:48:16,745 - INFO - 	loaded 68/1082 of the data.
2026-06-26 21:48:16,801 - INFO - 	loaded 69/1082 of the data.
2026-06-26 21:48:16,838 - INFO - 	loaded 70/1082 of the data.
2026-06-26 21:48:16,889 - INFO - 	loaded 71/1082 of the data.
2026-06-26 21:48:16,939 - INFO - 	loaded 72/1082 of the data.
2026-06-26 21:48:17,097 - INFO - 	loaded 73/1082 of the data.
2026-06-26 21:48:17,249 - INFO - 	loaded 74/1082 of the data.
2026-06-26 21:48:17,311 - INFO - 	loaded 75/1082 of the data.
2026-06-26 21:48:17,463 - INFO - 	loaded 76/1082 of the data.
2026-06-26 21:48:17,633 - INFO - 	loaded 77/1082 of the data.
2026-06-26 21:48:17,675 - INFO - 	loaded 78/1082 of the data.
2026-06-26 21:48:17,842 - INFO - 	loaded 79/1082 of the data.
2026-06-26 21:48:17,886 - INFO - 	loaded 80/1082 of the data.
2026-06-26 21:48:17,920 - INFO - 	loaded 81/1082 of the data.
2026-06-26 21:48:17,955 - INFO - 	loaded 82/1082 of the data.
2026-06-26 21:48:17,986 - INFO - 	loaded 83/1082 of the data.
2026-06-26 21:48:18,032 - INFO - 	loaded 84/1082 of the data.
2026-06-26 21:48:18,076 - INFO - 	loaded 85/1082 of the data.
2026-06-26 21:48:18,114 - INFO - 	loaded 86/1082 of the data.
2026-06-26 21:48:18,151 - INFO - 	loaded 87/1082 of the data.
2026-06-26 21:48:18,184 - INFO - 	loaded 88/1082 of the data.
2026-06-26 21:48:18,215 - INFO - 	loaded 89/1082 of the data.
2026-06-26 21:48:18,249 - INFO - 	loaded 90/1082 of the data.
2026-06-26 21:48:18,288 - INFO - 	loaded 91/1082 of the data.
2026-06-26 21:48:18,449 - INFO - 	loaded 92/1082 of the data.
2026-06-26 21:48:18,511 - INFO - 	loaded 93/1082 of the data.
2026-06-26 21:48:18,571 - INFO - 	loaded 94/1082 of the data.
2026-06-26 21:48:18,629 - INFO - 	loaded 95/1082 of the data.
2026-06-26 21:48:18,694 - INFO - 	loaded 96/1082 of the data.
2026-06-26 21:48:18,774 - INFO - 	loaded 97/1082 of the data.
2026-06-26 21:48:18,823 - INFO - 	loaded 98/1082 of the data.
2026-06-26 21:48:18,867 - INFO - 	loaded 99/1082 of the data.
2026-06-26 21:48:18,911 - INFO - 	loaded 100/1082 of the data.
2026-06-26 21:48:18,946 - INFO - 	loaded 101/1082 of the data.
2026-06-26 21:48:18,980 - INFO - 	loaded 102/1082 of the data.
2026-06-26 21:48:19,012 - INFO - 	loaded 103/1082 of the data.
2026-06-26 21:48:19,049 - INFO - 	loaded 104/1082 of the data.
2026-06-26 21:48:19,185 - INFO - 	loaded 105/1082 of the data.
2026-06-26 21:48:19,220 - INFO - 	loaded 106/1082 of the data.
2026-06-26 21:48:19,260 - INFO - 	loaded 107/1082 of the data.
2026-06-26 21:48:19,294 - INFO - 	loaded 108/1082 of the data.
2026-06-26 21:48:19,339 - INFO - 	loaded 109/1082 of the data.
2026-06-26 21:48:19,369 - INFO - 	loaded 110/1082 of the data.
2026-06-26 21:48:19,403 - INFO - 	loaded 111/1082 of the data.
2026-06-26 21:48:19,438 - INFO - 	loaded 112/1082 of the data.
2026-06-26 21:48:19,471 - INFO - 	loaded 113/1082 of the data.
2026-06-26 21:48:19,502 - INFO - 	loaded 114/1082 of the data.
2026-06-26 21:48:19,533 - INFO - 	loaded 115/1082 of the data.
2026-06-26 21:48:19,568 - INFO - 	loaded 116/1082 of the data.
2026-06-26 21:48:19,599 - INFO - 	loaded 117/1082 of the data.
2026-06-26 21:48:19,632 - INFO - 	loaded 118/1082 of the data.
2026-06-26 21:48:19,666 - INFO - 	loaded 119/1082 of the data.
2026-06-26 21:48:19,840 - INFO - 	loaded 120/1082 of the data.
2026-06-26 21:48:19,872 - INFO - 	loaded 121/1082 of the data.
2026-06-26 21:48:19,903 - INFO - 	loaded 122/1082 of the data.
2026-06-26 21:48:19,935 - INFO - 	loaded 123/1082 of the data.
2026-06-26 21:48:19,974 - INFO - 	loaded 124/1082 of the data.
2026-06-26 21:48:20,006 - INFO - 	loaded 125/1082 of the data.
2026-06-26 21:48:20,035 - INFO - 	loaded 126/1082 of the data.
2026-06-26 21:48:20,072 - INFO - 	loaded 127/1082 of the data.
2026-06-26 21:48:20,111 - INFO - 	loaded 128/1082 of the data.
2026-06-26 21:48:20,143 - INFO - 	loaded 129/1082 of the data.
2026-06-26 21:48:20,173 - INFO - 	loaded 130/1082 of the data.
2026-06-26 21:48:20,335 - INFO - 	loaded 131/1082 of the data.
2026-06-26 21:48:20,379 - INFO - 	loaded 132/1082 of the data.
2026-06-26 21:48:20,420 - INFO - 	loaded 133/1082 of the data.
2026-06-26 21:48:20,461 - INFO - 	loaded 134/1082 of the data.
2026-06-26 21:48:20,517 - INFO - 	loaded 135/1082 of the data.
2026-06-26 21:48:20,565 - INFO - 	loaded 136/1082 of the data.
2026-06-26 21:48:20,717 - INFO - 	loaded 137/1082 of the data.
2026-06-26 21:48:20,764 - INFO - 	loaded 138/1082 of the data.
2026-06-26 21:48:20,804 - INFO - 	loaded 139/1082 of the data.
2026-06-26 21:48:20,960 - INFO - 	loaded 140/1082 of the data.
2026-06-26 21:48:20,999 - INFO - 	loaded 141/1082 of the data.
2026-06-26 21:48:21,046 - INFO - 	loaded 142/1082 of the data.
2026-06-26 21:48:21,087 - INFO - 	loaded 143/1082 of the data.
2026-06-26 21:48:21,123 - INFO - 	loaded 144/1082 of the data.
2026-06-26 21:48:21,158 - INFO - 	loaded 145/1082 of the data.
2026-06-26 21:48:21,198 - INFO - 	loaded 146/1082 of the data.
2026-06-26 21:48:21,358 - INFO - 	loaded 147/1082 of the data.
2026-06-26 21:48:21,399 - INFO - 	loaded 148/1082 of the data.
2026-06-26 21:48:21,444 - INFO - 	loaded 149/1082 of the data.
2026-06-26 21:48:21,484 - INFO - 	loaded 150/1082 of the data.
2026-06-26 21:48:21,660 - INFO - 	loaded 151/1082 of the data.
2026-06-26 21:48:21,704 - INFO - 	loaded 152/1082 of the data.
2026-06-26 21:48:21,748 - INFO - 	loaded 153/1082 of the data.
2026-06-26 21:48:21,936 - INFO - 	loaded 154/1082 of the data.
2026-06-26 21:48:21,972 - INFO - 	loaded 155/1082 of the data.
2026-06-26 21:48:22,017 - INFO - 	loaded 156/1082 of the data.
2026-06-26 21:48:22,061 - INFO - 	loaded 157/1082 of the data.
2026-06-26 21:48:22,100 - INFO - 	loaded 158/1082 of the data.
2026-06-26 21:48:22,135 - INFO - 	loaded 159/1082 of the data.
2026-06-26 21:48:22,179 - INFO - 	loaded 160/1082 of the data.
2026-06-26 21:48:22,224 - INFO - 	loaded 161/1082 of the data.
2026-06-26 21:48:22,260 - INFO - 	loaded 162/1082 of the data.
2026-06-26 21:48:22,409 - INFO - 	loaded 163/1082 of the data.
2026-06-26 21:48:22,450 - INFO - 	loaded 164/1082 of the data.
2026-06-26 21:48:22,619 - INFO - 	loaded 165/1082 of the data.
2026-06-26 21:48:22,694 - INFO - 	loaded 166/1082 of the data.
2026-06-26 21:48:22,861 - INFO - 	loaded 167/1082 of the data.
2026-06-26 21:48:22,902 - INFO - 	loaded 168/1082 of the data.
2026-06-26 21:48:22,948 - INFO - 	loaded 169/1082 of the data.
2026-06-26 21:48:22,991 - INFO - 	loaded 170/1082 of the data.
2026-06-26 21:48:23,041 - INFO - 	loaded 171/1082 of the data.
2026-06-26 21:48:23,090 - INFO - 	loaded 172/1082 of the data.
2026-06-26 21:48:23,275 - INFO - 	loaded 173/1082 of the data.
2026-06-26 21:48:23,328 - INFO - 	loaded 174/1082 of the data.
2026-06-26 21:48:23,370 - INFO - 	loaded 175/1082 of the data.
2026-06-26 21:48:23,411 - INFO - 	loaded 176/1082 of the data.
2026-06-26 21:48:23,463 - INFO - 	loaded 177/1082 of the data.
2026-06-26 21:48:23,515 - INFO - 	loaded 178/1082 of the data.
2026-06-26 21:48:23,558 - INFO - 	loaded 179/1082 of the data.
2026-06-26 21:48:23,599 - INFO - 	loaded 180/1082 of the data.
2026-06-26 21:48:23,637 - INFO - 	loaded 181/1082 of the data.
2026-06-26 21:48:23,676 - INFO - 	loaded 182/1082 of the data.
2026-06-26 21:48:23,714 - INFO - 	loaded 183/1082 of the data.
2026-06-26 21:48:23,749 - INFO - 	loaded 184/1082 of the data.
2026-06-26 21:48:23,902 - INFO - 	loaded 185/1082 of the data.
2026-06-26 21:48:23,948 - INFO - 	loaded 186/1082 of the data.
2026-06-26 21:48:23,990 - INFO - 	loaded 187/1082 of the data.
2026-06-26 21:48:24,036 - INFO - 	loaded 188/1082 of the data.
2026-06-26 21:48:24,093 - INFO - 	loaded 189/1082 of the data.
2026-06-26 21:48:24,134 - INFO - 	loaded 190/1082 of the data.
2026-06-26 21:48:24,183 - INFO - 	loaded 191/1082 of the data.
2026-06-26 21:48:24,232 - INFO - 	loaded 192/1082 of the data.
2026-06-26 21:48:24,278 - INFO - 	loaded 193/1082 of the data.
2026-06-26 21:48:24,442 - INFO - 	loaded 194/1082 of the data.
2026-06-26 21:48:24,501 - INFO - 	loaded 195/1082 of the data.
2026-06-26 21:48:24,556 - INFO - 	loaded 196/1082 of the data.
2026-06-26 21:48:24,616 - INFO - 	loaded 197/1082 of the data.
2026-06-26 21:48:24,677 - INFO - 	loaded 198/1082 of the data.
2026-06-26 21:48:24,742 - INFO - 	loaded 199/1082 of the data.
2026-06-26 21:48:24,791 - INFO - 	loaded 200/1082 of the data.
2026-06-26 21:48:24,830 - INFO - 	loaded 201/1082 of the data.
2026-06-26 21:48:24,866 - INFO - 	loaded 202/1082 of the data.
2026-06-26 21:48:24,901 - INFO - 	loaded 203/1082 of the data.
2026-06-26 21:48:24,936 - INFO - 	loaded 204/1082 of the data.
2026-06-26 21:48:24,971 - INFO - 	loaded 205/1082 of the data.
2026-06-26 21:48:25,004 - INFO - 	loaded 206/1082 of the data.
2026-06-26 21:48:25,040 - INFO - 	loaded 207/1082 of the data.
2026-06-26 21:48:25,081 - INFO - 	loaded 208/1082 of the data.
2026-06-26 21:48:25,122 - INFO - 	loaded 209/1082 of the data.
2026-06-26 21:48:25,164 - INFO - 	loaded 210/1082 of the data.
2026-06-26 21:48:25,205 - INFO - 	loaded 211/1082 of the data.
2026-06-26 21:48:25,239 - INFO - 	loaded 212/1082 of the data.
2026-06-26 21:48:25,276 - INFO - 	loaded 213/1082 of the data.
2026-06-26 21:48:25,537 - INFO - 	loaded 214/1082 of the data.
2026-06-26 21:48:25,806 - INFO - 	loaded 215/1082 of the data.
2026-06-26 21:48:25,887 - INFO - 	loaded 216/1082 of the data.
2026-06-26 21:48:26,034 - INFO - 	loaded 217/1082 of the data.
2026-06-26 21:48:26,075 - INFO - 	loaded 218/1082 of the data.
2026-06-26 21:48:26,136 - INFO - 	loaded 219/1082 of the data.
2026-06-26 21:48:26,180 - INFO - 	loaded 220/1082 of the data.
2026-06-26 21:48:26,218 - INFO - 	loaded 221/1082 of the data.
2026-06-26 21:48:26,255 - INFO - 	loaded 222/1082 of the data.
2026-06-26 21:48:26,292 - INFO - 	loaded 223/1082 of the data.
2026-06-26 21:48:26,332 - INFO - 	loaded 224/1082 of the data.
2026-06-26 21:48:26,371 - INFO - 	loaded 225/1082 of the data.
2026-06-26 21:48:26,414 - INFO - 	loaded 226/1082 of the data.
2026-06-26 21:48:26,454 - INFO - 	loaded 227/1082 of the data.
2026-06-26 21:48:26,605 - INFO - 	loaded 228/1082 of the data.
2026-06-26 21:48:26,650 - INFO - 	loaded 229/1082 of the data.
2026-06-26 21:48:26,686 - INFO - 	loaded 230/1082 of the data.
2026-06-26 21:48:26,836 - INFO - 	loaded 231/1082 of the data.
2026-06-26 21:48:26,876 - INFO - 	loaded 232/1082 of the data.
2026-06-26 21:48:26,915 - INFO - 	loaded 233/1082 of the data.
2026-06-26 21:48:27,077 - INFO - 	loaded 234/1082 of the data.
2026-06-26 21:48:27,138 - INFO - 	loaded 235/1082 of the data.
2026-06-26 21:48:27,206 - INFO - 	loaded 236/1082 of the data.
2026-06-26 21:48:27,301 - INFO - 	loaded 237/1082 of the data.
2026-06-26 21:48:27,368 - INFO - 	loaded 238/1082 of the data.
2026-06-26 21:48:27,404 - INFO - 	loaded 239/1082 of the data.
2026-06-26 21:48:27,444 - INFO - 	loaded 240/1082 of the data.
2026-06-26 21:48:27,494 - INFO - 	loaded 241/1082 of the data.
2026-06-26 21:48:27,538 - INFO - 	loaded 242/1082 of the data.
2026-06-26 21:48:27,584 - INFO - 	loaded 243/1082 of the data.
2026-06-26 21:48:27,623 - INFO - 	loaded 244/1082 of the data.
2026-06-26 21:48:27,774 - INFO - 	loaded 245/1082 of the data.
2026-06-26 21:48:27,823 - INFO - 	loaded 246/1082 of the data.
2026-06-26 21:48:27,862 - INFO - 	loaded 247/1082 of the data.
2026-06-26 21:48:27,899 - INFO - 	loaded 248/1082 of the data.
2026-06-26 21:48:27,936 - INFO - 	loaded 249/1082 of the data.
2026-06-26 21:48:27,977 - INFO - 	loaded 250/1082 of the data.
2026-06-26 21:48:28,029 - INFO - 	loaded 251/1082 of the data.
2026-06-26 21:48:28,178 - INFO - 	loaded 252/1082 of the data.
2026-06-26 21:48:28,225 - INFO - 	loaded 253/1082 of the data.
2026-06-26 21:48:28,268 - INFO - 	loaded 254/1082 of the data.
2026-06-26 21:48:28,330 - INFO - 	loaded 255/1082 of the data.
2026-06-26 21:48:28,393 - INFO - 	loaded 256/1082 of the data.
2026-06-26 21:48:28,449 - INFO - 	loaded 257/1082 of the data.
2026-06-26 21:48:28,517 - INFO - 	loaded 258/1082 of the data.
2026-06-26 21:48:28,556 - INFO - 	loaded 259/1082 of the data.
2026-06-26 21:48:28,607 - INFO - 	loaded 260/1082 of the data.
2026-06-26 21:48:28,653 - INFO - 	loaded 261/1082 of the data.
2026-06-26 21:48:28,715 - INFO - 	loaded 262/1082 of the data.
2026-06-26 21:48:28,768 - INFO - 	loaded 263/1082 of the data.
2026-06-26 21:48:28,817 - INFO - 	loaded 264/1082 of the data.
2026-06-26 21:48:28,873 - INFO - 	loaded 265/1082 of the data.
2026-06-26 21:48:28,919 - INFO - 	loaded 266/1082 of the data.
2026-06-26 21:48:28,967 - INFO - 	loaded 267/1082 of the data.
2026-06-26 21:48:29,013 - INFO - 	loaded 268/1082 of the data.
2026-06-26 21:48:29,053 - INFO - 	loaded 269/1082 of the data.
2026-06-26 21:48:29,089 - INFO - 	loaded 270/1082 of the data.
2026-06-26 21:48:29,129 - INFO - 	loaded 271/1082 of the data.
2026-06-26 21:48:29,166 - INFO - 	loaded 272/1082 of the data.
2026-06-26 21:48:29,204 - INFO - 	loaded 273/1082 of the data.
2026-06-26 21:48:29,247 - INFO - 	loaded 274/1082 of the data.
2026-06-26 21:48:29,289 - INFO - 	loaded 275/1082 of the data.
2026-06-26 21:48:29,330 - INFO - 	loaded 276/1082 of the data.
2026-06-26 21:48:29,371 - INFO - 	loaded 277/1082 of the data.
2026-06-26 21:48:29,409 - INFO - 	loaded 278/1082 of the data.
2026-06-26 21:48:29,448 - INFO - 	loaded 279/1082 of the data.
2026-06-26 21:48:29,485 - INFO - 	loaded 280/1082 of the data.
2026-06-26 21:48:29,530 - INFO - 	loaded 281/1082 of the data.
2026-06-26 21:48:29,575 - INFO - 	loaded 282/1082 of the data.
2026-06-26 21:48:29,623 - INFO - 	loaded 283/1082 of the data.
2026-06-26 21:48:29,670 - INFO - 	loaded 284/1082 of the data.
2026-06-26 21:48:29,705 - INFO - 	loaded 285/1082 of the data.
2026-06-26 21:48:29,743 - INFO - 	loaded 286/1082 of the data.
2026-06-26 21:48:29,779 - INFO - 	loaded 287/1082 of the data.
2026-06-26 21:48:29,816 - INFO - 	loaded 288/1082 of the data.
2026-06-26 21:48:29,852 - INFO - 	loaded 289/1082 of the data.
2026-06-26 21:48:30,012 - INFO - 	loaded 290/1082 of the data.
2026-06-26 21:48:30,165 - INFO - 	loaded 291/1082 of the data.
2026-06-26 21:48:30,204 - INFO - 	loaded 292/1082 of the data.
2026-06-26 21:48:30,426 - INFO - 	loaded 293/1082 of the data.
2026-06-26 21:48:30,476 - INFO - 	loaded 294/1082 of the data.
2026-06-26 21:48:30,531 - INFO - 	loaded 295/1082 of the data.
2026-06-26 21:48:30,570 - INFO - 	loaded 296/1082 of the data.
2026-06-26 21:48:30,608 - INFO - 	loaded 297/1082 of the data.
2026-06-26 21:48:30,653 - INFO - 	loaded 298/1082 of the data.
2026-06-26 21:48:30,698 - INFO - 	loaded 299/1082 of the data.
2026-06-26 21:48:30,738 - INFO - 	loaded 300/1082 of the data.
2026-06-26 21:48:30,958 - INFO - 	loaded 301/1082 of the data.
2026-06-26 21:48:31,030 - INFO - 	loaded 302/1082 of the data.
2026-06-26 21:48:31,091 - INFO - 	loaded 303/1082 of the data.
2026-06-26 21:48:31,135 - INFO - 	loaded 304/1082 of the data.
2026-06-26 21:48:31,186 - INFO - 	loaded 305/1082 of the data.
2026-06-26 21:48:31,229 - INFO - 	loaded 306/1082 of the data.
2026-06-26 21:48:31,269 - INFO - 	loaded 307/1082 of the data.
2026-06-26 21:48:31,310 - INFO - 	loaded 308/1082 of the data.
2026-06-26 21:48:31,352 - INFO - 	loaded 309/1082 of the data.
2026-06-26 21:48:31,394 - INFO - 	loaded 310/1082 of the data.
2026-06-26 21:48:31,557 - INFO - 	loaded 311/1082 of the data.
2026-06-26 21:48:31,601 - INFO - 	loaded 312/1082 of the data.
2026-06-26 21:48:31,655 - INFO - 	loaded 313/1082 of the data.
2026-06-26 21:48:31,700 - INFO - 	loaded 314/1082 of the data.
2026-06-26 21:48:31,741 - INFO - 	loaded 315/1082 of the data.
2026-06-26 21:48:31,779 - INFO - 	loaded 316/1082 of the data.
2026-06-26 21:48:31,822 - INFO - 	loaded 317/1082 of the data.
2026-06-26 21:48:31,867 - INFO - 	loaded 318/1082 of the data.
2026-06-26 21:48:31,909 - INFO - 	loaded 319/1082 of the data.
2026-06-26 21:48:31,957 - INFO - 	loaded 320/1082 of the data.
2026-06-26 21:48:31,999 - INFO - 	loaded 321/1082 of the data.
2026-06-26 21:48:32,043 - INFO - 	loaded 322/1082 of the data.
2026-06-26 21:48:32,086 - INFO - 	loaded 323/1082 of the data.
2026-06-26 21:48:32,124 - INFO - 	loaded 324/1082 of the data.
2026-06-26 21:48:32,346 - INFO - 	loaded 325/1082 of the data.
2026-06-26 21:48:32,406 - INFO - 	loaded 326/1082 of the data.
2026-06-26 21:48:32,602 - INFO - 	loaded 327/1082 of the data.
2026-06-26 21:48:32,676 - INFO - 	loaded 328/1082 of the data.
2026-06-26 21:48:32,865 - INFO - 	loaded 329/1082 of the data.
2026-06-26 21:48:32,915 - INFO - 	loaded 330/1082 of the data.
2026-06-26 21:48:32,951 - INFO - 	loaded 331/1082 of the data.
2026-06-26 21:48:32,989 - INFO - 	loaded 332/1082 of the data.
2026-06-26 21:48:33,026 - INFO - 	loaded 333/1082 of the data.
2026-06-26 21:48:33,066 - INFO - 	loaded 334/1082 of the data.
2026-06-26 21:48:33,104 - INFO - 	loaded 335/1082 of the data.
2026-06-26 21:48:33,150 - INFO - 	loaded 336/1082 of the data.
2026-06-26 21:48:33,189 - INFO - 	loaded 337/1082 of the data.
2026-06-26 21:48:33,227 - INFO - 	loaded 338/1082 of the data.
2026-06-26 21:48:33,267 - INFO - 	loaded 339/1082 of the data.
2026-06-26 21:48:33,443 - INFO - 	loaded 340/1082 of the data.
2026-06-26 21:48:33,497 - INFO - 	loaded 341/1082 of the data.
2026-06-26 21:48:33,544 - INFO - 	loaded 342/1082 of the data.
2026-06-26 21:48:33,587 - INFO - 	loaded 343/1082 of the data.
2026-06-26 21:48:33,625 - INFO - 	loaded 344/1082 of the data.
2026-06-26 21:48:33,673 - INFO - 	loaded 345/1082 of the data.
2026-06-26 21:48:33,714 - INFO - 	loaded 346/1082 of the data.
2026-06-26 21:48:33,753 - INFO - 	loaded 347/1082 of the data.
2026-06-26 21:48:33,803 - INFO - 	loaded 348/1082 of the data.
2026-06-26 21:48:33,843 - INFO - 	loaded 349/1082 of the data.
2026-06-26 21:48:33,889 - INFO - 	loaded 350/1082 of the data.
2026-06-26 21:48:33,950 - INFO - 	loaded 351/1082 of the data.
2026-06-26 21:48:33,989 - INFO - 	loaded 352/1082 of the data.
2026-06-26 21:48:34,201 - INFO - 	loaded 353/1082 of the data.
2026-06-26 21:48:34,365 - INFO - 	loaded 354/1082 of the data.
2026-06-26 21:48:34,415 - INFO - 	loaded 355/1082 of the data.
2026-06-26 21:48:34,460 - INFO - 	loaded 356/1082 of the data.
2026-06-26 21:48:34,496 - INFO - 	loaded 357/1082 of the data.
2026-06-26 21:48:34,532 - INFO - 	loaded 358/1082 of the data.
2026-06-26 21:48:34,569 - INFO - 	loaded 359/1082 of the data.
2026-06-26 21:48:34,610 - INFO - 	loaded 360/1082 of the data.
2026-06-26 21:48:34,669 - INFO - 	loaded 361/1082 of the data.
2026-06-26 21:48:34,727 - INFO - 	loaded 362/1082 of the data.
2026-06-26 21:48:34,927 - INFO - 	loaded 363/1082 of the data.
2026-06-26 21:48:34,970 - INFO - 	loaded 364/1082 of the data.
2026-06-26 21:48:35,166 - INFO - 	loaded 365/1082 of the data.
2026-06-26 21:48:35,213 - INFO - 	loaded 366/1082 of the data.
2026-06-26 21:48:35,252 - INFO - 	loaded 367/1082 of the data.
2026-06-26 21:48:35,306 - INFO - 	loaded 368/1082 of the data.
2026-06-26 21:48:35,364 - INFO - 	loaded 369/1082 of the data.
2026-06-26 21:48:35,431 - INFO - 	loaded 370/1082 of the data.
2026-06-26 21:48:35,600 - INFO - 	loaded 371/1082 of the data.
2026-06-26 21:48:35,637 - INFO - 	loaded 372/1082 of the data.
2026-06-26 21:48:35,682 - INFO - 	loaded 373/1082 of the data.
2026-06-26 21:48:35,722 - INFO - 	loaded 374/1082 of the data.
2026-06-26 21:48:35,982 - INFO - 	loaded 375/1082 of the data.
2026-06-26 21:48:36,268 - INFO - 	loaded 376/1082 of the data.
2026-06-26 21:48:36,360 - INFO - 	loaded 377/1082 of the data.
2026-06-26 21:48:36,484 - INFO - 	loaded 378/1082 of the data.
2026-06-26 21:48:36,536 - INFO - 	loaded 379/1082 of the data.
2026-06-26 21:48:36,699 - INFO - 	loaded 380/1082 of the data.
2026-06-26 21:48:36,745 - INFO - 	loaded 381/1082 of the data.
2026-06-26 21:48:36,783 - INFO - 	loaded 382/1082 of the data.
2026-06-26 21:48:36,832 - INFO - 	loaded 383/1082 of the data.
2026-06-26 21:48:36,884 - INFO - 	loaded 384/1082 of the data.
2026-06-26 21:48:36,923 - INFO - 	loaded 385/1082 of the data.
2026-06-26 21:48:36,959 - INFO - 	loaded 386/1082 of the data.
2026-06-26 21:48:37,002 - INFO - 	loaded 387/1082 of the data.
2026-06-26 21:48:37,196 - INFO - 	loaded 388/1082 of the data.
2026-06-26 21:48:37,243 - INFO - 	loaded 389/1082 of the data.
2026-06-26 21:48:37,424 - INFO - 	loaded 390/1082 of the data.
2026-06-26 21:48:37,480 - INFO - 	loaded 391/1082 of the data.
2026-06-26 21:48:37,520 - INFO - 	loaded 392/1082 of the data.
2026-06-26 21:48:37,558 - INFO - 	loaded 393/1082 of the data.
2026-06-26 21:48:37,598 - INFO - 	loaded 394/1082 of the data.
2026-06-26 21:48:37,651 - INFO - 	loaded 395/1082 of the data.
2026-06-26 21:48:37,702 - INFO - 	loaded 396/1082 of the data.
2026-06-26 21:48:37,757 - INFO - 	loaded 397/1082 of the data.
2026-06-26 21:48:37,798 - INFO - 	loaded 398/1082 of the data.
2026-06-26 21:48:37,833 - INFO - 	loaded 399/1082 of the data.
2026-06-26 21:48:37,871 - INFO - 	loaded 400/1082 of the data.
2026-06-26 21:48:37,908 - INFO - 	loaded 401/1082 of the data.
2026-06-26 21:48:37,946 - INFO - 	loaded 402/1082 of the data.
2026-06-26 21:48:38,106 - INFO - 	loaded 403/1082 of the data.
2026-06-26 21:48:38,257 - INFO - 	loaded 404/1082 of the data.
2026-06-26 21:48:38,420 - INFO - 	loaded 405/1082 of the data.
2026-06-26 21:48:38,467 - INFO - 	loaded 406/1082 of the data.
2026-06-26 21:48:38,511 - INFO - 	loaded 407/1082 of the data.
2026-06-26 21:48:38,553 - INFO - 	loaded 408/1082 of the data.
2026-06-26 21:48:38,592 - INFO - 	loaded 409/1082 of the data.
2026-06-26 21:48:38,769 - INFO - 	loaded 410/1082 of the data.
2026-06-26 21:48:38,817 - INFO - 	loaded 411/1082 of the data.
2026-06-26 21:48:38,857 - INFO - 	loaded 412/1082 of the data.
2026-06-26 21:48:38,909 - INFO - 	loaded 413/1082 of the data.
2026-06-26 21:48:38,961 - INFO - 	loaded 414/1082 of the data.
2026-06-26 21:48:38,999 - INFO - 	loaded 415/1082 of the data.
2026-06-26 21:48:39,036 - INFO - 	loaded 416/1082 of the data.
2026-06-26 21:48:39,071 - INFO - 	loaded 417/1082 of the data.
2026-06-26 21:48:39,107 - INFO - 	loaded 418/1082 of the data.
2026-06-26 21:48:39,273 - INFO - 	loaded 419/1082 of the data.
2026-06-26 21:48:39,444 - INFO - 	loaded 420/1082 of the data.
2026-06-26 21:48:39,491 - INFO - 	loaded 421/1082 of the data.
2026-06-26 21:48:39,535 - INFO - 	loaded 422/1082 of the data.
2026-06-26 21:48:39,586 - INFO - 	loaded 423/1082 of the data.
2026-06-26 21:48:39,638 - INFO - 	loaded 424/1082 of the data.
2026-06-26 21:48:39,700 - INFO - 	loaded 425/1082 of the data.
2026-06-26 21:48:39,756 - INFO - 	loaded 426/1082 of the data.
2026-06-26 21:48:39,794 - INFO - 	loaded 427/1082 of the data.
2026-06-26 21:48:39,831 - INFO - 	loaded 428/1082 of the data.
2026-06-26 21:48:39,867 - INFO - 	loaded 429/1082 of the data.
2026-06-26 21:48:39,909 - INFO - 	loaded 430/1082 of the data.
2026-06-26 21:48:39,963 - INFO - 	loaded 431/1082 of the data.
2026-06-26 21:48:39,999 - INFO - 	loaded 432/1082 of the data.
2026-06-26 21:48:40,035 - INFO - 	loaded 433/1082 of the data.
2026-06-26 21:48:40,194 - INFO - 	loaded 434/1082 of the data.
2026-06-26 21:48:40,365 - INFO - 	loaded 435/1082 of the data.
2026-06-26 21:48:40,413 - INFO - 	loaded 436/1082 of the data.
2026-06-26 21:48:40,451 - INFO - 	loaded 437/1082 of the data.
2026-06-26 21:48:40,502 - INFO - 	loaded 438/1082 of the data.
2026-06-26 21:48:40,543 - INFO - 	loaded 439/1082 of the data.
2026-06-26 21:48:40,595 - INFO - 	loaded 440/1082 of the data.
2026-06-26 21:48:40,771 - INFO - 	loaded 441/1082 of the data.
2026-06-26 21:48:40,827 - INFO - 	loaded 442/1082 of the data.
2026-06-26 21:48:40,880 - INFO - 	loaded 443/1082 of the data.
2026-06-26 21:48:40,930 - INFO - 	loaded 444/1082 of the data.
2026-06-26 21:48:40,971 - INFO - 	loaded 445/1082 of the data.
2026-06-26 21:48:41,017 - INFO - 	loaded 446/1082 of the data.
2026-06-26 21:48:41,061 - INFO - 	loaded 447/1082 of the data.
2026-06-26 21:48:41,097 - INFO - 	loaded 448/1082 of the data.
2026-06-26 21:48:41,140 - INFO - 	loaded 449/1082 of the data.
2026-06-26 21:48:41,194 - INFO - 	loaded 450/1082 of the data.
2026-06-26 21:48:41,249 - INFO - 	loaded 451/1082 of the data.
2026-06-26 21:48:41,289 - INFO - 	loaded 452/1082 of the data.
2026-06-26 21:48:41,326 - INFO - 	loaded 453/1082 of the data.
2026-06-26 21:48:41,362 - INFO - 	loaded 454/1082 of the data.
2026-06-26 21:48:41,405 - INFO - 	loaded 455/1082 of the data.
2026-06-26 21:48:41,568 - INFO - 	loaded 456/1082 of the data.
2026-06-26 21:48:41,615 - INFO - 	loaded 457/1082 of the data.
2026-06-26 21:48:41,659 - INFO - 	loaded 458/1082 of the data.
2026-06-26 21:48:41,724 - INFO - 	loaded 459/1082 of the data.
2026-06-26 21:48:41,762 - INFO - 	loaded 460/1082 of the data.
2026-06-26 21:48:41,797 - INFO - 	loaded 461/1082 of the data.
2026-06-26 21:48:41,954 - INFO - 	loaded 462/1082 of the data.
2026-06-26 21:48:41,990 - INFO - 	loaded 463/1082 of the data.
2026-06-26 21:48:42,038 - INFO - 	loaded 464/1082 of the data.
2026-06-26 21:48:42,081 - INFO - 	loaded 465/1082 of the data.
2026-06-26 21:48:42,119 - INFO - 	loaded 466/1082 of the data.
2026-06-26 21:48:42,161 - INFO - 	loaded 467/1082 of the data.
2026-06-26 21:48:42,316 - INFO - 	loaded 468/1082 of the data.
2026-06-26 21:48:42,358 - INFO - 	loaded 469/1082 of the data.
2026-06-26 21:48:42,398 - INFO - 	loaded 470/1082 of the data.
2026-06-26 21:48:42,443 - INFO - 	loaded 471/1082 of the data.
2026-06-26 21:48:42,479 - INFO - 	loaded 472/1082 of the data.
2026-06-26 21:48:42,515 - INFO - 	loaded 473/1082 of the data.
2026-06-26 21:48:42,560 - INFO - 	loaded 474/1082 of the data.
2026-06-26 21:48:42,601 - INFO - 	loaded 475/1082 of the data.
2026-06-26 21:48:42,790 - INFO - 	loaded 476/1082 of the data.
2026-06-26 21:48:42,830 - INFO - 	loaded 477/1082 of the data.
2026-06-26 21:48:42,866 - INFO - 	loaded 478/1082 of the data.
2026-06-26 21:48:42,909 - INFO - 	loaded 479/1082 of the data.
2026-06-26 21:48:42,950 - INFO - 	loaded 480/1082 of the data.
2026-06-26 21:48:42,984 - INFO - 	loaded 481/1082 of the data.
2026-06-26 21:48:43,150 - INFO - 	loaded 482/1082 of the data.
2026-06-26 21:48:43,238 - INFO - 	loaded 483/1082 of the data.
2026-06-26 21:48:43,284 - INFO - 	loaded 484/1082 of the data.
2026-06-26 21:48:43,322 - INFO - 	loaded 485/1082 of the data.
2026-06-26 21:48:43,358 - INFO - 	loaded 486/1082 of the data.
2026-06-26 21:48:43,399 - INFO - 	loaded 487/1082 of the data.
2026-06-26 21:48:43,439 - INFO - 	loaded 488/1082 of the data.
2026-06-26 21:48:43,476 - INFO - 	loaded 489/1082 of the data.
2026-06-26 21:48:43,515 - INFO - 	loaded 490/1082 of the data.
2026-06-26 21:48:43,551 - INFO - 	loaded 491/1082 of the data.
2026-06-26 21:48:43,588 - INFO - 	loaded 492/1082 of the data.
2026-06-26 21:48:43,626 - INFO - 	loaded 493/1082 of the data.
2026-06-26 21:48:43,665 - INFO - 	loaded 494/1082 of the data.
2026-06-26 21:48:43,704 - INFO - 	loaded 495/1082 of the data.
2026-06-26 21:48:43,746 - INFO - 	loaded 496/1082 of the data.
2026-06-26 21:48:43,961 - INFO - 	loaded 497/1082 of the data.
2026-06-26 21:48:44,011 - INFO - 	loaded 498/1082 of the data.
2026-06-26 21:48:44,056 - INFO - 	loaded 499/1082 of the data.
2026-06-26 21:48:44,093 - INFO - 	loaded 500/1082 of the data.
2026-06-26 21:48:44,130 - INFO - 	loaded 501/1082 of the data.
2026-06-26 21:48:44,166 - INFO - 	loaded 502/1082 of the data.
2026-06-26 21:48:44,214 - INFO - 	loaded 503/1082 of the data.
2026-06-26 21:48:44,249 - INFO - 	loaded 504/1082 of the data.
2026-06-26 21:48:44,287 - INFO - 	loaded 505/1082 of the data.
2026-06-26 21:48:44,324 - INFO - 	loaded 506/1082 of the data.
2026-06-26 21:48:44,491 - INFO - 	loaded 507/1082 of the data.
2026-06-26 21:48:44,552 - INFO - 	loaded 508/1082 of the data.
2026-06-26 21:48:44,740 - INFO - 	loaded 509/1082 of the data.
2026-06-26 21:48:44,789 - INFO - 	loaded 510/1082 of the data.
2026-06-26 21:48:44,838 - INFO - 	loaded 511/1082 of the data.
2026-06-26 21:48:44,881 - INFO - 	loaded 512/1082 of the data.
2026-06-26 21:48:44,922 - INFO - 	loaded 513/1082 of the data.
2026-06-26 21:48:45,101 - INFO - 	loaded 514/1082 of the data.
2026-06-26 21:48:45,152 - INFO - 	loaded 515/1082 of the data.
2026-06-26 21:48:45,199 - INFO - 	loaded 516/1082 of the data.
2026-06-26 21:48:45,261 - INFO - 	loaded 517/1082 of the data.
2026-06-26 21:48:45,300 - INFO - 	loaded 518/1082 of the data.
2026-06-26 21:48:45,341 - INFO - 	loaded 519/1082 of the data.
2026-06-26 21:48:45,385 - INFO - 	loaded 520/1082 of the data.
2026-06-26 21:48:45,421 - INFO - 	loaded 521/1082 of the data.
2026-06-26 21:48:45,593 - INFO - 	loaded 522/1082 of the data.
2026-06-26 21:48:45,640 - INFO - 	loaded 523/1082 of the data.
2026-06-26 21:48:45,680 - INFO - 	loaded 524/1082 of the data.
2026-06-26 21:48:45,722 - INFO - 	loaded 525/1082 of the data.
2026-06-26 21:48:45,763 - INFO - 	loaded 526/1082 of the data.
2026-06-26 21:48:45,803 - INFO - 	loaded 527/1082 of the data.
2026-06-26 21:48:45,844 - INFO - 	loaded 528/1082 of the data.
2026-06-26 21:48:45,886 - INFO - 	loaded 529/1082 of the data.
2026-06-26 21:48:45,928 - INFO - 	loaded 530/1082 of the data.
2026-06-26 21:48:45,963 - INFO - 	loaded 531/1082 of the data.
2026-06-26 21:48:45,999 - INFO - 	loaded 532/1082 of the data.
2026-06-26 21:48:46,035 - INFO - 	loaded 533/1082 of the data.
2026-06-26 21:48:46,069 - INFO - 	loaded 534/1082 of the data.
2026-06-26 21:48:46,108 - INFO - 	loaded 535/1082 of the data.
2026-06-26 21:48:46,146 - INFO - 	loaded 536/1082 of the data.
2026-06-26 21:48:46,180 - INFO - 	loaded 537/1082 of the data.
2026-06-26 21:48:46,223 - INFO - 	loaded 538/1082 of the data.
2026-06-26 21:48:46,261 - INFO - 	loaded 539/1082 of the data.
2026-06-26 21:48:46,299 - INFO - 	loaded 540/1082 of the data.
2026-06-26 21:48:46,336 - INFO - 	loaded 541/1082 of the data.
2026-06-26 21:48:46,500 - INFO - 	loaded 542/1082 of the data.
2026-06-26 21:48:46,690 - INFO - 	loaded 543/1082 of the data.
2026-06-26 21:48:46,740 - INFO - 	loaded 544/1082 of the data.
2026-06-26 21:48:46,783 - INFO - 	loaded 545/1082 of the data.
2026-06-26 21:48:46,834 - INFO - 	loaded 546/1082 of the data.
2026-06-26 21:48:46,886 - INFO - 	loaded 547/1082 of the data.
2026-06-26 21:48:46,945 - INFO - 	loaded 548/1082 of the data.
2026-06-26 21:48:47,005 - INFO - 	loaded 549/1082 of the data.
2026-06-26 21:48:47,045 - INFO - 	loaded 550/1082 of the data.
2026-06-26 21:48:47,220 - INFO - 	loaded 551/1082 of the data.
2026-06-26 21:48:47,289 - INFO - 	loaded 552/1082 of the data.
2026-06-26 21:48:47,325 - INFO - 	loaded 553/1082 of the data.
2026-06-26 21:48:47,495 - INFO - 	loaded 554/1082 of the data.
2026-06-26 21:48:47,557 - INFO - 	loaded 555/1082 of the data.
2026-06-26 21:48:47,604 - INFO - 	loaded 556/1082 of the data.
2026-06-26 21:48:47,644 - INFO - 	loaded 557/1082 of the data.
2026-06-26 21:48:47,686 - INFO - 	loaded 558/1082 of the data.
2026-06-26 21:48:47,853 - INFO - 	loaded 559/1082 of the data.
2026-06-26 21:48:47,907 - INFO - 	loaded 560/1082 of the data.
2026-06-26 21:48:47,961 - INFO - 	loaded 561/1082 of the data.
2026-06-26 21:48:48,003 - INFO - 	loaded 562/1082 of the data.
2026-06-26 21:48:48,045 - INFO - 	loaded 563/1082 of the data.
2026-06-26 21:48:48,082 - INFO - 	loaded 564/1082 of the data.
2026-06-26 21:48:48,119 - INFO - 	loaded 565/1082 of the data.
2026-06-26 21:48:48,340 - INFO - 	loaded 566/1082 of the data.
2026-06-26 21:48:48,386 - INFO - 	loaded 567/1082 of the data.
2026-06-26 21:48:48,434 - INFO - 	loaded 568/1082 of the data.
2026-06-26 21:48:48,481 - INFO - 	loaded 569/1082 of the data.
2026-06-26 21:48:48,527 - INFO - 	loaded 570/1082 of the data.
2026-06-26 21:48:48,595 - INFO - 	loaded 571/1082 of the data.
2026-06-26 21:48:48,638 - INFO - 	loaded 572/1082 of the data.
2026-06-26 21:48:48,679 - INFO - 	loaded 573/1082 of the data.
2026-06-26 21:48:48,896 - INFO - 	loaded 574/1082 of the data.
2026-06-26 21:48:48,945 - INFO - 	loaded 575/1082 of the data.
2026-06-26 21:48:49,158 - INFO - 	loaded 576/1082 of the data.
2026-06-26 21:48:49,213 - INFO - 	loaded 577/1082 of the data.
2026-06-26 21:48:49,261 - INFO - 	loaded 578/1082 of the data.
2026-06-26 21:48:49,437 - INFO - 	loaded 579/1082 of the data.
2026-06-26 21:48:49,505 - INFO - 	loaded 580/1082 of the data.
2026-06-26 21:48:49,556 - INFO - 	loaded 581/1082 of the data.
2026-06-26 21:48:49,618 - INFO - 	loaded 582/1082 of the data.
2026-06-26 21:48:49,673 - INFO - 	loaded 583/1082 of the data.
2026-06-26 21:48:49,718 - INFO - 	loaded 584/1082 of the data.
2026-06-26 21:48:49,759 - INFO - 	loaded 585/1082 of the data.
2026-06-26 21:48:49,798 - INFO - 	loaded 586/1082 of the data.
2026-06-26 21:48:49,836 - INFO - 	loaded 587/1082 of the data.
2026-06-26 21:48:49,873 - INFO - 	loaded 588/1082 of the data.
2026-06-26 21:48:49,936 - INFO - 	loaded 589/1082 of the data.
2026-06-26 21:48:49,974 - INFO - 	loaded 590/1082 of the data.
2026-06-26 21:48:50,010 - INFO - 	loaded 591/1082 of the data.
2026-06-26 21:48:50,047 - INFO - 	loaded 592/1082 of the data.
2026-06-26 21:48:50,088 - INFO - 	loaded 593/1082 of the data.
2026-06-26 21:48:50,131 - INFO - 	loaded 594/1082 of the data.
2026-06-26 21:48:50,170 - INFO - 	loaded 595/1082 of the data.
2026-06-26 21:48:50,217 - INFO - 	loaded 596/1082 of the data.
2026-06-26 21:48:50,257 - INFO - 	loaded 597/1082 of the data.
2026-06-26 21:48:50,427 - INFO - 	loaded 598/1082 of the data.
2026-06-26 21:48:50,486 - INFO - 	loaded 599/1082 of the data.
2026-06-26 21:48:50,546 - INFO - 	loaded 600/1082 of the data.
2026-06-26 21:48:50,597 - INFO - 	loaded 601/1082 of the data.
2026-06-26 21:48:50,651 - INFO - 	loaded 602/1082 of the data.
2026-06-26 21:48:50,704 - INFO - 	loaded 603/1082 of the data.
2026-06-26 21:48:50,743 - INFO - 	loaded 604/1082 of the data.
2026-06-26 21:48:50,783 - INFO - 	loaded 605/1082 of the data.
2026-06-26 21:48:50,819 - INFO - 	loaded 606/1082 of the data.
2026-06-26 21:48:51,048 - INFO - 	loaded 607/1082 of the data.
2026-06-26 21:48:51,086 - INFO - 	loaded 608/1082 of the data.
2026-06-26 21:48:51,124 - INFO - 	loaded 609/1082 of the data.
2026-06-26 21:48:51,166 - INFO - 	loaded 610/1082 of the data.
2026-06-26 21:48:51,212 - INFO - 	loaded 611/1082 of the data.
2026-06-26 21:48:51,279 - INFO - 	loaded 612/1082 of the data.
2026-06-26 21:48:51,340 - INFO - 	loaded 613/1082 of the data.
2026-06-26 21:48:51,378 - INFO - 	loaded 614/1082 of the data.
2026-06-26 21:48:51,531 - INFO - 	loaded 615/1082 of the data.
2026-06-26 21:48:51,569 - INFO - 	loaded 616/1082 of the data.
2026-06-26 21:48:51,613 - INFO - 	loaded 617/1082 of the data.
2026-06-26 21:48:51,653 - INFO - 	loaded 618/1082 of the data.
2026-06-26 21:48:51,689 - INFO - 	loaded 619/1082 of the data.
2026-06-26 21:48:51,734 - INFO - 	loaded 620/1082 of the data.
2026-06-26 21:48:51,806 - INFO - 	loaded 621/1082 of the data.
2026-06-26 21:48:51,848 - INFO - 	loaded 622/1082 of the data.
2026-06-26 21:48:51,884 - INFO - 	loaded 623/1082 of the data.
2026-06-26 21:48:52,079 - INFO - 	loaded 624/1082 of the data.
2026-06-26 21:48:52,126 - INFO - 	loaded 625/1082 of the data.
2026-06-26 21:48:52,169 - INFO - 	loaded 626/1082 of the data.
2026-06-26 21:48:52,207 - INFO - 	loaded 627/1082 of the data.
2026-06-26 21:48:52,250 - INFO - 	loaded 628/1082 of the data.
2026-06-26 21:48:52,310 - INFO - 	loaded 629/1082 of the data.
2026-06-26 21:48:52,469 - INFO - 	loaded 630/1082 of the data.
2026-06-26 21:48:52,510 - INFO - 	loaded 631/1082 of the data.
2026-06-26 21:48:52,553 - INFO - 	loaded 632/1082 of the data.
2026-06-26 21:48:52,596 - INFO - 	loaded 633/1082 of the data.
2026-06-26 21:48:52,764 - INFO - 	loaded 634/1082 of the data.
2026-06-26 21:48:52,844 - INFO - 	loaded 635/1082 of the data.
2026-06-26 21:48:52,901 - INFO - 	loaded 636/1082 of the data.
2026-06-26 21:48:52,942 - INFO - 	loaded 637/1082 of the data.
2026-06-26 21:48:53,126 - INFO - 	loaded 638/1082 of the data.
2026-06-26 21:48:53,170 - INFO - 	loaded 639/1082 of the data.
2026-06-26 21:48:53,210 - INFO - 	loaded 640/1082 of the data.
2026-06-26 21:48:53,250 - INFO - 	loaded 641/1082 of the data.
2026-06-26 21:48:53,305 - INFO - 	loaded 642/1082 of the data.
2026-06-26 21:48:53,357 - INFO - 	loaded 643/1082 of the data.
2026-06-26 21:48:53,403 - INFO - 	loaded 644/1082 of the data.
2026-06-26 21:48:53,562 - INFO - 	loaded 645/1082 of the data.
2026-06-26 21:48:53,636 - INFO - 	loaded 646/1082 of the data.
2026-06-26 21:48:53,676 - INFO - 	loaded 647/1082 of the data.
2026-06-26 21:48:53,717 - INFO - 	loaded 648/1082 of the data.
2026-06-26 21:48:53,757 - INFO - 	loaded 649/1082 of the data.
2026-06-26 21:48:53,800 - INFO - 	loaded 650/1082 of the data.
2026-06-26 21:48:53,844 - INFO - 	loaded 651/1082 of the data.
2026-06-26 21:48:53,887 - INFO - 	loaded 652/1082 of the data.
2026-06-26 21:48:53,927 - INFO - 	loaded 653/1082 of the data.
2026-06-26 21:48:53,974 - INFO - 	loaded 654/1082 of the data.
2026-06-26 21:48:54,038 - INFO - 	loaded 655/1082 of the data.
2026-06-26 21:48:54,093 - INFO - 	loaded 656/1082 of the data.
2026-06-26 21:48:54,145 - INFO - 	loaded 657/1082 of the data.
2026-06-26 21:48:54,195 - INFO - 	loaded 658/1082 of the data.
2026-06-26 21:48:54,272 - INFO - 	loaded 659/1082 of the data.
2026-06-26 21:48:54,332 - INFO - 	loaded 660/1082 of the data.
2026-06-26 21:48:54,377 - INFO - 	loaded 661/1082 of the data.
2026-06-26 21:48:54,431 - INFO - 	loaded 662/1082 of the data.
2026-06-26 21:48:54,469 - INFO - 	loaded 663/1082 of the data.
2026-06-26 21:48:54,504 - INFO - 	loaded 664/1082 of the data.
2026-06-26 21:48:54,542 - INFO - 	loaded 665/1082 of the data.
2026-06-26 21:48:54,576 - INFO - 	loaded 666/1082 of the data.
2026-06-26 21:48:54,799 - INFO - 	loaded 667/1082 of the data.
2026-06-26 21:48:55,004 - INFO - 	loaded 668/1082 of the data.
2026-06-26 21:48:55,093 - INFO - 	loaded 669/1082 of the data.
2026-06-26 21:48:55,143 - INFO - 	loaded 670/1082 of the data.
2026-06-26 21:48:55,357 - INFO - 	loaded 671/1082 of the data.
2026-06-26 21:48:55,556 - INFO - 	loaded 672/1082 of the data.
2026-06-26 21:48:55,614 - INFO - 	loaded 673/1082 of the data.
2026-06-26 21:48:55,794 - INFO - 	loaded 674/1082 of the data.
2026-06-26 21:48:55,850 - INFO - 	loaded 675/1082 of the data.
2026-06-26 21:48:55,900 - INFO - 	loaded 676/1082 of the data.
2026-06-26 21:48:55,942 - INFO - 	loaded 677/1082 of the data.
2026-06-26 21:48:56,100 - INFO - 	loaded 678/1082 of the data.
2026-06-26 21:48:56,149 - INFO - 	loaded 679/1082 of the data.
2026-06-26 21:48:56,319 - INFO - 	loaded 680/1082 of the data.
2026-06-26 21:48:56,503 - INFO - 	loaded 681/1082 of the data.
2026-06-26 21:48:56,686 - INFO - 	loaded 682/1082 of the data.
2026-06-26 21:48:56,752 - INFO - 	loaded 683/1082 of the data.
2026-06-26 21:48:56,799 - INFO - 	loaded 684/1082 of the data.
2026-06-26 21:48:56,838 - INFO - 	loaded 685/1082 of the data.
2026-06-26 21:48:56,892 - INFO - 	loaded 686/1082 of the data.
2026-06-26 21:48:56,948 - INFO - 	loaded 687/1082 of the data.
2026-06-26 21:48:56,993 - INFO - 	loaded 688/1082 of the data.
2026-06-26 21:48:57,030 - INFO - 	loaded 689/1082 of the data.
2026-06-26 21:48:57,072 - INFO - 	loaded 690/1082 of the data.
2026-06-26 21:48:57,108 - INFO - 	loaded 691/1082 of the data.
2026-06-26 21:48:57,150 - INFO - 	loaded 692/1082 of the data.
2026-06-26 21:48:57,186 - INFO - 	loaded 693/1082 of the data.
2026-06-26 21:48:57,224 - INFO - 	loaded 694/1082 of the data.
2026-06-26 21:48:57,271 - INFO - 	loaded 695/1082 of the data.
2026-06-26 21:48:57,336 - INFO - 	loaded 696/1082 of the data.
2026-06-26 21:48:57,389 - INFO - 	loaded 697/1082 of the data.
2026-06-26 21:48:57,423 - INFO - 	loaded 698/1082 of the data.
2026-06-26 21:48:57,458 - INFO - 	loaded 699/1082 of the data.
2026-06-26 21:48:57,501 - INFO - 	loaded 700/1082 of the data.
2026-06-26 21:48:57,540 - INFO - 	loaded 701/1082 of the data.
2026-06-26 21:48:57,579 - INFO - 	loaded 702/1082 of the data.
2026-06-26 21:48:57,617 - INFO - 	loaded 703/1082 of the data.
2026-06-26 21:48:57,656 - INFO - 	loaded 704/1082 of the data.
2026-06-26 21:48:57,693 - INFO - 	loaded 705/1082 of the data.
2026-06-26 21:48:57,735 - INFO - 	loaded 706/1082 of the data.
2026-06-26 21:48:57,779 - INFO - 	loaded 707/1082 of the data.
2026-06-26 21:48:57,819 - INFO - 	loaded 708/1082 of the data.
2026-06-26 21:48:57,864 - INFO - 	loaded 709/1082 of the data.
2026-06-26 21:48:57,904 - INFO - 	loaded 710/1082 of the data.
2026-06-26 21:48:58,141 - INFO - 	loaded 711/1082 of the data.
2026-06-26 21:48:58,197 - INFO - 	loaded 712/1082 of the data.
2026-06-26 21:48:58,238 - INFO - 	loaded 713/1082 of the data.
2026-06-26 21:48:58,275 - INFO - 	loaded 714/1082 of the data.
2026-06-26 21:48:58,325 - INFO - 	loaded 715/1082 of the data.
2026-06-26 21:48:58,370 - INFO - 	loaded 716/1082 of the data.
2026-06-26 21:48:58,408 - INFO - 	loaded 717/1082 of the data.
2026-06-26 21:48:58,443 - INFO - 	loaded 718/1082 of the data.
2026-06-26 21:48:58,485 - INFO - 	loaded 719/1082 of the data.
2026-06-26 21:48:58,520 - INFO - 	loaded 720/1082 of the data.
2026-06-26 21:48:58,554 - INFO - 	loaded 721/1082 of the data.
2026-06-26 21:48:58,591 - INFO - 	loaded 722/1082 of the data.
2026-06-26 21:48:58,633 - INFO - 	loaded 723/1082 of the data.
2026-06-26 21:48:58,673 - INFO - 	loaded 724/1082 of the data.
2026-06-26 21:48:58,718 - INFO - 	loaded 725/1082 of the data.
2026-06-26 21:48:58,919 - INFO - 	loaded 726/1082 of the data.
2026-06-26 21:48:58,962 - INFO - 	loaded 727/1082 of the data.
2026-06-26 21:48:59,006 - INFO - 	loaded 728/1082 of the data.
2026-06-26 21:48:59,055 - INFO - 	loaded 729/1082 of the data.
2026-06-26 21:48:59,211 - INFO - 	loaded 730/1082 of the data.
2026-06-26 21:48:59,253 - INFO - 	loaded 731/1082 of the data.
2026-06-26 21:48:59,297 - INFO - 	loaded 732/1082 of the data.
2026-06-26 21:48:59,365 - INFO - 	loaded 733/1082 of the data.
2026-06-26 21:48:59,404 - INFO - 	loaded 734/1082 of the data.
2026-06-26 21:48:59,578 - INFO - 	loaded 735/1082 of the data.
2026-06-26 21:48:59,745 - INFO - 	loaded 736/1082 of the data.
2026-06-26 21:48:59,782 - INFO - 	loaded 737/1082 of the data.
2026-06-26 21:48:59,815 - INFO - 	loaded 738/1082 of the data.
2026-06-26 21:48:59,988 - INFO - 	loaded 739/1082 of the data.
2026-06-26 21:49:00,053 - INFO - 	loaded 740/1082 of the data.
2026-06-26 21:49:00,224 - INFO - 	loaded 741/1082 of the data.
2026-06-26 21:49:00,387 - INFO - 	loaded 742/1082 of the data.
2026-06-26 21:49:00,428 - INFO - 	loaded 743/1082 of the data.
2026-06-26 21:49:00,479 - INFO - 	loaded 744/1082 of the data.
2026-06-26 21:49:00,525 - INFO - 	loaded 745/1082 of the data.
2026-06-26 21:49:00,564 - INFO - 	loaded 746/1082 of the data.
2026-06-26 21:49:00,610 - INFO - 	loaded 747/1082 of the data.
2026-06-26 21:49:00,648 - INFO - 	loaded 748/1082 of the data.
2026-06-26 21:49:00,690 - INFO - 	loaded 749/1082 of the data.
2026-06-26 21:49:00,760 - INFO - 	loaded 750/1082 of the data.
2026-06-26 21:49:00,946 - INFO - 	loaded 751/1082 of the data.
2026-06-26 21:49:01,160 - INFO - 	loaded 752/1082 of the data.
2026-06-26 21:49:01,241 - INFO - 	loaded 753/1082 of the data.
2026-06-26 21:49:01,402 - INFO - 	loaded 754/1082 of the data.
2026-06-26 21:49:01,451 - INFO - 	loaded 755/1082 of the data.
2026-06-26 21:49:01,497 - INFO - 	loaded 756/1082 of the data.
2026-06-26 21:49:01,698 - INFO - 	loaded 757/1082 of the data.
2026-06-26 21:49:01,748 - INFO - 	loaded 758/1082 of the data.
2026-06-26 21:49:01,787 - INFO - 	loaded 759/1082 of the data.
2026-06-26 21:49:01,824 - INFO - 	loaded 760/1082 of the data.
2026-06-26 21:49:01,996 - INFO - 	loaded 761/1082 of the data.
2026-06-26 21:49:02,065 - INFO - 	loaded 762/1082 of the data.
2026-06-26 21:49:02,129 - INFO - 	loaded 763/1082 of the data.
2026-06-26 21:49:02,193 - INFO - 	loaded 764/1082 of the data.
2026-06-26 21:49:02,266 - INFO - 	loaded 765/1082 of the data.
2026-06-26 21:49:02,304 - INFO - 	loaded 766/1082 of the data.
2026-06-26 21:49:02,513 - INFO - 	loaded 767/1082 of the data.
2026-06-26 21:49:02,569 - INFO - 	loaded 768/1082 of the data.
2026-06-26 21:49:02,630 - INFO - 	loaded 769/1082 of the data.
2026-06-26 21:49:02,714 - INFO - 	loaded 770/1082 of the data.
2026-06-26 21:49:02,793 - INFO - 	loaded 771/1082 of the data.
2026-06-26 21:49:02,839 - INFO - 	loaded 772/1082 of the data.
2026-06-26 21:49:03,024 - INFO - 	loaded 773/1082 of the data.
2026-06-26 21:49:03,067 - INFO - 	loaded 774/1082 of the data.
2026-06-26 21:49:03,110 - INFO - 	loaded 775/1082 of the data.
2026-06-26 21:49:03,155 - INFO - 	loaded 776/1082 of the data.
2026-06-26 21:49:03,218 - INFO - 	loaded 777/1082 of the data.
2026-06-26 21:49:03,276 - INFO - 	loaded 778/1082 of the data.
2026-06-26 21:49:03,312 - INFO - 	loaded 779/1082 of the data.
2026-06-26 21:49:03,349 - INFO - 	loaded 780/1082 of the data.
2026-06-26 21:49:03,391 - INFO - 	loaded 781/1082 of the data.
2026-06-26 21:49:03,540 - INFO - 	loaded 782/1082 of the data.
2026-06-26 21:49:03,592 - INFO - 	loaded 783/1082 of the data.
2026-06-26 21:49:03,648 - INFO - 	loaded 784/1082 of the data.
2026-06-26 21:49:03,811 - INFO - 	loaded 785/1082 of the data.
2026-06-26 21:49:03,984 - INFO - 	loaded 786/1082 of the data.
2026-06-26 21:49:04,031 - INFO - 	loaded 787/1082 of the data.
2026-06-26 21:49:04,074 - INFO - 	loaded 788/1082 of the data.
2026-06-26 21:49:04,122 - INFO - 	loaded 789/1082 of the data.
2026-06-26 21:49:04,164 - INFO - 	loaded 790/1082 of the data.
2026-06-26 21:49:04,202 - INFO - 	loaded 791/1082 of the data.
2026-06-26 21:49:04,249 - INFO - 	loaded 792/1082 of the data.
2026-06-26 21:49:04,305 - INFO - 	loaded 793/1082 of the data.
2026-06-26 21:49:04,353 - INFO - 	loaded 794/1082 of the data.
2026-06-26 21:49:04,403 - INFO - 	loaded 795/1082 of the data.
2026-06-26 21:49:04,451 - INFO - 	loaded 796/1082 of the data.
2026-06-26 21:49:04,501 - INFO - 	loaded 797/1082 of the data.
2026-06-26 21:49:04,540 - INFO - 	loaded 798/1082 of the data.
2026-06-26 21:49:04,579 - INFO - 	loaded 799/1082 of the data.
2026-06-26 21:49:04,615 - INFO - 	loaded 800/1082 of the data.
2026-06-26 21:49:04,651 - INFO - 	loaded 801/1082 of the data.
2026-06-26 21:49:04,691 - INFO - 	loaded 802/1082 of the data.
2026-06-26 21:49:04,734 - INFO - 	loaded 803/1082 of the data.
2026-06-26 21:49:04,912 - INFO - 	loaded 804/1082 of the data.
2026-06-26 21:49:04,959 - INFO - 	loaded 805/1082 of the data.
2026-06-26 21:49:05,008 - INFO - 	loaded 806/1082 of the data.
2026-06-26 21:49:05,062 - INFO - 	loaded 807/1082 of the data.
2026-06-26 21:49:05,241 - INFO - 	loaded 808/1082 of the data.
2026-06-26 21:49:05,287 - INFO - 	loaded 809/1082 of the data.
2026-06-26 21:49:05,330 - INFO - 	loaded 810/1082 of the data.
2026-06-26 21:49:05,378 - INFO - 	loaded 811/1082 of the data.
2026-06-26 21:49:05,434 - INFO - 	loaded 812/1082 of the data.
2026-06-26 21:49:05,475 - INFO - 	loaded 813/1082 of the data.
2026-06-26 21:49:05,515 - INFO - 	loaded 814/1082 of the data.
2026-06-26 21:49:05,569 - INFO - 	loaded 815/1082 of the data.
2026-06-26 21:49:05,642 - INFO - 	loaded 816/1082 of the data.
2026-06-26 21:49:05,695 - INFO - 	loaded 817/1082 of the data.
2026-06-26 21:49:05,731 - INFO - 	loaded 818/1082 of the data.
2026-06-26 21:49:05,768 - INFO - 	loaded 819/1082 of the data.
2026-06-26 21:49:05,939 - INFO - 	loaded 820/1082 of the data.
2026-06-26 21:49:06,289 - INFO - 	loaded 821/1082 of the data.
2026-06-26 21:49:06,329 - INFO - 	loaded 822/1082 of the data.
2026-06-26 21:49:06,371 - INFO - 	loaded 823/1082 of the data.
2026-06-26 21:49:06,425 - INFO - 	loaded 824/1082 of the data.
2026-06-26 21:49:06,572 - INFO - 	loaded 825/1082 of the data.
2026-06-26 21:49:06,617 - INFO - 	loaded 826/1082 of the data.
2026-06-26 21:49:06,655 - INFO - 	loaded 827/1082 of the data.
2026-06-26 21:49:06,697 - INFO - 	loaded 828/1082 of the data.
2026-06-26 21:49:06,738 - INFO - 	loaded 829/1082 of the data.
2026-06-26 21:49:06,775 - INFO - 	loaded 830/1082 of the data.
2026-06-26 21:49:06,951 - INFO - 	loaded 831/1082 of the data.
2026-06-26 21:49:07,107 - INFO - 	loaded 832/1082 of the data.
2026-06-26 21:49:07,145 - INFO - 	loaded 833/1082 of the data.
2026-06-26 21:49:07,185 - INFO - 	loaded 834/1082 of the data.
2026-06-26 21:49:07,372 - INFO - 	loaded 835/1082 of the data.
2026-06-26 21:49:07,452 - INFO - 	loaded 836/1082 of the data.
2026-06-26 21:49:07,679 - INFO - 	loaded 837/1082 of the data.
2026-06-26 21:49:07,866 - INFO - 	loaded 838/1082 of the data.
2026-06-26 21:49:07,954 - INFO - 	loaded 839/1082 of the data.
2026-06-26 21:49:08,009 - INFO - 	loaded 840/1082 of the data.
2026-06-26 21:49:08,070 - INFO - 	loaded 841/1082 of the data.
2026-06-26 21:49:08,116 - INFO - 	loaded 842/1082 of the data.
2026-06-26 21:49:08,164 - INFO - 	loaded 843/1082 of the data.
2026-06-26 21:49:08,218 - INFO - 	loaded 844/1082 of the data.
2026-06-26 21:49:08,394 - INFO - 	loaded 845/1082 of the data.
2026-06-26 21:49:08,574 - INFO - 	loaded 846/1082 of the data.
2026-06-26 21:49:08,635 - INFO - 	loaded 847/1082 of the data.
2026-06-26 21:49:08,681 - INFO - 	loaded 848/1082 of the data.
2026-06-26 21:49:08,873 - INFO - 	loaded 849/1082 of the data.
2026-06-26 21:49:08,914 - INFO - 	loaded 850/1082 of the data.
2026-06-26 21:49:08,955 - INFO - 	loaded 851/1082 of the data.
2026-06-26 21:49:08,993 - INFO - 	loaded 852/1082 of the data.
2026-06-26 21:49:09,038 - INFO - 	loaded 853/1082 of the data.
2026-06-26 21:49:09,078 - INFO - 	loaded 854/1082 of the data.
2026-06-26 21:49:09,123 - INFO - 	loaded 855/1082 of the data.
2026-06-26 21:49:09,171 - INFO - 	loaded 856/1082 of the data.
2026-06-26 21:49:09,369 - INFO - 	loaded 857/1082 of the data.
2026-06-26 21:49:09,544 - INFO - 	loaded 858/1082 of the data.
2026-06-26 21:49:09,733 - INFO - 	loaded 859/1082 of the data.
2026-06-26 21:49:09,825 - INFO - 	loaded 860/1082 of the data.
2026-06-26 21:49:09,889 - INFO - 	loaded 861/1082 of the data.
2026-06-26 21:49:09,936 - INFO - 	loaded 862/1082 of the data.
2026-06-26 21:49:09,984 - INFO - 	loaded 863/1082 of the data.
2026-06-26 21:49:10,023 - INFO - 	loaded 864/1082 of the data.
2026-06-26 21:49:10,062 - INFO - 	loaded 865/1082 of the data.
2026-06-26 21:49:10,233 - INFO - 	loaded 866/1082 of the data.
2026-06-26 21:49:10,281 - INFO - 	loaded 867/1082 of the data.
2026-06-26 21:49:10,340 - INFO - 	loaded 868/1082 of the data.
2026-06-26 21:49:10,434 - INFO - 	loaded 869/1082 of the data.
2026-06-26 21:49:10,512 - INFO - 	loaded 870/1082 of the data.
2026-06-26 21:49:10,565 - INFO - 	loaded 871/1082 of the data.
2026-06-26 21:49:10,607 - INFO - 	loaded 872/1082 of the data.
2026-06-26 21:49:10,654 - INFO - 	loaded 873/1082 of the data.
2026-06-26 21:49:10,697 - INFO - 	loaded 874/1082 of the data.
2026-06-26 21:49:10,746 - INFO - 	loaded 875/1082 of the data.
2026-06-26 21:49:10,786 - INFO - 	loaded 876/1082 of the data.
2026-06-26 21:49:10,824 - INFO - 	loaded 877/1082 of the data.
2026-06-26 21:49:10,861 - INFO - 	loaded 878/1082 of the data.
2026-06-26 21:49:10,902 - INFO - 	loaded 879/1082 of the data.
2026-06-26 21:49:10,950 - INFO - 	loaded 880/1082 of the data.
2026-06-26 21:49:10,990 - INFO - 	loaded 881/1082 of the data.
2026-06-26 21:49:11,025 - INFO - 	loaded 882/1082 of the data.
2026-06-26 21:49:11,064 - INFO - 	loaded 883/1082 of the data.
2026-06-26 21:49:11,222 - INFO - 	loaded 884/1082 of the data.
2026-06-26 21:49:11,266 - INFO - 	loaded 885/1082 of the data.
2026-06-26 21:49:11,303 - INFO - 	loaded 886/1082 of the data.
2026-06-26 21:49:11,342 - INFO - 	loaded 887/1082 of the data.
2026-06-26 21:49:11,380 - INFO - 	loaded 888/1082 of the data.
2026-06-26 21:49:11,417 - INFO - 	loaded 889/1082 of the data.
2026-06-26 21:49:11,456 - INFO - 	loaded 890/1082 of the data.
2026-06-26 21:49:11,500 - INFO - 	loaded 891/1082 of the data.
2026-06-26 21:49:11,540 - INFO - 	loaded 892/1082 of the data.
2026-06-26 21:49:11,575 - INFO - 	loaded 893/1082 of the data.
2026-06-26 21:49:11,609 - INFO - 	loaded 894/1082 of the data.
2026-06-26 21:49:11,774 - INFO - 	loaded 895/1082 of the data.
2026-06-26 21:49:11,831 - INFO - 	loaded 896/1082 of the data.
2026-06-26 21:49:11,880 - INFO - 	loaded 897/1082 of the data.
2026-06-26 21:49:11,926 - INFO - 	loaded 898/1082 of the data.
2026-06-26 21:49:12,007 - INFO - 	loaded 899/1082 of the data.
2026-06-26 21:49:12,070 - INFO - 	loaded 900/1082 of the data.
2026-06-26 21:49:12,107 - INFO - 	loaded 901/1082 of the data.
2026-06-26 21:49:12,152 - INFO - 	loaded 902/1082 of the data.
2026-06-26 21:49:12,302 - INFO - 	loaded 903/1082 of the data.
2026-06-26 21:49:12,505 - INFO - 	loaded 904/1082 of the data.
2026-06-26 21:49:12,562 - INFO - 	loaded 905/1082 of the data.
2026-06-26 21:49:12,611 - INFO - 	loaded 906/1082 of the data.
2026-06-26 21:49:12,675 - INFO - 	loaded 907/1082 of the data.
2026-06-26 21:49:12,727 - INFO - 	loaded 908/1082 of the data.
2026-06-26 21:49:12,786 - INFO - 	loaded 909/1082 of the data.
2026-06-26 21:49:12,827 - INFO - 	loaded 910/1082 of the data.
2026-06-26 21:49:13,006 - INFO - 	loaded 911/1082 of the data.
2026-06-26 21:49:13,052 - INFO - 	loaded 912/1082 of the data.
2026-06-26 21:49:13,087 - INFO - 	loaded 913/1082 of the data.
2026-06-26 21:49:13,263 - INFO - 	loaded 914/1082 of the data.
2026-06-26 21:49:13,311 - INFO - 	loaded 915/1082 of the data.
2026-06-26 21:49:13,355 - INFO - 	loaded 916/1082 of the data.
2026-06-26 21:49:13,391 - INFO - 	loaded 917/1082 of the data.
2026-06-26 21:49:13,443 - INFO - 	loaded 918/1082 of the data.
2026-06-26 21:49:13,487 - INFO - 	loaded 919/1082 of the data.
2026-06-26 21:49:13,529 - INFO - 	loaded 920/1082 of the data.
2026-06-26 21:49:13,565 - INFO - 	loaded 921/1082 of the data.
2026-06-26 21:49:13,604 - INFO - 	loaded 922/1082 of the data.
2026-06-26 21:49:13,768 - INFO - 	loaded 923/1082 of the data.
2026-06-26 21:49:13,819 - INFO - 	loaded 924/1082 of the data.
2026-06-26 21:49:13,865 - INFO - 	loaded 925/1082 of the data.
2026-06-26 21:49:13,911 - INFO - 	loaded 926/1082 of the data.
2026-06-26 21:49:13,957 - INFO - 	loaded 927/1082 of the data.
2026-06-26 21:49:13,996 - INFO - 	loaded 928/1082 of the data.
2026-06-26 21:49:14,036 - INFO - 	loaded 929/1082 of the data.
2026-06-26 21:49:14,179 - INFO - 	loaded 930/1082 of the data.
2026-06-26 21:49:14,228 - INFO - 	loaded 931/1082 of the data.
2026-06-26 21:49:14,267 - INFO - 	loaded 932/1082 of the data.
2026-06-26 21:49:14,303 - INFO - 	loaded 933/1082 of the data.
2026-06-26 21:49:14,339 - INFO - 	loaded 934/1082 of the data.
2026-06-26 21:49:14,374 - INFO - 	loaded 935/1082 of the data.
2026-06-26 21:49:14,410 - INFO - 	loaded 936/1082 of the data.
2026-06-26 21:49:14,447 - INFO - 	loaded 937/1082 of the data.
2026-06-26 21:49:14,487 - INFO - 	loaded 938/1082 of the data.
2026-06-26 21:49:14,527 - INFO - 	loaded 939/1082 of the data.
2026-06-26 21:49:14,562 - INFO - 	loaded 940/1082 of the data.
2026-06-26 21:49:14,599 - INFO - 	loaded 941/1082 of the data.
2026-06-26 21:49:14,638 - INFO - 	loaded 942/1082 of the data.
2026-06-26 21:49:14,680 - INFO - 	loaded 943/1082 of the data.
2026-06-26 21:49:14,732 - INFO - 	loaded 944/1082 of the data.
2026-06-26 21:49:14,772 - INFO - 	loaded 945/1082 of the data.
2026-06-26 21:49:14,807 - INFO - 	loaded 946/1082 of the data.
2026-06-26 21:49:14,842 - INFO - 	loaded 947/1082 of the data.
2026-06-26 21:49:15,032 - INFO - 	loaded 948/1082 of the data.
2026-06-26 21:49:15,078 - INFO - 	loaded 949/1082 of the data.
2026-06-26 21:49:15,128 - INFO - 	loaded 950/1082 of the data.
2026-06-26 21:49:15,165 - INFO - 	loaded 951/1082 of the data.
2026-06-26 21:49:15,201 - INFO - 	loaded 952/1082 of the data.
2026-06-26 21:49:15,239 - INFO - 	loaded 953/1082 of the data.
2026-06-26 21:49:15,412 - INFO - 	loaded 954/1082 of the data.
2026-06-26 21:49:15,449 - INFO - 	loaded 955/1082 of the data.
2026-06-26 21:49:15,514 - INFO - 	loaded 956/1082 of the data.
2026-06-26 21:49:15,659 - INFO - 	loaded 957/1082 of the data.
2026-06-26 21:49:15,705 - INFO - 	loaded 958/1082 of the data.
2026-06-26 21:49:15,750 - INFO - 	loaded 959/1082 of the data.
2026-06-26 21:49:15,802 - INFO - 	loaded 960/1082 of the data.
2026-06-26 21:49:15,844 - INFO - 	loaded 961/1082 of the data.
2026-06-26 21:49:15,890 - INFO - 	loaded 962/1082 of the data.
2026-06-26 21:49:15,930 - INFO - 	loaded 963/1082 of the data.
2026-06-26 21:49:15,971 - INFO - 	loaded 964/1082 of the data.
2026-06-26 21:49:16,012 - INFO - 	loaded 965/1082 of the data.
2026-06-26 21:49:16,051 - INFO - 	loaded 966/1082 of the data.
2026-06-26 21:49:16,096 - INFO - 	loaded 967/1082 of the data.
2026-06-26 21:49:16,137 - INFO - 	loaded 968/1082 of the data.
2026-06-26 21:49:16,190 - INFO - 	loaded 969/1082 of the data.
2026-06-26 21:49:16,234 - INFO - 	loaded 970/1082 of the data.
2026-06-26 21:49:16,273 - INFO - 	loaded 971/1082 of the data.
2026-06-26 21:49:16,316 - INFO - 	loaded 972/1082 of the data.
2026-06-26 21:49:16,357 - INFO - 	loaded 973/1082 of the data.
2026-06-26 21:49:16,399 - INFO - 	loaded 974/1082 of the data.
2026-06-26 21:49:16,440 - INFO - 	loaded 975/1082 of the data.
2026-06-26 21:49:16,625 - INFO - 	loaded 976/1082 of the data.
2026-06-26 21:49:16,673 - INFO - 	loaded 977/1082 of the data.
2026-06-26 21:49:16,721 - INFO - 	loaded 978/1082 of the data.
2026-06-26 21:49:16,766 - INFO - 	loaded 979/1082 of the data.
2026-06-26 21:49:16,813 - INFO - 	loaded 980/1082 of the data.
2026-06-26 21:49:16,982 - INFO - 	loaded 981/1082 of the data.
2026-06-26 21:49:17,022 - INFO - 	loaded 982/1082 of the data.
2026-06-26 21:49:17,086 - INFO - 	loaded 983/1082 of the data.
2026-06-26 21:49:17,165 - INFO - 	loaded 984/1082 of the data.
2026-06-26 21:49:17,253 - INFO - 	loaded 985/1082 of the data.
2026-06-26 21:49:17,298 - INFO - 	loaded 986/1082 of the data.
2026-06-26 21:49:17,501 - INFO - 	loaded 987/1082 of the data.
2026-06-26 21:49:17,563 - INFO - 	loaded 988/1082 of the data.
2026-06-26 21:49:17,766 - INFO - 	loaded 989/1082 of the data.
2026-06-26 21:49:17,933 - INFO - 	loaded 990/1082 of the data.
2026-06-26 21:49:18,135 - INFO - 	loaded 991/1082 of the data.
2026-06-26 21:49:18,188 - INFO - 	loaded 992/1082 of the data.
2026-06-26 21:49:18,235 - INFO - 	loaded 993/1082 of the data.
2026-06-26 21:49:18,414 - INFO - 	loaded 994/1082 of the data.
2026-06-26 21:49:18,470 - INFO - 	loaded 995/1082 of the data.
2026-06-26 21:49:18,542 - INFO - 	loaded 996/1082 of the data.
2026-06-26 21:49:18,584 - INFO - 	loaded 997/1082 of the data.
2026-06-26 21:49:18,624 - INFO - 	loaded 998/1082 of the data.
2026-06-26 21:49:18,663 - INFO - 	loaded 999/1082 of the data.
2026-06-26 21:49:18,703 - INFO - 	loaded 1000/1082 of the data.
2026-06-26 21:49:18,745 - INFO - 	loaded 1001/1082 of the data.
2026-06-26 21:49:18,811 - INFO - 	loaded 1002/1082 of the data.
2026-06-26 21:49:19,010 - INFO - 	loaded 1003/1082 of the data.
2026-06-26 21:49:19,059 - INFO - 	loaded 1004/1082 of the data.
2026-06-26 21:49:19,106 - INFO - 	loaded 1005/1082 of the data.
2026-06-26 21:49:19,145 - INFO - 	loaded 1006/1082 of the data.
2026-06-26 21:49:19,197 - INFO - 	loaded 1007/1082 of the data.
2026-06-26 21:49:19,256 - INFO - 	loaded 1008/1082 of the data.
2026-06-26 21:49:19,310 - INFO - 	loaded 1009/1082 of the data.
2026-06-26 21:49:19,355 - INFO - 	loaded 1010/1082 of the data.
2026-06-26 21:49:19,402 - INFO - 	loaded 1011/1082 of the data.
2026-06-26 21:49:19,457 - INFO - 	loaded 1012/1082 of the data.
2026-06-26 21:49:19,562 - INFO - 	loaded 1013/1082 of the data.
2026-06-26 21:49:19,602 - INFO - 	loaded 1014/1082 of the data.
2026-06-26 21:49:19,804 - INFO - 	loaded 1015/1082 of the data.
2026-06-26 21:49:19,856 - INFO - 	loaded 1016/1082 of the data.
2026-06-26 21:49:19,904 - INFO - 	loaded 1017/1082 of the data.
2026-06-26 21:49:19,943 - INFO - 	loaded 1018/1082 of the data.
2026-06-26 21:49:20,095 - INFO - 	loaded 1019/1082 of the data.
2026-06-26 21:49:20,134 - INFO - 	loaded 1020/1082 of the data.
2026-06-26 21:49:20,174 - INFO - 	loaded 1021/1082 of the data.
2026-06-26 21:49:20,217 - INFO - 	loaded 1022/1082 of the data.
2026-06-26 21:49:20,257 - INFO - 	loaded 1023/1082 of the data.
2026-06-26 21:49:20,311 - INFO - 	loaded 1024/1082 of the data.
2026-06-26 21:49:20,372 - INFO - 	loaded 1025/1082 of the data.
2026-06-26 21:49:20,592 - INFO - 	loaded 1026/1082 of the data.
2026-06-26 21:49:20,677 - INFO - 	loaded 1027/1082 of the data.
2026-06-26 21:49:20,726 - INFO - 	loaded 1028/1082 of the data.
2026-06-26 21:49:20,779 - INFO - 	loaded 1029/1082 of the data.
2026-06-26 21:49:20,934 - INFO - 	loaded 1030/1082 of the data.
2026-06-26 21:49:20,974 - INFO - 	loaded 1031/1082 of the data.
2026-06-26 21:49:21,015 - INFO - 	loaded 1032/1082 of the data.
2026-06-26 21:49:21,056 - INFO - 	loaded 1033/1082 of the data.
2026-06-26 21:49:21,369 - INFO - 	loaded 1034/1082 of the data.
2026-06-26 21:49:21,415 - INFO - 	loaded 1035/1082 of the data.
2026-06-26 21:49:21,495 - INFO - 	loaded 1036/1082 of the data.
2026-06-26 21:49:21,648 - INFO - 	loaded 1037/1082 of the data.
2026-06-26 21:49:21,687 - INFO - 	loaded 1038/1082 of the data.
2026-06-26 21:49:21,740 - INFO - 	loaded 1039/1082 of the data.
2026-06-26 21:49:21,791 - INFO - 	loaded 1040/1082 of the data.
2026-06-26 21:49:21,842 - INFO - 	loaded 1041/1082 of the data.
2026-06-26 21:49:22,010 - INFO - 	loaded 1042/1082 of the data.
2026-06-26 21:49:22,181 - INFO - 	loaded 1043/1082 of the data.
2026-06-26 21:49:22,219 - INFO - 	loaded 1044/1082 of the data.
2026-06-26 21:49:22,370 - INFO - 	loaded 1045/1082 of the data.
2026-06-26 21:49:22,419 - INFO - 	loaded 1046/1082 of the data.
2026-06-26 21:49:22,596 - INFO - 	loaded 1047/1082 of the data.
2026-06-26 21:49:22,638 - INFO - 	loaded 1048/1082 of the data.
2026-06-26 21:49:22,683 - INFO - 	loaded 1049/1082 of the data.
2026-06-26 21:49:22,720 - INFO - 	loaded 1050/1082 of the data.
2026-06-26 21:49:22,761 - INFO - 	loaded 1051/1082 of the data.
2026-06-26 21:49:22,811 - INFO - 	loaded 1052/1082 of the data.
2026-06-26 21:49:22,878 - INFO - 	loaded 1053/1082 of the data.
2026-06-26 21:49:22,941 - INFO - 	loaded 1054/1082 of the data.
2026-06-26 21:49:22,982 - INFO - 	loaded 1055/1082 of the data.
2026-06-26 21:49:23,032 - INFO - 	loaded 1056/1082 of the data.
2026-06-26 21:49:23,079 - INFO - 	loaded 1057/1082 of the data.
2026-06-26 21:49:23,140 - INFO - 	loaded 1058/1082 of the data.
2026-06-26 21:49:23,307 - INFO - 	loaded 1059/1082 of the data.
2026-06-26 21:49:23,346 - INFO - 	loaded 1060/1082 of the data.
2026-06-26 21:49:23,384 - INFO - 	loaded 1061/1082 of the data.
2026-06-26 21:49:23,429 - INFO - 	loaded 1062/1082 of the data.
2026-06-26 21:49:23,483 - INFO - 	loaded 1063/1082 of the data.
2026-06-26 21:49:23,530 - INFO - 	loaded 1064/1082 of the data.
2026-06-26 21:49:23,572 - INFO - 	loaded 1065/1082 of the data.
2026-06-26 21:49:23,613 - INFO - 	loaded 1066/1082 of the data.
2026-06-26 21:49:23,661 - INFO - 	loaded 1067/1082 of the data.
2026-06-26 21:49:23,808 - INFO - 	loaded 1068/1082 of the data.
2026-06-26 21:49:23,848 - INFO - 	loaded 1069/1082 of the data.
2026-06-26 21:49:23,886 - INFO - 	loaded 1070/1082 of the data.
2026-06-26 21:49:23,927 - INFO - 	loaded 1071/1082 of the data.
2026-06-26 21:49:23,967 - INFO - 	loaded 1072/1082 of the data.
2026-06-26 21:49:24,004 - INFO - 	loaded 1073/1082 of the data.
2026-06-26 21:49:24,043 - INFO - 	loaded 1074/1082 of the data.
2026-06-26 21:49:24,085 - INFO - 	loaded 1075/1082 of the data.
2026-06-26 21:49:24,252 - INFO - 	loaded 1076/1082 of the data.
2026-06-26 21:49:24,432 - INFO - 	loaded 1077/1082 of the data.
2026-06-26 21:49:24,470 - INFO - 	loaded 1078/1082 of the data.
2026-06-26 21:49:24,512 - INFO - 	loaded 1079/1082 of the data.
2026-06-26 21:49:24,553 - INFO - 	loaded 1080/1082 of the data.
2026-06-26 21:49:24,739 - INFO - 	loaded 1081/1082 of the data.
2026-06-26 21:49:24,798 - INFO - 	loaded 1082/1082 of the data.
2026-06-26 21:49:24,798 - INFO - data of pyxis table inserted.
2026-06-26 21:49:24,801 - INFO - preparing table triage.
2026-06-26 21:49:24,803 - INFO - creating table triage.
2026-06-26 21:49:24,852 - INFO - Table triage created
2026-06-26 21:49:24,852 - INFO - preparing data of triage table.
2026-06-26 21:49:24,852 - INFO - inserting data of triage table.
2026-06-26 21:49:25,066 - INFO - 	loaded 1/222 of the data.
2026-06-26 21:49:25,115 - INFO - 	loaded 2/222 of the data.
2026-06-26 21:49:25,169 - INFO - 	loaded 3/222 of the data.
2026-06-26 21:49:25,249 - INFO - 	loaded 4/222 of the data.
2026-06-26 21:49:25,294 - INFO - 	loaded 5/222 of the data.
2026-06-26 21:49:25,340 - INFO - 	loaded 6/222 of the data.
2026-06-26 21:49:25,374 - INFO - 	loaded 7/222 of the data.
2026-06-26 21:49:25,409 - INFO - 	loaded 8/222 of the data.
2026-06-26 21:49:25,446 - INFO - 	loaded 9/222 of the data.
2026-06-26 21:49:25,480 - INFO - 	loaded 10/222 of the data.
2026-06-26 21:49:25,514 - INFO - 	loaded 11/222 of the data.
2026-06-26 21:49:25,560 - INFO - 	loaded 12/222 of the data.
2026-06-26 21:49:25,597 - INFO - 	loaded 13/222 of the data.
2026-06-26 21:49:25,633 - INFO - 	loaded 14/222 of the data.
2026-06-26 21:49:25,674 - INFO - 	loaded 15/222 of the data.
2026-06-26 21:49:25,712 - INFO - 	loaded 16/222 of the data.
2026-06-26 21:49:25,756 - INFO - 	loaded 17/222 of the data.
2026-06-26 21:49:25,795 - INFO - 	loaded 18/222 of the data.
2026-06-26 21:49:25,831 - INFO - 	loaded 19/222 of the data.
2026-06-26 21:49:25,865 - INFO - 	loaded 20/222 of the data.
2026-06-26 21:49:25,899 - INFO - 	loaded 21/222 of the data.
2026-06-26 21:49:25,935 - INFO - 	loaded 22/222 of the data.
2026-06-26 21:49:25,971 - INFO - 	loaded 23/222 of the data.
2026-06-26 21:49:26,010 - INFO - 	loaded 24/222 of the data.
2026-06-26 21:49:26,046 - INFO - 	loaded 25/222 of the data.
2026-06-26 21:49:26,082 - INFO - 	loaded 26/222 of the data.
2026-06-26 21:49:26,116 - INFO - 	loaded 27/222 of the data.
2026-06-26 21:49:26,151 - INFO - 	loaded 28/222 of the data.
2026-06-26 21:49:26,189 - INFO - 	loaded 29/222 of the data.
2026-06-26 21:49:26,233 - INFO - 	loaded 30/222 of the data.
2026-06-26 21:49:26,272 - INFO - 	loaded 31/222 of the data.
2026-06-26 21:49:26,308 - INFO - 	loaded 32/222 of the data.
2026-06-26 21:49:26,480 - INFO - 	loaded 33/222 of the data.
2026-06-26 21:49:26,627 - INFO - 	loaded 34/222 of the data.
2026-06-26 21:49:26,664 - INFO - 	loaded 35/222 of the data.
2026-06-26 21:49:26,701 - INFO - 	loaded 36/222 of the data.
2026-06-26 21:49:26,741 - INFO - 	loaded 37/222 of the data.
2026-06-26 21:49:26,782 - INFO - 	loaded 38/222 of the data.
2026-06-26 21:49:26,823 - INFO - 	loaded 39/222 of the data.
2026-06-26 21:49:26,869 - INFO - 	loaded 40/222 of the data.
2026-06-26 21:49:26,925 - INFO - 	loaded 41/222 of the data.
2026-06-26 21:49:26,984 - INFO - 	loaded 42/222 of the data.
2026-06-26 21:49:27,026 - INFO - 	loaded 43/222 of the data.
2026-06-26 21:49:27,069 - INFO - 	loaded 44/222 of the data.
2026-06-26 21:49:27,111 - INFO - 	loaded 45/222 of the data.
2026-06-26 21:49:27,155 - INFO - 	loaded 46/222 of the data.
2026-06-26 21:49:27,200 - INFO - 	loaded 47/222 of the data.
2026-06-26 21:49:27,234 - INFO - 	loaded 48/222 of the data.
2026-06-26 21:49:27,272 - INFO - 	loaded 49/222 of the data.
2026-06-26 21:49:27,436 - INFO - 	loaded 50/222 of the data.
2026-06-26 21:49:27,478 - INFO - 	loaded 51/222 of the data.
2026-06-26 21:49:27,523 - INFO - 	loaded 52/222 of the data.
2026-06-26 21:49:27,568 - INFO - 	loaded 53/222 of the data.
2026-06-26 21:49:27,605 - INFO - 	loaded 54/222 of the data.
2026-06-26 21:49:27,641 - INFO - 	loaded 55/222 of the data.
2026-06-26 21:49:27,679 - INFO - 	loaded 56/222 of the data.
2026-06-26 21:49:27,860 - INFO - 	loaded 57/222 of the data.
2026-06-26 21:49:27,907 - INFO - 	loaded 58/222 of the data.
2026-06-26 21:49:27,950 - INFO - 	loaded 59/222 of the data.
2026-06-26 21:49:27,989 - INFO - 	loaded 60/222 of the data.
2026-06-26 21:49:28,038 - INFO - 	loaded 61/222 of the data.
2026-06-26 21:49:28,106 - INFO - 	loaded 62/222 of the data.
2026-06-26 21:49:28,152 - INFO - 	loaded 63/222 of the data.
2026-06-26 21:49:28,207 - INFO - 	loaded 64/222 of the data.
2026-06-26 21:49:28,252 - INFO - 	loaded 65/222 of the data.
2026-06-26 21:49:28,296 - INFO - 	loaded 66/222 of the data.
2026-06-26 21:49:28,359 - INFO - 	loaded 67/222 of the data.
2026-06-26 21:49:28,400 - INFO - 	loaded 68/222 of the data.
2026-06-26 21:49:28,441 - INFO - 	loaded 69/222 of the data.
2026-06-26 21:49:28,669 - INFO - 	loaded 70/222 of the data.
2026-06-26 21:49:28,712 - INFO - 	loaded 71/222 of the data.
2026-06-26 21:49:28,757 - INFO - 	loaded 72/222 of the data.
2026-06-26 21:49:28,802 - INFO - 	loaded 73/222 of the data.
2026-06-26 21:49:28,839 - INFO - 	loaded 74/222 of the data.
2026-06-26 21:49:28,878 - INFO - 	loaded 75/222 of the data.
2026-06-26 21:49:28,922 - INFO - 	loaded 76/222 of the data.
2026-06-26 21:49:28,964 - INFO - 	loaded 77/222 of the data.
2026-06-26 21:49:29,003 - INFO - 	loaded 78/222 of the data.
2026-06-26 21:49:29,039 - INFO - 	loaded 79/222 of the data.
2026-06-26 21:49:29,186 - INFO - 	loaded 80/222 of the data.
2026-06-26 21:49:29,227 - INFO - 	loaded 81/222 of the data.
2026-06-26 21:49:29,268 - INFO - 	loaded 82/222 of the data.
2026-06-26 21:49:29,473 - INFO - 	loaded 83/222 of the data.
2026-06-26 21:49:29,525 - INFO - 	loaded 84/222 of the data.
2026-06-26 21:49:29,585 - INFO - 	loaded 85/222 of the data.
2026-06-26 21:49:29,749 - INFO - 	loaded 86/222 of the data.
2026-06-26 21:49:29,797 - INFO - 	loaded 87/222 of the data.
2026-06-26 21:49:29,842 - INFO - 	loaded 88/222 of the data.
2026-06-26 21:49:29,884 - INFO - 	loaded 89/222 of the data.
2026-06-26 21:49:29,925 - INFO - 	loaded 90/222 of the data.
2026-06-26 21:49:29,969 - INFO - 	loaded 91/222 of the data.
2026-06-26 21:49:30,024 - INFO - 	loaded 92/222 of the data.
2026-06-26 21:49:30,061 - INFO - 	loaded 93/222 of the data.
2026-06-26 21:49:30,098 - INFO - 	loaded 94/222 of the data.
2026-06-26 21:49:30,254 - INFO - 	loaded 95/222 of the data.
2026-06-26 21:49:30,292 - INFO - 	loaded 96/222 of the data.
2026-06-26 21:49:30,334 - INFO - 	loaded 97/222 of the data.
2026-06-26 21:49:30,373 - INFO - 	loaded 98/222 of the data.
2026-06-26 21:49:30,527 - INFO - 	loaded 99/222 of the data.
2026-06-26 21:49:30,578 - INFO - 	loaded 100/222 of the data.
2026-06-26 21:49:30,761 - INFO - 	loaded 101/222 of the data.
2026-06-26 21:49:30,801 - INFO - 	loaded 102/222 of the data.
2026-06-26 21:49:30,855 - INFO - 	loaded 103/222 of the data.
2026-06-26 21:49:30,905 - INFO - 	loaded 104/222 of the data.
2026-06-26 21:49:30,948 - INFO - 	loaded 105/222 of the data.
2026-06-26 21:49:30,991 - INFO - 	loaded 106/222 of the data.
2026-06-26 21:49:31,032 - INFO - 	loaded 107/222 of the data.
2026-06-26 21:49:31,070 - INFO - 	loaded 108/222 of the data.
2026-06-26 21:49:31,108 - INFO - 	loaded 109/222 of the data.
2026-06-26 21:49:31,160 - INFO - 	loaded 110/222 of the data.
2026-06-26 21:49:31,206 - INFO - 	loaded 111/222 of the data.
2026-06-26 21:49:31,255 - INFO - 	loaded 112/222 of the data.
2026-06-26 21:49:31,295 - INFO - 	loaded 113/222 of the data.
2026-06-26 21:49:31,509 - INFO - 	loaded 114/222 of the data.
2026-06-26 21:49:31,591 - INFO - 	loaded 115/222 of the data.
2026-06-26 21:49:31,642 - INFO - 	loaded 116/222 of the data.
2026-06-26 21:49:31,677 - INFO - 	loaded 117/222 of the data.
2026-06-26 21:49:31,719 - INFO - 	loaded 118/222 of the data.
2026-06-26 21:49:31,759 - INFO - 	loaded 119/222 of the data.
2026-06-26 21:49:31,802 - INFO - 	loaded 120/222 of the data.
2026-06-26 21:49:32,022 - INFO - 	loaded 121/222 of the data.
2026-06-26 21:49:32,067 - INFO - 	loaded 122/222 of the data.
2026-06-26 21:49:32,114 - INFO - 	loaded 123/222 of the data.
2026-06-26 21:49:32,175 - INFO - 	loaded 124/222 of the data.
2026-06-26 21:49:32,254 - INFO - 	loaded 125/222 of the data.
2026-06-26 21:49:32,299 - INFO - 	loaded 126/222 of the data.
2026-06-26 21:49:32,341 - INFO - 	loaded 127/222 of the data.
2026-06-26 21:49:32,378 - INFO - 	loaded 128/222 of the data.
2026-06-26 21:49:32,413 - INFO - 	loaded 129/222 of the data.
2026-06-26 21:49:32,584 - INFO - 	loaded 130/222 of the data.
2026-06-26 21:49:32,790 - INFO - 	loaded 131/222 of the data.
2026-06-26 21:49:32,842 - INFO - 	loaded 132/222 of the data.
2026-06-26 21:49:32,884 - INFO - 	loaded 133/222 of the data.
2026-06-26 21:49:32,921 - INFO - 	loaded 134/222 of the data.
2026-06-26 21:49:32,959 - INFO - 	loaded 135/222 of the data.
2026-06-26 21:49:32,996 - INFO - 	loaded 136/222 of the data.
2026-06-26 21:49:33,032 - INFO - 	loaded 137/222 of the data.
2026-06-26 21:49:33,075 - INFO - 	loaded 138/222 of the data.
2026-06-26 21:49:33,116 - INFO - 	loaded 139/222 of the data.
2026-06-26 21:49:33,267 - INFO - 	loaded 140/222 of the data.
2026-06-26 21:49:33,304 - INFO - 	loaded 141/222 of the data.
2026-06-26 21:49:33,341 - INFO - 	loaded 142/222 of the data.
2026-06-26 21:49:33,387 - INFO - 	loaded 143/222 of the data.
2026-06-26 21:49:33,439 - INFO - 	loaded 144/222 of the data.
2026-06-26 21:49:33,483 - INFO - 	loaded 145/222 of the data.
2026-06-26 21:49:33,526 - INFO - 	loaded 146/222 of the data.
2026-06-26 21:49:33,562 - INFO - 	loaded 147/222 of the data.
2026-06-26 21:49:33,602 - INFO - 	loaded 148/222 of the data.
2026-06-26 21:49:33,770 - INFO - 	loaded 149/222 of the data.
2026-06-26 21:49:33,811 - INFO - 	loaded 150/222 of the data.
2026-06-26 21:49:33,847 - INFO - 	loaded 151/222 of the data.
2026-06-26 21:49:33,897 - INFO - 	loaded 152/222 of the data.
2026-06-26 21:49:33,937 - INFO - 	loaded 153/222 of the data.
2026-06-26 21:49:33,987 - INFO - 	loaded 154/222 of the data.
2026-06-26 21:49:34,072 - INFO - 	loaded 155/222 of the data.
2026-06-26 21:49:34,120 - INFO - 	loaded 156/222 of the data.
2026-06-26 21:49:34,164 - INFO - 	loaded 157/222 of the data.
2026-06-26 21:49:34,204 - INFO - 	loaded 158/222 of the data.
2026-06-26 21:49:34,256 - INFO - 	loaded 159/222 of the data.
2026-06-26 21:49:34,301 - INFO - 	loaded 160/222 of the data.
2026-06-26 21:49:34,512 - INFO - 	loaded 161/222 of the data.
2026-06-26 21:49:34,555 - INFO - 	loaded 162/222 of the data.
2026-06-26 21:49:34,602 - INFO - 	loaded 163/222 of the data.
2026-06-26 21:49:34,663 - INFO - 	loaded 164/222 of the data.
2026-06-26 21:49:34,700 - INFO - 	loaded 165/222 of the data.
2026-06-26 21:49:34,739 - INFO - 	loaded 166/222 of the data.
2026-06-26 21:49:34,787 - INFO - 	loaded 167/222 of the data.
2026-06-26 21:49:34,827 - INFO - 	loaded 168/222 of the data.
2026-06-26 21:49:34,863 - INFO - 	loaded 169/222 of the data.
2026-06-26 21:49:34,900 - INFO - 	loaded 170/222 of the data.
2026-06-26 21:49:34,970 - INFO - 	loaded 171/222 of the data.
2026-06-26 21:49:35,041 - INFO - 	loaded 172/222 of the data.
2026-06-26 21:49:35,087 - INFO - 	loaded 173/222 of the data.
2026-06-26 21:49:35,130 - INFO - 	loaded 174/222 of the data.
2026-06-26 21:49:35,177 - INFO - 	loaded 175/222 of the data.
2026-06-26 21:49:35,220 - INFO - 	loaded 176/222 of the data.
2026-06-26 21:49:35,261 - INFO - 	loaded 177/222 of the data.
2026-06-26 21:49:35,298 - INFO - 	loaded 178/222 of the data.
2026-06-26 21:49:35,333 - INFO - 	loaded 179/222 of the data.
2026-06-26 21:49:35,491 - INFO - 	loaded 180/222 of the data.
2026-06-26 21:49:35,528 - INFO - 	loaded 181/222 of the data.
2026-06-26 21:49:35,564 - INFO - 	loaded 182/222 of the data.
2026-06-26 21:49:35,615 - INFO - 	loaded 183/222 of the data.
2026-06-26 21:49:35,654 - INFO - 	loaded 184/222 of the data.
2026-06-26 21:49:35,695 - INFO - 	loaded 185/222 of the data.
2026-06-26 21:49:35,732 - INFO - 	loaded 186/222 of the data.
2026-06-26 21:49:35,787 - INFO - 	loaded 187/222 of the data.
2026-06-26 21:49:35,830 - INFO - 	loaded 188/222 of the data.
2026-06-26 21:49:35,883 - INFO - 	loaded 189/222 of the data.
2026-06-26 21:49:35,918 - INFO - 	loaded 190/222 of the data.
2026-06-26 21:49:35,955 - INFO - 	loaded 191/222 of the data.
2026-06-26 21:49:36,113 - INFO - 	loaded 192/222 of the data.
2026-06-26 21:49:36,158 - INFO - 	loaded 193/222 of the data.
2026-06-26 21:49:36,424 - INFO - 	loaded 194/222 of the data.
2026-06-26 21:49:36,733 - INFO - 	loaded 195/222 of the data.
2026-06-26 21:49:36,804 - INFO - 	loaded 196/222 of the data.
2026-06-26 21:49:36,940 - INFO - 	loaded 197/222 of the data.
2026-06-26 21:49:37,112 - INFO - 	loaded 198/222 of the data.
2026-06-26 21:49:37,158 - INFO - 	loaded 199/222 of the data.
2026-06-26 21:49:37,200 - INFO - 	loaded 200/222 of the data.
2026-06-26 21:49:37,234 - INFO - 	loaded 201/222 of the data.
2026-06-26 21:49:37,275 - INFO - 	loaded 202/222 of the data.
2026-06-26 21:49:37,434 - INFO - 	loaded 203/222 of the data.
2026-06-26 21:49:37,483 - INFO - 	loaded 204/222 of the data.
2026-06-26 21:49:37,529 - INFO - 	loaded 205/222 of the data.
2026-06-26 21:49:37,575 - INFO - 	loaded 206/222 of the data.
2026-06-26 21:49:37,629 - INFO - 	loaded 207/222 of the data.
2026-06-26 21:49:37,684 - INFO - 	loaded 208/222 of the data.
2026-06-26 21:49:37,724 - INFO - 	loaded 209/222 of the data.
2026-06-26 21:49:37,761 - INFO - 	loaded 210/222 of the data.
2026-06-26 21:49:37,797 - INFO - 	loaded 211/222 of the data.
2026-06-26 21:49:38,015 - INFO - 	loaded 212/222 of the data.
2026-06-26 21:49:38,070 - INFO - 	loaded 213/222 of the data.
2026-06-26 21:49:38,108 - INFO - 	loaded 214/222 of the data.
2026-06-26 21:49:38,145 - INFO - 	loaded 215/222 of the data.
2026-06-26 21:49:38,185 - INFO - 	loaded 216/222 of the data.
2026-06-26 21:49:38,236 - INFO - 	loaded 217/222 of the data.
2026-06-26 21:49:38,412 - INFO - 	loaded 218/222 of the data.
2026-06-26 21:49:38,461 - INFO - 	loaded 219/222 of the data.
2026-06-26 21:49:38,504 - INFO - 	loaded 220/222 of the data.
2026-06-26 21:49:38,552 - INFO - 	loaded 221/222 of the data.
2026-06-26 21:49:38,620 - INFO - 	loaded 222/222 of the data.
2026-06-26 21:49:38,621 - INFO - data of triage table inserted.
2026-06-26 21:49:38,633 - INFO - preparing table vitalsign.
2026-06-26 21:49:38,635 - INFO - creating table vitalsign.
2026-06-26 21:49:38,706 - INFO - Table vitalsign created
2026-06-26 21:49:38,707 - INFO - preparing data of vitalsign table.
2026-06-26 21:49:38,707 - INFO - inserting data of vitalsign table.
2026-06-26 21:49:38,746 - INFO - 	loaded 1/1038 of the data.
2026-06-26 21:49:38,795 - INFO - 	loaded 2/1038 of the data.
2026-06-26 21:49:38,855 - INFO - 	loaded 3/1038 of the data.
2026-06-26 21:49:38,910 - INFO - 	loaded 4/1038 of the data.
2026-06-26 21:49:38,959 - INFO - 	loaded 5/1038 of the data.
2026-06-26 21:49:39,124 - INFO - 	loaded 6/1038 of the data.
2026-06-26 21:49:39,165 - INFO - 	loaded 7/1038 of the data.
2026-06-26 21:49:39,206 - INFO - 	loaded 8/1038 of the data.
2026-06-26 21:49:39,252 - INFO - 	loaded 9/1038 of the data.
2026-06-26 21:49:39,295 - INFO - 	loaded 10/1038 of the data.
2026-06-26 21:49:39,464 - INFO - 	loaded 11/1038 of the data.
2026-06-26 21:49:39,526 - INFO - 	loaded 12/1038 of the data.
2026-06-26 21:49:39,715 - INFO - 	loaded 13/1038 of the data.
2026-06-26 21:49:39,760 - INFO - 	loaded 14/1038 of the data.
2026-06-26 21:49:39,800 - INFO - 	loaded 15/1038 of the data.
2026-06-26 21:49:39,875 - INFO - 	loaded 16/1038 of the data.
2026-06-26 21:49:39,914 - INFO - 	loaded 17/1038 of the data.
2026-06-26 21:49:39,953 - INFO - 	loaded 18/1038 of the data.
2026-06-26 21:49:40,157 - INFO - 	loaded 19/1038 of the data.
2026-06-26 21:49:40,203 - INFO - 	loaded 20/1038 of the data.
2026-06-26 21:49:40,243 - INFO - 	loaded 21/1038 of the data.
2026-06-26 21:49:40,285 - INFO - 	loaded 22/1038 of the data.
2026-06-26 21:49:40,448 - INFO - 	loaded 23/1038 of the data.
2026-06-26 21:49:40,650 - INFO - 	loaded 24/1038 of the data.
2026-06-26 21:49:40,836 - INFO - 	loaded 25/1038 of the data.
2026-06-26 21:49:40,890 - INFO - 	loaded 26/1038 of the data.
2026-06-26 21:49:40,948 - INFO - 	loaded 27/1038 of the data.
2026-06-26 21:49:41,008 - INFO - 	loaded 28/1038 of the data.
2026-06-26 21:49:41,046 - INFO - 	loaded 29/1038 of the data.
2026-06-26 21:49:41,095 - INFO - 	loaded 30/1038 of the data.
2026-06-26 21:49:41,281 - INFO - 	loaded 31/1038 of the data.
2026-06-26 21:49:41,321 - INFO - 	loaded 32/1038 of the data.
2026-06-26 21:49:41,372 - INFO - 	loaded 33/1038 of the data.
2026-06-26 21:49:41,434 - INFO - 	loaded 34/1038 of the data.
2026-06-26 21:49:41,594 - INFO - 	loaded 35/1038 of the data.
2026-06-26 21:49:41,787 - INFO - 	loaded 36/1038 of the data.
2026-06-26 21:49:41,842 - INFO - 	loaded 37/1038 of the data.
2026-06-26 21:49:41,891 - INFO - 	loaded 38/1038 of the data.
2026-06-26 21:49:41,935 - INFO - 	loaded 39/1038 of the data.
2026-06-26 21:49:41,998 - INFO - 	loaded 40/1038 of the data.
2026-06-26 21:49:42,084 - INFO - 	loaded 41/1038 of the data.
2026-06-26 21:49:42,139 - INFO - 	loaded 42/1038 of the data.
2026-06-26 21:49:42,294 - INFO - 	loaded 43/1038 of the data.
2026-06-26 21:49:42,342 - INFO - 	loaded 44/1038 of the data.
2026-06-26 21:49:42,391 - INFO - 	loaded 45/1038 of the data.
2026-06-26 21:49:42,453 - INFO - 	loaded 46/1038 of the data.
2026-06-26 21:49:42,668 - INFO - 	loaded 47/1038 of the data.
2026-06-26 21:49:42,860 - INFO - 	loaded 48/1038 of the data.
2026-06-26 21:49:43,057 - INFO - 	loaded 49/1038 of the data.
2026-06-26 21:49:43,148 - INFO - 	loaded 50/1038 of the data.
2026-06-26 21:49:43,236 - INFO - 	loaded 51/1038 of the data.
2026-06-26 21:49:43,293 - INFO - 	loaded 52/1038 of the data.
2026-06-26 21:49:43,355 - INFO - 	loaded 53/1038 of the data.
2026-06-26 21:49:43,395 - INFO - 	loaded 54/1038 of the data.
2026-06-26 21:49:43,432 - INFO - 	loaded 55/1038 of the data.
2026-06-26 21:49:43,474 - INFO - 	loaded 56/1038 of the data.
2026-06-26 21:49:43,516 - INFO - 	loaded 57/1038 of the data.
2026-06-26 21:49:43,563 - INFO - 	loaded 58/1038 of the data.
2026-06-26 21:49:43,602 - INFO - 	loaded 59/1038 of the data.
2026-06-26 21:49:43,645 - INFO - 	loaded 60/1038 of the data.
2026-06-26 21:49:43,698 - INFO - 	loaded 61/1038 of the data.
2026-06-26 21:49:43,864 - INFO - 	loaded 62/1038 of the data.
2026-06-26 21:49:43,915 - INFO - 	loaded 63/1038 of the data.
2026-06-26 21:49:43,957 - INFO - 	loaded 64/1038 of the data.
2026-06-26 21:49:44,006 - INFO - 	loaded 65/1038 of the data.
2026-06-26 21:49:44,085 - INFO - 	loaded 66/1038 of the data.
2026-06-26 21:49:44,147 - INFO - 	loaded 67/1038 of the data.
2026-06-26 21:49:44,189 - INFO - 	loaded 68/1038 of the data.
2026-06-26 21:49:44,231 - INFO - 	loaded 69/1038 of the data.
2026-06-26 21:49:44,278 - INFO - 	loaded 70/1038 of the data.
2026-06-26 21:49:44,313 - INFO - 	loaded 71/1038 of the data.
2026-06-26 21:49:44,355 - INFO - 	loaded 72/1038 of the data.
2026-06-26 21:49:44,397 - INFO - 	loaded 73/1038 of the data.
2026-06-26 21:49:44,591 - INFO - 	loaded 74/1038 of the data.
2026-06-26 21:49:44,746 - INFO - 	loaded 75/1038 of the data.
2026-06-26 21:49:44,802 - INFO - 	loaded 76/1038 of the data.
2026-06-26 21:49:44,848 - INFO - 	loaded 77/1038 of the data.
2026-06-26 21:49:44,889 - INFO - 	loaded 78/1038 of the data.
2026-06-26 21:49:44,924 - INFO - 	loaded 79/1038 of the data.
2026-06-26 21:49:44,969 - INFO - 	loaded 80/1038 of the data.
2026-06-26 21:49:45,010 - INFO - 	loaded 81/1038 of the data.
2026-06-26 21:49:45,213 - INFO - 	loaded 82/1038 of the data.
2026-06-26 21:49:45,248 - INFO - 	loaded 83/1038 of the data.
2026-06-26 21:49:45,285 - INFO - 	loaded 84/1038 of the data.
2026-06-26 21:49:45,323 - INFO - 	loaded 85/1038 of the data.
2026-06-26 21:49:45,361 - INFO - 	loaded 86/1038 of the data.
2026-06-26 21:49:45,413 - INFO - 	loaded 87/1038 of the data.
2026-06-26 21:49:45,457 - INFO - 	loaded 88/1038 of the data.
2026-06-26 21:49:45,509 - INFO - 	loaded 89/1038 of the data.
2026-06-26 21:49:45,552 - INFO - 	loaded 90/1038 of the data.
2026-06-26 21:49:45,595 - INFO - 	loaded 91/1038 of the data.
2026-06-26 21:49:45,635 - INFO - 	loaded 92/1038 of the data.
2026-06-26 21:49:45,689 - INFO - 	loaded 93/1038 of the data.
2026-06-26 21:49:45,732 - INFO - 	loaded 94/1038 of the data.
2026-06-26 21:49:45,774 - INFO - 	loaded 95/1038 of the data.
2026-06-26 21:49:45,964 - INFO - 	loaded 96/1038 of the data.
2026-06-26 21:49:46,025 - INFO - 	loaded 97/1038 of the data.
2026-06-26 21:49:46,074 - INFO - 	loaded 98/1038 of the data.
2026-06-26 21:49:46,119 - INFO - 	loaded 99/1038 of the data.
2026-06-26 21:49:46,166 - INFO - 	loaded 100/1038 of the data.
2026-06-26 21:49:46,348 - INFO - 	loaded 101/1038 of the data.
2026-06-26 21:49:46,407 - INFO - 	loaded 102/1038 of the data.
2026-06-26 21:49:46,572 - INFO - 	loaded 103/1038 of the data.
2026-06-26 21:49:46,609 - INFO - 	loaded 104/1038 of the data.
2026-06-26 21:49:46,649 - INFO - 	loaded 105/1038 of the data.
2026-06-26 21:49:46,704 - INFO - 	loaded 106/1038 of the data.
2026-06-26 21:49:46,741 - INFO - 	loaded 107/1038 of the data.
2026-06-26 21:49:46,967 - INFO - 	loaded 108/1038 of the data.
2026-06-26 21:49:47,033 - INFO - 	loaded 109/1038 of the data.
2026-06-26 21:49:47,217 - INFO - 	loaded 110/1038 of the data.
2026-06-26 21:49:47,265 - INFO - 	loaded 111/1038 of the data.
2026-06-26 21:49:47,304 - INFO - 	loaded 112/1038 of the data.
2026-06-26 21:49:47,356 - INFO - 	loaded 113/1038 of the data.
2026-06-26 21:49:47,515 - INFO - 	loaded 114/1038 of the data.
2026-06-26 21:49:47,557 - INFO - 	loaded 115/1038 of the data.
2026-06-26 21:49:47,615 - INFO - 	loaded 116/1038 of the data.
2026-06-26 21:49:47,787 - INFO - 	loaded 117/1038 of the data.
2026-06-26 21:49:47,824 - INFO - 	loaded 118/1038 of the data.
2026-06-26 21:49:47,864 - INFO - 	loaded 119/1038 of the data.
2026-06-26 21:49:47,905 - INFO - 	loaded 120/1038 of the data.
2026-06-26 21:49:47,947 - INFO - 	loaded 121/1038 of the data.
2026-06-26 21:49:47,994 - INFO - 	loaded 122/1038 of the data.
2026-06-26 21:49:48,050 - INFO - 	loaded 123/1038 of the data.
2026-06-26 21:49:48,225 - INFO - 	loaded 124/1038 of the data.
2026-06-26 21:49:48,264 - INFO - 	loaded 125/1038 of the data.
2026-06-26 21:49:48,307 - INFO - 	loaded 126/1038 of the data.
2026-06-26 21:49:48,354 - INFO - 	loaded 127/1038 of the data.
2026-06-26 21:49:48,537 - INFO - 	loaded 128/1038 of the data.
2026-06-26 21:49:48,595 - INFO - 	loaded 129/1038 of the data.
2026-06-26 21:49:48,653 - INFO - 	loaded 130/1038 of the data.
2026-06-26 21:49:48,750 - INFO - 	loaded 131/1038 of the data.
2026-06-26 21:49:48,795 - INFO - 	loaded 132/1038 of the data.
2026-06-26 21:49:48,844 - INFO - 	loaded 133/1038 of the data.
2026-06-26 21:49:49,023 - INFO - 	loaded 134/1038 of the data.
2026-06-26 21:49:49,063 - INFO - 	loaded 135/1038 of the data.
2026-06-26 21:49:49,101 - INFO - 	loaded 136/1038 of the data.
2026-06-26 21:49:49,149 - INFO - 	loaded 137/1038 of the data.
2026-06-26 21:49:49,205 - INFO - 	loaded 138/1038 of the data.
2026-06-26 21:49:49,249 - INFO - 	loaded 139/1038 of the data.
2026-06-26 21:49:49,300 - INFO - 	loaded 140/1038 of the data.
2026-06-26 21:49:49,365 - INFO - 	loaded 141/1038 of the data.
2026-06-26 21:49:49,436 - INFO - 	loaded 142/1038 of the data.
2026-06-26 21:49:49,610 - INFO - 	loaded 143/1038 of the data.
2026-06-26 21:49:49,659 - INFO - 	loaded 144/1038 of the data.
2026-06-26 21:49:49,721 - INFO - 	loaded 145/1038 of the data.
2026-06-26 21:49:49,782 - INFO - 	loaded 146/1038 of the data.
2026-06-26 21:49:49,831 - INFO - 	loaded 147/1038 of the data.
2026-06-26 21:49:49,873 - INFO - 	loaded 148/1038 of the data.
2026-06-26 21:49:49,923 - INFO - 	loaded 149/1038 of the data.
2026-06-26 21:49:49,993 - INFO - 	loaded 150/1038 of the data.
2026-06-26 21:49:50,053 - INFO - 	loaded 151/1038 of the data.
2026-06-26 21:49:50,097 - INFO - 	loaded 152/1038 of the data.
2026-06-26 21:49:50,134 - INFO - 	loaded 153/1038 of the data.
2026-06-26 21:49:50,172 - INFO - 	loaded 154/1038 of the data.
2026-06-26 21:49:50,217 - INFO - 	loaded 155/1038 of the data.
2026-06-26 21:49:50,258 - INFO - 	loaded 156/1038 of the data.
2026-06-26 21:49:50,295 - INFO - 	loaded 157/1038 of the data.
2026-06-26 21:49:50,330 - INFO - 	loaded 158/1038 of the data.
2026-06-26 21:49:50,511 - INFO - 	loaded 159/1038 of the data.
2026-06-26 21:49:50,578 - INFO - 	loaded 160/1038 of the data.
2026-06-26 21:49:50,653 - INFO - 	loaded 161/1038 of the data.
2026-06-26 21:49:50,816 - INFO - 	loaded 162/1038 of the data.
2026-06-26 21:49:50,888 - INFO - 	loaded 163/1038 of the data.
2026-06-26 21:49:50,946 - INFO - 	loaded 164/1038 of the data.
2026-06-26 21:49:51,001 - INFO - 	loaded 165/1038 of the data.
2026-06-26 21:49:51,038 - INFO - 	loaded 166/1038 of the data.
2026-06-26 21:49:51,090 - INFO - 	loaded 167/1038 of the data.
2026-06-26 21:49:51,136 - INFO - 	loaded 168/1038 of the data.
2026-06-26 21:49:51,180 - INFO - 	loaded 169/1038 of the data.
2026-06-26 21:49:51,232 - INFO - 	loaded 170/1038 of the data.
2026-06-26 21:49:51,279 - INFO - 	loaded 171/1038 of the data.
2026-06-26 21:49:51,511 - INFO - 	loaded 172/1038 of the data.
2026-06-26 21:49:51,569 - INFO - 	loaded 173/1038 of the data.
2026-06-26 21:49:51,612 - INFO - 	loaded 174/1038 of the data.
2026-06-26 21:49:51,792 - INFO - 	loaded 175/1038 of the data.
2026-06-26 21:49:51,833 - INFO - 	loaded 176/1038 of the data.
2026-06-26 21:49:51,877 - INFO - 	loaded 177/1038 of the data.
2026-06-26 21:49:51,914 - INFO - 	loaded 178/1038 of the data.
2026-06-26 21:49:52,061 - INFO - 	loaded 179/1038 of the data.
2026-06-26 21:49:52,102 - INFO - 	loaded 180/1038 of the data.
2026-06-26 21:49:52,143 - INFO - 	loaded 181/1038 of the data.
2026-06-26 21:49:52,184 - INFO - 	loaded 182/1038 of the data.
2026-06-26 21:49:52,241 - INFO - 	loaded 183/1038 of the data.
2026-06-26 21:49:52,334 - INFO - 	loaded 184/1038 of the data.
2026-06-26 21:49:52,486 - INFO - 	loaded 185/1038 of the data.
2026-06-26 21:49:52,538 - INFO - 	loaded 186/1038 of the data.
2026-06-26 21:49:52,608 - INFO - 	loaded 187/1038 of the data.
2026-06-26 21:49:52,653 - INFO - 	loaded 188/1038 of the data.
2026-06-26 21:49:52,710 - INFO - 	loaded 189/1038 of the data.
2026-06-26 21:49:52,795 - INFO - 	loaded 190/1038 of the data.
2026-06-26 21:49:52,835 - INFO - 	loaded 191/1038 of the data.
2026-06-26 21:49:52,876 - INFO - 	loaded 192/1038 of the data.
2026-06-26 21:49:52,927 - INFO - 	loaded 193/1038 of the data.
2026-06-26 21:49:52,969 - INFO - 	loaded 194/1038 of the data.
2026-06-26 21:49:53,011 - INFO - 	loaded 195/1038 of the data.
2026-06-26 21:49:53,203 - INFO - 	loaded 196/1038 of the data.
2026-06-26 21:49:53,314 - INFO - 	loaded 197/1038 of the data.
2026-06-26 21:49:53,473 - INFO - 	loaded 198/1038 of the data.
2026-06-26 21:49:53,514 - INFO - 	loaded 199/1038 of the data.
2026-06-26 21:49:53,553 - INFO - 	loaded 200/1038 of the data.
2026-06-26 21:49:53,754 - INFO - 	loaded 201/1038 of the data.
2026-06-26 21:49:53,796 - INFO - 	loaded 202/1038 of the data.
2026-06-26 21:49:53,836 - INFO - 	loaded 203/1038 of the data.
2026-06-26 21:49:53,877 - INFO - 	loaded 204/1038 of the data.
2026-06-26 21:49:53,913 - INFO - 	loaded 205/1038 of the data.
2026-06-26 21:49:53,956 - INFO - 	loaded 206/1038 of the data.
2026-06-26 21:49:54,000 - INFO - 	loaded 207/1038 of the data.
2026-06-26 21:49:54,039 - INFO - 	loaded 208/1038 of the data.
2026-06-26 21:49:54,072 - INFO - 	loaded 209/1038 of the data.
2026-06-26 21:49:54,107 - INFO - 	loaded 210/1038 of the data.
2026-06-26 21:49:54,250 - INFO - 	loaded 211/1038 of the data.
2026-06-26 21:49:54,405 - INFO - 	loaded 212/1038 of the data.
2026-06-26 21:49:54,442 - INFO - 	loaded 213/1038 of the data.
2026-06-26 21:49:54,486 - INFO - 	loaded 214/1038 of the data.
2026-06-26 21:49:54,658 - INFO - 	loaded 215/1038 of the data.
2026-06-26 21:49:54,710 - INFO - 	loaded 216/1038 of the data.
2026-06-26 21:49:54,801 - INFO - 	loaded 217/1038 of the data.
2026-06-26 21:49:54,954 - INFO - 	loaded 218/1038 of the data.
2026-06-26 21:49:55,020 - INFO - 	loaded 219/1038 of the data.
2026-06-26 21:49:55,265 - INFO - 	loaded 220/1038 of the data.
2026-06-26 21:49:55,318 - INFO - 	loaded 221/1038 of the data.
2026-06-26 21:49:55,372 - INFO - 	loaded 222/1038 of the data.
2026-06-26 21:49:55,421 - INFO - 	loaded 223/1038 of the data.
2026-06-26 21:49:55,470 - INFO - 	loaded 224/1038 of the data.
2026-06-26 21:49:55,529 - INFO - 	loaded 225/1038 of the data.
2026-06-26 21:49:55,586 - INFO - 	loaded 226/1038 of the data.
2026-06-26 21:49:55,656 - INFO - 	loaded 227/1038 of the data.
2026-06-26 21:49:55,732 - INFO - 	loaded 228/1038 of the data.
2026-06-26 21:49:55,801 - INFO - 	loaded 229/1038 of the data.
2026-06-26 21:49:55,839 - INFO - 	loaded 230/1038 of the data.
2026-06-26 21:49:56,047 - INFO - 	loaded 231/1038 of the data.
2026-06-26 21:49:56,219 - INFO - 	loaded 232/1038 of the data.
2026-06-26 21:49:56,269 - INFO - 	loaded 233/1038 of the data.
2026-06-26 21:49:56,310 - INFO - 	loaded 234/1038 of the data.
2026-06-26 21:49:56,350 - INFO - 	loaded 235/1038 of the data.
2026-06-26 21:49:56,387 - INFO - 	loaded 236/1038 of the data.
2026-06-26 21:49:56,425 - INFO - 	loaded 237/1038 of the data.
2026-06-26 21:49:56,461 - INFO - 	loaded 238/1038 of the data.
2026-06-26 21:49:56,510 - INFO - 	loaded 239/1038 of the data.
2026-06-26 21:49:56,553 - INFO - 	loaded 240/1038 of the data.
2026-06-26 21:49:56,603 - INFO - 	loaded 241/1038 of the data.
2026-06-26 21:49:56,657 - INFO - 	loaded 242/1038 of the data.
2026-06-26 21:49:56,743 - INFO - 	loaded 243/1038 of the data.
2026-06-26 21:49:56,816 - INFO - 	loaded 244/1038 of the data.
2026-06-26 21:49:56,854 - INFO - 	loaded 245/1038 of the data.
2026-06-26 21:49:56,895 - INFO - 	loaded 246/1038 of the data.
2026-06-26 21:49:57,076 - INFO - 	loaded 247/1038 of the data.
2026-06-26 21:49:57,247 - INFO - 	loaded 248/1038 of the data.
2026-06-26 21:49:57,310 - INFO - 	loaded 249/1038 of the data.
2026-06-26 21:49:57,359 - INFO - 	loaded 250/1038 of the data.
2026-06-26 21:49:57,405 - INFO - 	loaded 251/1038 of the data.
2026-06-26 21:49:57,459 - INFO - 	loaded 252/1038 of the data.
2026-06-26 21:49:57,655 - INFO - 	loaded 253/1038 of the data.
2026-06-26 21:49:57,759 - INFO - 	loaded 254/1038 of the data.
2026-06-26 21:49:57,830 - INFO - 	loaded 255/1038 of the data.
2026-06-26 21:49:57,919 - INFO - 	loaded 256/1038 of the data.
2026-06-26 21:49:57,966 - INFO - 	loaded 257/1038 of the data.
2026-06-26 21:49:58,007 - INFO - 	loaded 258/1038 of the data.
2026-06-26 21:49:58,050 - INFO - 	loaded 259/1038 of the data.
2026-06-26 21:49:58,228 - INFO - 	loaded 260/1038 of the data.
2026-06-26 21:49:58,268 - INFO - 	loaded 261/1038 of the data.
2026-06-26 21:49:58,306 - INFO - 	loaded 262/1038 of the data.
2026-06-26 21:49:58,341 - INFO - 	loaded 263/1038 of the data.
2026-06-26 21:49:58,382 - INFO - 	loaded 264/1038 of the data.
2026-06-26 21:49:58,430 - INFO - 	loaded 265/1038 of the data.
2026-06-26 21:49:58,467 - INFO - 	loaded 266/1038 of the data.
2026-06-26 21:49:58,516 - INFO - 	loaded 267/1038 of the data.
2026-06-26 21:49:58,683 - INFO - 	loaded 268/1038 of the data.
2026-06-26 21:49:58,849 - INFO - 	loaded 269/1038 of the data.
2026-06-26 21:49:58,885 - INFO - 	loaded 270/1038 of the data.
2026-06-26 21:49:58,930 - INFO - 	loaded 271/1038 of the data.
2026-06-26 21:49:58,968 - INFO - 	loaded 272/1038 of the data.
2026-06-26 21:49:59,005 - INFO - 	loaded 273/1038 of the data.
2026-06-26 21:49:59,182 - INFO - 	loaded 274/1038 of the data.
2026-06-26 21:49:59,223 - INFO - 	loaded 275/1038 of the data.
2026-06-26 21:49:59,269 - INFO - 	loaded 276/1038 of the data.
2026-06-26 21:49:59,318 - INFO - 	loaded 277/1038 of the data.
2026-06-26 21:49:59,371 - INFO - 	loaded 278/1038 of the data.
2026-06-26 21:49:59,450 - INFO - 	loaded 279/1038 of the data.
2026-06-26 21:49:59,494 - INFO - 	loaded 280/1038 of the data.
2026-06-26 21:49:59,546 - INFO - 	loaded 281/1038 of the data.
2026-06-26 21:49:59,617 - INFO - 	loaded 282/1038 of the data.
2026-06-26 21:49:59,677 - INFO - 	loaded 283/1038 of the data.
2026-06-26 21:49:59,735 - INFO - 	loaded 284/1038 of the data.
2026-06-26 21:49:59,785 - INFO - 	loaded 285/1038 of the data.
2026-06-26 21:49:59,824 - INFO - 	loaded 286/1038 of the data.
2026-06-26 21:49:59,866 - INFO - 	loaded 287/1038 of the data.
2026-06-26 21:49:59,909 - INFO - 	loaded 288/1038 of the data.
2026-06-26 21:49:59,954 - INFO - 	loaded 289/1038 of the data.
2026-06-26 21:50:00,002 - INFO - 	loaded 290/1038 of the data.
2026-06-26 21:50:00,071 - INFO - 	loaded 291/1038 of the data.
2026-06-26 21:50:00,114 - INFO - 	loaded 292/1038 of the data.
2026-06-26 21:50:00,166 - INFO - 	loaded 293/1038 of the data.
2026-06-26 21:50:00,204 - INFO - 	loaded 294/1038 of the data.
2026-06-26 21:50:00,242 - INFO - 	loaded 295/1038 of the data.
2026-06-26 21:50:00,279 - INFO - 	loaded 296/1038 of the data.
2026-06-26 21:50:00,327 - INFO - 	loaded 297/1038 of the data.
2026-06-26 21:50:00,372 - INFO - 	loaded 298/1038 of the data.
2026-06-26 21:50:00,422 - INFO - 	loaded 299/1038 of the data.
2026-06-26 21:50:00,469 - INFO - 	loaded 300/1038 of the data.
2026-06-26 21:50:00,510 - INFO - 	loaded 301/1038 of the data.
2026-06-26 21:50:00,556 - INFO - 	loaded 302/1038 of the data.
2026-06-26 21:50:00,606 - INFO - 	loaded 303/1038 of the data.
2026-06-26 21:50:00,795 - INFO - 	loaded 304/1038 of the data.
2026-06-26 21:50:00,848 - INFO - 	loaded 305/1038 of the data.
2026-06-26 21:50:01,013 - INFO - 	loaded 306/1038 of the data.
2026-06-26 21:50:01,055 - INFO - 	loaded 307/1038 of the data.
2026-06-26 21:50:01,092 - INFO - 	loaded 308/1038 of the data.
2026-06-26 21:50:01,128 - INFO - 	loaded 309/1038 of the data.
2026-06-26 21:50:01,174 - INFO - 	loaded 310/1038 of the data.
2026-06-26 21:50:01,373 - INFO - 	loaded 311/1038 of the data.
2026-06-26 21:50:01,424 - INFO - 	loaded 312/1038 of the data.
2026-06-26 21:50:01,603 - INFO - 	loaded 313/1038 of the data.
2026-06-26 21:50:01,677 - INFO - 	loaded 314/1038 of the data.
2026-06-26 21:50:01,744 - INFO - 	loaded 315/1038 of the data.
2026-06-26 21:50:01,854 - INFO - 	loaded 316/1038 of the data.
2026-06-26 21:50:01,893 - INFO - 	loaded 317/1038 of the data.
2026-06-26 21:50:01,936 - INFO - 	loaded 318/1038 of the data.
2026-06-26 21:50:01,980 - INFO - 	loaded 319/1038 of the data.
2026-06-26 21:50:02,023 - INFO - 	loaded 320/1038 of the data.
2026-06-26 21:50:02,073 - INFO - 	loaded 321/1038 of the data.
2026-06-26 21:50:02,134 - INFO - 	loaded 322/1038 of the data.
2026-06-26 21:50:02,175 - INFO - 	loaded 323/1038 of the data.
2026-06-26 21:50:02,219 - INFO - 	loaded 324/1038 of the data.
2026-06-26 21:50:02,261 - INFO - 	loaded 325/1038 of the data.
2026-06-26 21:50:02,299 - INFO - 	loaded 326/1038 of the data.
2026-06-26 21:50:02,351 - INFO - 	loaded 327/1038 of the data.
2026-06-26 21:50:02,398 - INFO - 	loaded 328/1038 of the data.
2026-06-26 21:50:02,450 - INFO - 	loaded 329/1038 of the data.
2026-06-26 21:50:02,487 - INFO - 	loaded 330/1038 of the data.
2026-06-26 21:50:02,532 - INFO - 	loaded 331/1038 of the data.
2026-06-26 21:50:02,577 - INFO - 	loaded 332/1038 of the data.
2026-06-26 21:50:02,615 - INFO - 	loaded 333/1038 of the data.
2026-06-26 21:50:02,659 - INFO - 	loaded 334/1038 of the data.
2026-06-26 21:50:02,701 - INFO - 	loaded 335/1038 of the data.
2026-06-26 21:50:02,739 - INFO - 	loaded 336/1038 of the data.
2026-06-26 21:50:02,961 - INFO - 	loaded 337/1038 of the data.
2026-06-26 21:50:03,046 - INFO - 	loaded 338/1038 of the data.
2026-06-26 21:50:03,085 - INFO - 	loaded 339/1038 of the data.
2026-06-26 21:50:03,126 - INFO - 	loaded 340/1038 of the data.
2026-06-26 21:50:03,167 - INFO - 	loaded 341/1038 of the data.
2026-06-26 21:50:03,208 - INFO - 	loaded 342/1038 of the data.
2026-06-26 21:50:03,247 - INFO - 	loaded 343/1038 of the data.
2026-06-26 21:50:03,286 - INFO - 	loaded 344/1038 of the data.
2026-06-26 21:50:03,324 - INFO - 	loaded 345/1038 of the data.
2026-06-26 21:50:03,359 - INFO - 	loaded 346/1038 of the data.
2026-06-26 21:50:03,398 - INFO - 	loaded 347/1038 of the data.
2026-06-26 21:50:03,456 - INFO - 	loaded 348/1038 of the data.
2026-06-26 21:50:03,620 - INFO - 	loaded 349/1038 of the data.
2026-06-26 21:50:03,671 - INFO - 	loaded 350/1038 of the data.
2026-06-26 21:50:03,855 - INFO - 	loaded 351/1038 of the data.
2026-06-26 21:50:03,920 - INFO - 	loaded 352/1038 of the data.
2026-06-26 21:50:03,979 - INFO - 	loaded 353/1038 of the data.
2026-06-26 21:50:04,038 - INFO - 	loaded 354/1038 of the data.
2026-06-26 21:50:04,136 - INFO - 	loaded 355/1038 of the data.
2026-06-26 21:50:04,181 - INFO - 	loaded 356/1038 of the data.
2026-06-26 21:50:04,226 - INFO - 	loaded 357/1038 of the data.
2026-06-26 21:50:04,265 - INFO - 	loaded 358/1038 of the data.
2026-06-26 21:50:04,307 - INFO - 	loaded 359/1038 of the data.
2026-06-26 21:50:04,361 - INFO - 	loaded 360/1038 of the data.
2026-06-26 21:50:04,419 - INFO - 	loaded 361/1038 of the data.
2026-06-26 21:50:04,457 - INFO - 	loaded 362/1038 of the data.
2026-06-26 21:50:04,497 - INFO - 	loaded 363/1038 of the data.
2026-06-26 21:50:04,544 - INFO - 	loaded 364/1038 of the data.
2026-06-26 21:50:04,591 - INFO - 	loaded 365/1038 of the data.
2026-06-26 21:50:04,634 - INFO - 	loaded 366/1038 of the data.
2026-06-26 21:50:04,672 - INFO - 	loaded 367/1038 of the data.
2026-06-26 21:50:04,714 - INFO - 	loaded 368/1038 of the data.
2026-06-26 21:50:04,759 - INFO - 	loaded 369/1038 of the data.
2026-06-26 21:50:04,805 - INFO - 	loaded 370/1038 of the data.
2026-06-26 21:50:04,844 - INFO - 	loaded 371/1038 of the data.
2026-06-26 21:50:04,883 - INFO - 	loaded 372/1038 of the data.
2026-06-26 21:50:04,925 - INFO - 	loaded 373/1038 of the data.
2026-06-26 21:50:04,961 - INFO - 	loaded 374/1038 of the data.
2026-06-26 21:50:04,995 - INFO - 	loaded 375/1038 of the data.
2026-06-26 21:50:05,043 - INFO - 	loaded 376/1038 of the data.
2026-06-26 21:50:05,086 - INFO - 	loaded 377/1038 of the data.
2026-06-26 21:50:05,125 - INFO - 	loaded 378/1038 of the data.
2026-06-26 21:50:05,161 - INFO - 	loaded 379/1038 of the data.
2026-06-26 21:50:05,329 - INFO - 	loaded 380/1038 of the data.
2026-06-26 21:50:05,376 - INFO - 	loaded 381/1038 of the data.
2026-06-26 21:50:05,416 - INFO - 	loaded 382/1038 of the data.
2026-06-26 21:50:05,460 - INFO - 	loaded 383/1038 of the data.
2026-06-26 21:50:05,506 - INFO - 	loaded 384/1038 of the data.
2026-06-26 21:50:05,546 - INFO - 	loaded 385/1038 of the data.
2026-06-26 21:50:05,587 - INFO - 	loaded 386/1038 of the data.
2026-06-26 21:50:05,626 - INFO - 	loaded 387/1038 of the data.
2026-06-26 21:50:05,676 - INFO - 	loaded 388/1038 of the data.
2026-06-26 21:50:05,869 - INFO - 	loaded 389/1038 of the data.
2026-06-26 21:50:06,095 - INFO - 	loaded 390/1038 of the data.
2026-06-26 21:50:06,154 - INFO - 	loaded 391/1038 of the data.
2026-06-26 21:50:06,191 - INFO - 	loaded 392/1038 of the data.
2026-06-26 21:50:06,234 - INFO - 	loaded 393/1038 of the data.
2026-06-26 21:50:06,268 - INFO - 	loaded 394/1038 of the data.
2026-06-26 21:50:06,648 - INFO - 	loaded 395/1038 of the data.
2026-06-26 21:50:06,696 - INFO - 	loaded 396/1038 of the data.
2026-06-26 21:50:06,734 - INFO - 	loaded 397/1038 of the data.
2026-06-26 21:50:06,772 - INFO - 	loaded 398/1038 of the data.
2026-06-26 21:50:06,813 - INFO - 	loaded 399/1038 of the data.
2026-06-26 21:50:06,855 - INFO - 	loaded 400/1038 of the data.
2026-06-26 21:50:06,904 - INFO - 	loaded 401/1038 of the data.
2026-06-26 21:50:06,981 - INFO - 	loaded 402/1038 of the data.
2026-06-26 21:50:07,018 - INFO - 	loaded 403/1038 of the data.
2026-06-26 21:50:07,063 - INFO - 	loaded 404/1038 of the data.
2026-06-26 21:50:07,115 - INFO - 	loaded 405/1038 of the data.
2026-06-26 21:50:07,162 - INFO - 	loaded 406/1038 of the data.
2026-06-26 21:50:07,204 - INFO - 	loaded 407/1038 of the data.
2026-06-26 21:50:07,357 - INFO - 	loaded 408/1038 of the data.
2026-06-26 21:50:07,411 - INFO - 	loaded 409/1038 of the data.
2026-06-26 21:50:07,463 - INFO - 	loaded 410/1038 of the data.
2026-06-26 21:50:07,514 - INFO - 	loaded 411/1038 of the data.
2026-06-26 21:50:07,573 - INFO - 	loaded 412/1038 of the data.
2026-06-26 21:50:07,740 - INFO - 	loaded 413/1038 of the data.
2026-06-26 21:50:07,797 - INFO - 	loaded 414/1038 of the data.
2026-06-26 21:50:08,017 - INFO - 	loaded 415/1038 of the data.
2026-06-26 21:50:08,094 - INFO - 	loaded 416/1038 of the data.
2026-06-26 21:50:08,154 - INFO - 	loaded 417/1038 of the data.
2026-06-26 21:50:08,210 - INFO - 	loaded 418/1038 of the data.
2026-06-26 21:50:08,256 - INFO - 	loaded 419/1038 of the data.
2026-06-26 21:50:08,300 - INFO - 	loaded 420/1038 of the data.
2026-06-26 21:50:08,336 - INFO - 	loaded 421/1038 of the data.
2026-06-26 21:50:08,371 - INFO - 	loaded 422/1038 of the data.
2026-06-26 21:50:08,405 - INFO - 	loaded 423/1038 of the data.
2026-06-26 21:50:08,443 - INFO - 	loaded 424/1038 of the data.
2026-06-26 21:50:08,494 - INFO - 	loaded 425/1038 of the data.
2026-06-26 21:50:08,758 - INFO - 	loaded 426/1038 of the data.
2026-06-26 21:50:08,807 - INFO - 	loaded 427/1038 of the data.
2026-06-26 21:50:08,862 - INFO - 	loaded 428/1038 of the data.
2026-06-26 21:50:08,900 - INFO - 	loaded 429/1038 of the data.
2026-06-26 21:50:08,949 - INFO - 	loaded 430/1038 of the data.
2026-06-26 21:50:09,018 - INFO - 	loaded 431/1038 of the data.
2026-06-26 21:50:09,058 - INFO - 	loaded 432/1038 of the data.
2026-06-26 21:50:09,099 - INFO - 	loaded 433/1038 of the data.
2026-06-26 21:50:09,141 - INFO - 	loaded 434/1038 of the data.
2026-06-26 21:50:09,184 - INFO - 	loaded 435/1038 of the data.
2026-06-26 21:50:09,223 - INFO - 	loaded 436/1038 of the data.
2026-06-26 21:50:09,284 - INFO - 	loaded 437/1038 of the data.
2026-06-26 21:50:09,321 - INFO - 	loaded 438/1038 of the data.
2026-06-26 21:50:09,357 - INFO - 	loaded 439/1038 of the data.
2026-06-26 21:50:09,530 - INFO - 	loaded 440/1038 of the data.
2026-06-26 21:50:09,594 - INFO - 	loaded 441/1038 of the data.
2026-06-26 21:50:09,645 - INFO - 	loaded 442/1038 of the data.
2026-06-26 21:50:09,693 - INFO - 	loaded 443/1038 of the data.
2026-06-26 21:50:09,775 - INFO - 	loaded 444/1038 of the data.
2026-06-26 21:50:09,845 - INFO - 	loaded 445/1038 of the data.
2026-06-26 21:50:09,887 - INFO - 	loaded 446/1038 of the data.
2026-06-26 21:50:09,919 - INFO - 	loaded 447/1038 of the data.
2026-06-26 21:50:09,958 - INFO - 	loaded 448/1038 of the data.
2026-06-26 21:50:09,998 - INFO - 	loaded 449/1038 of the data.
2026-06-26 21:50:10,043 - INFO - 	loaded 450/1038 of the data.
2026-06-26 21:50:10,080 - INFO - 	loaded 451/1038 of the data.
2026-06-26 21:50:10,113 - INFO - 	loaded 452/1038 of the data.
2026-06-26 21:50:10,148 - INFO - 	loaded 453/1038 of the data.
2026-06-26 21:50:10,185 - INFO - 	loaded 454/1038 of the data.
2026-06-26 21:50:10,222 - INFO - 	loaded 455/1038 of the data.
2026-06-26 21:50:10,268 - INFO - 	loaded 456/1038 of the data.
2026-06-26 21:50:10,324 - INFO - 	loaded 457/1038 of the data.
2026-06-26 21:50:10,366 - INFO - 	loaded 458/1038 of the data.
2026-06-26 21:50:10,406 - INFO - 	loaded 459/1038 of the data.
2026-06-26 21:50:10,446 - INFO - 	loaded 460/1038 of the data.
2026-06-26 21:50:10,489 - INFO - 	loaded 461/1038 of the data.
2026-06-26 21:50:10,529 - INFO - 	loaded 462/1038 of the data.
2026-06-26 21:50:10,569 - INFO - 	loaded 463/1038 of the data.
2026-06-26 21:50:10,610 - INFO - 	loaded 464/1038 of the data.
2026-06-26 21:50:10,648 - INFO - 	loaded 465/1038 of the data.
2026-06-26 21:50:10,690 - INFO - 	loaded 466/1038 of the data.
2026-06-26 21:50:10,728 - INFO - 	loaded 467/1038 of the data.
2026-06-26 21:50:10,766 - INFO - 	loaded 468/1038 of the data.
2026-06-26 21:50:10,808 - INFO - 	loaded 469/1038 of the data.
2026-06-26 21:50:10,957 - INFO - 	loaded 470/1038 of the data.
2026-06-26 21:50:11,005 - INFO - 	loaded 471/1038 of the data.
2026-06-26 21:50:11,057 - INFO - 	loaded 472/1038 of the data.
2026-06-26 21:50:11,114 - INFO - 	loaded 473/1038 of the data.
2026-06-26 21:50:11,184 - INFO - 	loaded 474/1038 of the data.
2026-06-26 21:50:11,237 - INFO - 	loaded 475/1038 of the data.
2026-06-26 21:50:11,283 - INFO - 	loaded 476/1038 of the data.
2026-06-26 21:50:11,327 - INFO - 	loaded 477/1038 of the data.
2026-06-26 21:50:11,378 - INFO - 	loaded 478/1038 of the data.
2026-06-26 21:50:11,425 - INFO - 	loaded 479/1038 of the data.
2026-06-26 21:50:11,586 - INFO - 	loaded 480/1038 of the data.
2026-06-26 21:50:11,764 - INFO - 	loaded 481/1038 of the data.
2026-06-26 21:50:11,814 - INFO - 	loaded 482/1038 of the data.
2026-06-26 21:50:11,860 - INFO - 	loaded 483/1038 of the data.
2026-06-26 21:50:11,900 - INFO - 	loaded 484/1038 of the data.
2026-06-26 21:50:11,942 - INFO - 	loaded 485/1038 of the data.
2026-06-26 21:50:12,093 - INFO - 	loaded 486/1038 of the data.
2026-06-26 21:50:12,137 - INFO - 	loaded 487/1038 of the data.
2026-06-26 21:50:12,197 - INFO - 	loaded 488/1038 of the data.
2026-06-26 21:50:12,260 - INFO - 	loaded 489/1038 of the data.
2026-06-26 21:50:12,316 - INFO - 	loaded 490/1038 of the data.
2026-06-26 21:50:12,372 - INFO - 	loaded 491/1038 of the data.
2026-06-26 21:50:12,423 - INFO - 	loaded 492/1038 of the data.
2026-06-26 21:50:12,474 - INFO - 	loaded 493/1038 of the data.
2026-06-26 21:50:12,515 - INFO - 	loaded 494/1038 of the data.
2026-06-26 21:50:12,556 - INFO - 	loaded 495/1038 of the data.
2026-06-26 21:50:12,604 - INFO - 	loaded 496/1038 of the data.
2026-06-26 21:50:12,763 - INFO - 	loaded 497/1038 of the data.
2026-06-26 21:50:12,803 - INFO - 	loaded 498/1038 of the data.
2026-06-26 21:50:12,842 - INFO - 	loaded 499/1038 of the data.
2026-06-26 21:50:12,880 - INFO - 	loaded 500/1038 of the data.
2026-06-26 21:50:12,924 - INFO - 	loaded 501/1038 of the data.
2026-06-26 21:50:12,963 - INFO - 	loaded 502/1038 of the data.
2026-06-26 21:50:13,001 - INFO - 	loaded 503/1038 of the data.
2026-06-26 21:50:13,038 - INFO - 	loaded 504/1038 of the data.
2026-06-26 21:50:13,074 - INFO - 	loaded 505/1038 of the data.
2026-06-26 21:50:13,119 - INFO - 	loaded 506/1038 of the data.
2026-06-26 21:50:13,165 - INFO - 	loaded 507/1038 of the data.
2026-06-26 21:50:13,218 - INFO - 	loaded 508/1038 of the data.
2026-06-26 21:50:13,262 - INFO - 	loaded 509/1038 of the data.
2026-06-26 21:50:13,308 - INFO - 	loaded 510/1038 of the data.
2026-06-26 21:50:13,374 - INFO - 	loaded 511/1038 of the data.
2026-06-26 21:50:13,454 - INFO - 	loaded 512/1038 of the data.
2026-06-26 21:50:13,491 - INFO - 	loaded 513/1038 of the data.
2026-06-26 21:50:13,530 - INFO - 	loaded 514/1038 of the data.
2026-06-26 21:50:13,733 - INFO - 	loaded 515/1038 of the data.
2026-06-26 21:50:13,798 - INFO - 	loaded 516/1038 of the data.
2026-06-26 21:50:13,854 - INFO - 	loaded 517/1038 of the data.
2026-06-26 21:50:14,027 - INFO - 	loaded 518/1038 of the data.
2026-06-26 21:50:14,236 - INFO - 	loaded 519/1038 of the data.
2026-06-26 21:50:14,300 - INFO - 	loaded 520/1038 of the data.
2026-06-26 21:50:14,368 - INFO - 	loaded 521/1038 of the data.
2026-06-26 21:50:14,436 - INFO - 	loaded 522/1038 of the data.
2026-06-26 21:50:14,496 - INFO - 	loaded 523/1038 of the data.
2026-06-26 21:50:14,536 - INFO - 	loaded 524/1038 of the data.
2026-06-26 21:50:14,574 - INFO - 	loaded 525/1038 of the data.
2026-06-26 21:50:14,618 - INFO - 	loaded 526/1038 of the data.
2026-06-26 21:50:14,782 - INFO - 	loaded 527/1038 of the data.
2026-06-26 21:50:14,825 - INFO - 	loaded 528/1038 of the data.
2026-06-26 21:50:14,889 - INFO - 	loaded 529/1038 of the data.
2026-06-26 21:50:14,930 - INFO - 	loaded 530/1038 of the data.
2026-06-26 21:50:14,970 - INFO - 	loaded 531/1038 of the data.
2026-06-26 21:50:15,032 - INFO - 	loaded 532/1038 of the data.
2026-06-26 21:50:15,083 - INFO - 	loaded 533/1038 of the data.
2026-06-26 21:50:15,119 - INFO - 	loaded 534/1038 of the data.
2026-06-26 21:50:15,158 - INFO - 	loaded 535/1038 of the data.
2026-06-26 21:50:15,200 - INFO - 	loaded 536/1038 of the data.
2026-06-26 21:50:15,354 - INFO - 	loaded 537/1038 of the data.
2026-06-26 21:50:15,554 - INFO - 	loaded 538/1038 of the data.
2026-06-26 21:50:15,624 - INFO - 	loaded 539/1038 of the data.
2026-06-26 21:50:15,698 - INFO - 	loaded 540/1038 of the data.
2026-06-26 21:50:15,753 - INFO - 	loaded 541/1038 of the data.
2026-06-26 21:50:15,806 - INFO - 	loaded 542/1038 of the data.
2026-06-26 21:50:15,852 - INFO - 	loaded 543/1038 of the data.
2026-06-26 21:50:16,014 - INFO - 	loaded 544/1038 of the data.
2026-06-26 21:50:16,056 - INFO - 	loaded 545/1038 of the data.
2026-06-26 21:50:16,106 - INFO - 	loaded 546/1038 of the data.
2026-06-26 21:50:16,150 - INFO - 	loaded 547/1038 of the data.
2026-06-26 21:50:16,195 - INFO - 	loaded 548/1038 of the data.
2026-06-26 21:50:16,240 - INFO - 	loaded 549/1038 of the data.
2026-06-26 21:50:16,282 - INFO - 	loaded 550/1038 of the data.
2026-06-26 21:50:16,324 - INFO - 	loaded 551/1038 of the data.
2026-06-26 21:50:16,363 - INFO - 	loaded 552/1038 of the data.
2026-06-26 21:50:16,401 - INFO - 	loaded 553/1038 of the data.
2026-06-26 21:50:16,438 - INFO - 	loaded 554/1038 of the data.
2026-06-26 21:50:16,474 - INFO - 	loaded 555/1038 of the data.
2026-06-26 21:50:16,510 - INFO - 	loaded 556/1038 of the data.
2026-06-26 21:50:16,546 - INFO - 	loaded 557/1038 of the data.
2026-06-26 21:50:16,586 - INFO - 	loaded 558/1038 of the data.
2026-06-26 21:50:16,626 - INFO - 	loaded 559/1038 of the data.
2026-06-26 21:50:16,663 - INFO - 	loaded 560/1038 of the data.
2026-06-26 21:50:16,700 - INFO - 	loaded 561/1038 of the data.
2026-06-26 21:50:16,858 - INFO - 	loaded 562/1038 of the data.
2026-06-26 21:50:16,912 - INFO - 	loaded 563/1038 of the data.
2026-06-26 21:50:16,971 - INFO - 	loaded 564/1038 of the data.
2026-06-26 21:50:17,022 - INFO - 	loaded 565/1038 of the data.
2026-06-26 21:50:17,063 - INFO - 	loaded 566/1038 of the data.
2026-06-26 21:50:17,111 - INFO - 	loaded 567/1038 of the data.
2026-06-26 21:50:17,157 - INFO - 	loaded 568/1038 of the data.
2026-06-26 21:50:17,198 - INFO - 	loaded 569/1038 of the data.
2026-06-26 21:50:17,236 - INFO - 	loaded 570/1038 of the data.
2026-06-26 21:50:17,397 - INFO - 	loaded 571/1038 of the data.
2026-06-26 21:50:17,438 - INFO - 	loaded 572/1038 of the data.
2026-06-26 21:50:17,603 - INFO - 	loaded 573/1038 of the data.
2026-06-26 21:50:17,643 - INFO - 	loaded 574/1038 of the data.
2026-06-26 21:50:17,690 - INFO - 	loaded 575/1038 of the data.
2026-06-26 21:50:17,737 - INFO - 	loaded 576/1038 of the data.
2026-06-26 21:50:17,788 - INFO - 	loaded 577/1038 of the data.
2026-06-26 21:50:17,941 - INFO - 	loaded 578/1038 of the data.
2026-06-26 21:50:17,982 - INFO - 	loaded 579/1038 of the data.
2026-06-26 21:50:18,040 - INFO - 	loaded 580/1038 of the data.
2026-06-26 21:50:18,094 - INFO - 	loaded 581/1038 of the data.
2026-06-26 21:50:18,151 - INFO - 	loaded 582/1038 of the data.
2026-06-26 21:50:18,222 - INFO - 	loaded 583/1038 of the data.
2026-06-26 21:50:18,269 - INFO - 	loaded 584/1038 of the data.
2026-06-26 21:50:18,315 - INFO - 	loaded 585/1038 of the data.
2026-06-26 21:50:18,363 - INFO - 	loaded 586/1038 of the data.
2026-06-26 21:50:18,443 - INFO - 	loaded 587/1038 of the data.
2026-06-26 21:50:18,483 - INFO - 	loaded 588/1038 of the data.
2026-06-26 21:50:18,530 - INFO - 	loaded 589/1038 of the data.
2026-06-26 21:50:18,581 - INFO - 	loaded 590/1038 of the data.
2026-06-26 21:50:18,634 - INFO - 	loaded 591/1038 of the data.
2026-06-26 21:50:18,674 - INFO - 	loaded 592/1038 of the data.
2026-06-26 21:50:18,713 - INFO - 	loaded 593/1038 of the data.
2026-06-26 21:50:18,766 - INFO - 	loaded 594/1038 of the data.
2026-06-26 21:50:18,818 - INFO - 	loaded 595/1038 of the data.
2026-06-26 21:50:18,868 - INFO - 	loaded 596/1038 of the data.
2026-06-26 21:50:18,936 - INFO - 	loaded 597/1038 of the data.
2026-06-26 21:50:18,975 - INFO - 	loaded 598/1038 of the data.
2026-06-26 21:50:19,031 - INFO - 	loaded 599/1038 of the data.
2026-06-26 21:50:19,080 - INFO - 	loaded 600/1038 of the data.
2026-06-26 21:50:19,130 - INFO - 	loaded 601/1038 of the data.
2026-06-26 21:50:19,314 - INFO - 	loaded 602/1038 of the data.
2026-06-26 21:50:19,391 - INFO - 	loaded 603/1038 of the data.
2026-06-26 21:50:19,449 - INFO - 	loaded 604/1038 of the data.
2026-06-26 21:50:19,495 - INFO - 	loaded 605/1038 of the data.
2026-06-26 21:50:19,547 - INFO - 	loaded 606/1038 of the data.
2026-06-26 21:50:19,598 - INFO - 	loaded 607/1038 of the data.
2026-06-26 21:50:19,671 - INFO - 	loaded 608/1038 of the data.
2026-06-26 21:50:19,716 - INFO - 	loaded 609/1038 of the data.
2026-06-26 21:50:19,773 - INFO - 	loaded 610/1038 of the data.
2026-06-26 21:50:19,815 - INFO - 	loaded 611/1038 of the data.
2026-06-26 21:50:19,857 - INFO - 	loaded 612/1038 of the data.
2026-06-26 21:50:19,903 - INFO - 	loaded 613/1038 of the data.
2026-06-26 21:50:19,938 - INFO - 	loaded 614/1038 of the data.
2026-06-26 21:50:19,973 - INFO - 	loaded 615/1038 of the data.
2026-06-26 21:50:20,009 - INFO - 	loaded 616/1038 of the data.
2026-06-26 21:50:20,063 - INFO - 	loaded 617/1038 of the data.
2026-06-26 21:50:20,121 - INFO - 	loaded 618/1038 of the data.
2026-06-26 21:50:20,160 - INFO - 	loaded 619/1038 of the data.
2026-06-26 21:50:20,343 - INFO - 	loaded 620/1038 of the data.
2026-06-26 21:50:20,385 - INFO - 	loaded 621/1038 of the data.
2026-06-26 21:50:20,425 - INFO - 	loaded 622/1038 of the data.
2026-06-26 21:50:20,631 - INFO - 	loaded 623/1038 of the data.
2026-06-26 21:50:20,689 - INFO - 	loaded 624/1038 of the data.
2026-06-26 21:50:20,935 - INFO - 	loaded 625/1038 of the data.
2026-06-26 21:50:21,103 - INFO - 	loaded 626/1038 of the data.
2026-06-26 21:50:21,224 - INFO - 	loaded 627/1038 of the data.
2026-06-26 21:50:21,270 - INFO - 	loaded 628/1038 of the data.
2026-06-26 21:50:21,322 - INFO - 	loaded 629/1038 of the data.
2026-06-26 21:50:21,356 - INFO - 	loaded 630/1038 of the data.
2026-06-26 21:50:21,394 - INFO - 	loaded 631/1038 of the data.
2026-06-26 21:50:21,430 - INFO - 	loaded 632/1038 of the data.
2026-06-26 21:50:21,472 - INFO - 	loaded 633/1038 of the data.
2026-06-26 21:50:21,789 - INFO - 	loaded 634/1038 of the data.
2026-06-26 21:50:21,833 - INFO - 	loaded 635/1038 of the data.
2026-06-26 21:50:21,869 - INFO - 	loaded 636/1038 of the data.
2026-06-26 21:50:21,914 - INFO - 	loaded 637/1038 of the data.
2026-06-26 21:50:21,953 - INFO - 	loaded 638/1038 of the data.
2026-06-26 21:50:22,004 - INFO - 	loaded 639/1038 of the data.
2026-06-26 21:50:22,060 - INFO - 	loaded 640/1038 of the data.
2026-06-26 21:50:22,100 - INFO - 	loaded 641/1038 of the data.
2026-06-26 21:50:22,143 - INFO - 	loaded 642/1038 of the data.
2026-06-26 21:50:22,179 - INFO - 	loaded 643/1038 of the data.
2026-06-26 21:50:22,221 - INFO - 	loaded 644/1038 of the data.
2026-06-26 21:50:22,265 - INFO - 	loaded 645/1038 of the data.
2026-06-26 21:50:22,306 - INFO - 	loaded 646/1038 of the data.
2026-06-26 21:50:22,500 - INFO - 	loaded 647/1038 of the data.
2026-06-26 21:50:22,558 - INFO - 	loaded 648/1038 of the data.
2026-06-26 21:50:22,603 - INFO - 	loaded 649/1038 of the data.
2026-06-26 21:50:22,645 - INFO - 	loaded 650/1038 of the data.
2026-06-26 21:50:22,688 - INFO - 	loaded 651/1038 of the data.
2026-06-26 21:50:22,876 - INFO - 	loaded 652/1038 of the data.
2026-06-26 21:50:22,949 - INFO - 	loaded 653/1038 of the data.
2026-06-26 21:50:22,998 - INFO - 	loaded 654/1038 of the data.
2026-06-26 21:50:23,053 - INFO - 	loaded 655/1038 of the data.
2026-06-26 21:50:23,159 - INFO - 	loaded 656/1038 of the data.
2026-06-26 21:50:23,202 - INFO - 	loaded 657/1038 of the data.
2026-06-26 21:50:23,239 - INFO - 	loaded 658/1038 of the data.
2026-06-26 21:50:23,278 - INFO - 	loaded 659/1038 of the data.
2026-06-26 21:50:23,330 - INFO - 	loaded 660/1038 of the data.
2026-06-26 21:50:23,406 - INFO - 	loaded 661/1038 of the data.
2026-06-26 21:50:23,474 - INFO - 	loaded 662/1038 of the data.
2026-06-26 21:50:23,528 - INFO - 	loaded 663/1038 of the data.
2026-06-26 21:50:23,593 - INFO - 	loaded 664/1038 of the data.
2026-06-26 21:50:23,663 - INFO - 	loaded 665/1038 of the data.
2026-06-26 21:50:23,707 - INFO - 	loaded 666/1038 of the data.
2026-06-26 21:50:23,750 - INFO - 	loaded 667/1038 of the data.
2026-06-26 21:50:23,795 - INFO - 	loaded 668/1038 of the data.
2026-06-26 21:50:23,837 - INFO - 	loaded 669/1038 of the data.
2026-06-26 21:50:23,879 - INFO - 	loaded 670/1038 of the data.
2026-06-26 21:50:23,928 - INFO - 	loaded 671/1038 of the data.
2026-06-26 21:50:23,973 - INFO - 	loaded 672/1038 of the data.
2026-06-26 21:50:24,014 - INFO - 	loaded 673/1038 of the data.
2026-06-26 21:50:24,050 - INFO - 	loaded 674/1038 of the data.
2026-06-26 21:50:24,092 - INFO - 	loaded 675/1038 of the data.
2026-06-26 21:50:24,148 - INFO - 	loaded 676/1038 of the data.
2026-06-26 21:50:24,189 - INFO - 	loaded 677/1038 of the data.
2026-06-26 21:50:24,229 - INFO - 	loaded 678/1038 of the data.
2026-06-26 21:50:24,275 - INFO - 	loaded 679/1038 of the data.
2026-06-26 21:50:24,337 - INFO - 	loaded 680/1038 of the data.
2026-06-26 21:50:24,377 - INFO - 	loaded 681/1038 of the data.
2026-06-26 21:50:24,413 - INFO - 	loaded 682/1038 of the data.
2026-06-26 21:50:24,469 - INFO - 	loaded 683/1038 of the data.
2026-06-26 21:50:24,533 - INFO - 	loaded 684/1038 of the data.
2026-06-26 21:50:24,650 - INFO - 	loaded 685/1038 of the data.
2026-06-26 21:50:24,686 - INFO - 	loaded 686/1038 of the data.
2026-06-26 21:50:24,731 - INFO - 	loaded 687/1038 of the data.
2026-06-26 21:50:24,774 - INFO - 	loaded 688/1038 of the data.
2026-06-26 21:50:24,808 - INFO - 	loaded 689/1038 of the data.
2026-06-26 21:50:24,842 - INFO - 	loaded 690/1038 of the data.
2026-06-26 21:50:25,003 - INFO - 	loaded 691/1038 of the data.
2026-06-26 21:50:25,078 - INFO - 	loaded 692/1038 of the data.
2026-06-26 21:50:25,143 - INFO - 	loaded 693/1038 of the data.
2026-06-26 21:50:25,192 - INFO - 	loaded 694/1038 of the data.
2026-06-26 21:50:25,241 - INFO - 	loaded 695/1038 of the data.
2026-06-26 21:50:25,300 - INFO - 	loaded 696/1038 of the data.
2026-06-26 21:50:25,351 - INFO - 	loaded 697/1038 of the data.
2026-06-26 21:50:25,400 - INFO - 	loaded 698/1038 of the data.
2026-06-26 21:50:25,451 - INFO - 	loaded 699/1038 of the data.
2026-06-26 21:50:25,510 - INFO - 	loaded 700/1038 of the data.
2026-06-26 21:50:25,711 - INFO - 	loaded 701/1038 of the data.
2026-06-26 21:50:25,894 - INFO - 	loaded 702/1038 of the data.
2026-06-26 21:50:25,934 - INFO - 	loaded 703/1038 of the data.
2026-06-26 21:50:25,972 - INFO - 	loaded 704/1038 of the data.
2026-06-26 21:50:26,018 - INFO - 	loaded 705/1038 of the data.
2026-06-26 21:50:26,092 - INFO - 	loaded 706/1038 of the data.
2026-06-26 21:50:26,166 - INFO - 	loaded 707/1038 of the data.
2026-06-26 21:50:26,217 - INFO - 	loaded 708/1038 of the data.
2026-06-26 21:50:26,275 - INFO - 	loaded 709/1038 of the data.
2026-06-26 21:50:26,336 - INFO - 	loaded 710/1038 of the data.
2026-06-26 21:50:26,375 - INFO - 	loaded 711/1038 of the data.
2026-06-26 21:50:26,411 - INFO - 	loaded 712/1038 of the data.
2026-06-26 21:50:26,450 - INFO - 	loaded 713/1038 of the data.
2026-06-26 21:50:26,674 - INFO - 	loaded 714/1038 of the data.
2026-06-26 21:50:26,730 - INFO - 	loaded 715/1038 of the data.
2026-06-26 21:50:26,779 - INFO - 	loaded 716/1038 of the data.
2026-06-26 21:50:26,822 - INFO - 	loaded 717/1038 of the data.
2026-06-26 21:50:26,864 - INFO - 	loaded 718/1038 of the data.
2026-06-26 21:50:26,907 - INFO - 	loaded 719/1038 of the data.
2026-06-26 21:50:26,964 - INFO - 	loaded 720/1038 of the data.
2026-06-26 21:50:26,999 - INFO - 	loaded 721/1038 of the data.
2026-06-26 21:50:27,041 - INFO - 	loaded 722/1038 of the data.
2026-06-26 21:50:27,076 - INFO - 	loaded 723/1038 of the data.
2026-06-26 21:50:27,113 - INFO - 	loaded 724/1038 of the data.
2026-06-26 21:50:27,154 - INFO - 	loaded 725/1038 of the data.
2026-06-26 21:50:27,195 - INFO - 	loaded 726/1038 of the data.
2026-06-26 21:50:27,233 - INFO - 	loaded 727/1038 of the data.
2026-06-26 21:50:27,267 - INFO - 	loaded 728/1038 of the data.
2026-06-26 21:50:27,314 - INFO - 	loaded 729/1038 of the data.
2026-06-26 21:50:27,530 - INFO - 	loaded 730/1038 of the data.
2026-06-26 21:50:27,579 - INFO - 	loaded 731/1038 of the data.
2026-06-26 21:50:27,619 - INFO - 	loaded 732/1038 of the data.
2026-06-26 21:50:27,656 - INFO - 	loaded 733/1038 of the data.
2026-06-26 21:50:27,695 - INFO - 	loaded 734/1038 of the data.
2026-06-26 21:50:27,770 - INFO - 	loaded 735/1038 of the data.
2026-06-26 21:50:27,811 - INFO - 	loaded 736/1038 of the data.
2026-06-26 21:50:27,847 - INFO - 	loaded 737/1038 of the data.
2026-06-26 21:50:27,884 - INFO - 	loaded 738/1038 of the data.
2026-06-26 21:50:27,932 - INFO - 	loaded 739/1038 of the data.
2026-06-26 21:50:28,004 - INFO - 	loaded 740/1038 of the data.
2026-06-26 21:50:28,053 - INFO - 	loaded 741/1038 of the data.
2026-06-26 21:50:28,094 - INFO - 	loaded 742/1038 of the data.
2026-06-26 21:50:28,137 - INFO - 	loaded 743/1038 of the data.
2026-06-26 21:50:28,175 - INFO - 	loaded 744/1038 of the data.
2026-06-26 21:50:28,217 - INFO - 	loaded 745/1038 of the data.
2026-06-26 21:50:28,266 - INFO - 	loaded 746/1038 of the data.
2026-06-26 21:50:28,309 - INFO - 	loaded 747/1038 of the data.
2026-06-26 21:50:28,349 - INFO - 	loaded 748/1038 of the data.
2026-06-26 21:50:28,391 - INFO - 	loaded 749/1038 of the data.
2026-06-26 21:50:28,431 - INFO - 	loaded 750/1038 of the data.
2026-06-26 21:50:28,473 - INFO - 	loaded 751/1038 of the data.
2026-06-26 21:50:28,509 - INFO - 	loaded 752/1038 of the data.
2026-06-26 21:50:28,548 - INFO - 	loaded 753/1038 of the data.
2026-06-26 21:50:28,592 - INFO - 	loaded 754/1038 of the data.
2026-06-26 21:50:28,635 - INFO - 	loaded 755/1038 of the data.
2026-06-26 21:50:28,678 - INFO - 	loaded 756/1038 of the data.
2026-06-26 21:50:28,729 - INFO - 	loaded 757/1038 of the data.
2026-06-26 21:50:28,774 - INFO - 	loaded 758/1038 of the data.
2026-06-26 21:50:28,813 - INFO - 	loaded 759/1038 of the data.
2026-06-26 21:50:28,849 - INFO - 	loaded 760/1038 of the data.
2026-06-26 21:50:29,023 - INFO - 	loaded 761/1038 of the data.
2026-06-26 21:50:29,068 - INFO - 	loaded 762/1038 of the data.
2026-06-26 21:50:29,109 - INFO - 	loaded 763/1038 of the data.
2026-06-26 21:50:29,146 - INFO - 	loaded 764/1038 of the data.
2026-06-26 21:50:29,190 - INFO - 	loaded 765/1038 of the data.
2026-06-26 21:50:29,240 - INFO - 	loaded 766/1038 of the data.
2026-06-26 21:50:29,296 - INFO - 	loaded 767/1038 of the data.
2026-06-26 21:50:29,348 - INFO - 	loaded 768/1038 of the data.
2026-06-26 21:50:29,537 - INFO - 	loaded 769/1038 of the data.
2026-06-26 21:50:29,606 - INFO - 	loaded 770/1038 of the data.
2026-06-26 21:50:29,658 - INFO - 	loaded 771/1038 of the data.
2026-06-26 21:50:29,728 - INFO - 	loaded 772/1038 of the data.
2026-06-26 21:50:29,841 - INFO - 	loaded 773/1038 of the data.
2026-06-26 21:50:29,886 - INFO - 	loaded 774/1038 of the data.
2026-06-26 21:50:29,927 - INFO - 	loaded 775/1038 of the data.
2026-06-26 21:50:30,091 - INFO - 	loaded 776/1038 of the data.
2026-06-26 21:50:30,136 - INFO - 	loaded 777/1038 of the data.
2026-06-26 21:50:30,177 - INFO - 	loaded 778/1038 of the data.
2026-06-26 21:50:30,237 - INFO - 	loaded 779/1038 of the data.
2026-06-26 21:50:30,295 - INFO - 	loaded 780/1038 of the data.
2026-06-26 21:50:30,342 - INFO - 	loaded 781/1038 of the data.
2026-06-26 21:50:30,384 - INFO - 	loaded 782/1038 of the data.
2026-06-26 21:50:30,420 - INFO - 	loaded 783/1038 of the data.
2026-06-26 21:50:30,458 - INFO - 	loaded 784/1038 of the data.
2026-06-26 21:50:30,496 - INFO - 	loaded 785/1038 of the data.
2026-06-26 21:50:30,538 - INFO - 	loaded 786/1038 of the data.
2026-06-26 21:50:30,583 - INFO - 	loaded 787/1038 of the data.
2026-06-26 21:50:30,621 - INFO - 	loaded 788/1038 of the data.
2026-06-26 21:50:30,664 - INFO - 	loaded 789/1038 of the data.
2026-06-26 21:50:30,705 - INFO - 	loaded 790/1038 of the data.
2026-06-26 21:50:30,747 - INFO - 	loaded 791/1038 of the data.
2026-06-26 21:50:30,795 - INFO - 	loaded 792/1038 of the data.
2026-06-26 21:50:30,830 - INFO - 	loaded 793/1038 of the data.
2026-06-26 21:50:30,868 - INFO - 	loaded 794/1038 of the data.
2026-06-26 21:50:31,026 - INFO - 	loaded 795/1038 of the data.
2026-06-26 21:50:31,066 - INFO - 	loaded 796/1038 of the data.
2026-06-26 21:50:31,109 - INFO - 	loaded 797/1038 of the data.
2026-06-26 21:50:31,268 - INFO - 	loaded 798/1038 of the data.
2026-06-26 21:50:31,318 - INFO - 	loaded 799/1038 of the data.
2026-06-26 21:50:31,374 - INFO - 	loaded 800/1038 of the data.
2026-06-26 21:50:31,444 - INFO - 	loaded 801/1038 of the data.
2026-06-26 21:50:31,519 - INFO - 	loaded 802/1038 of the data.
2026-06-26 21:50:31,569 - INFO - 	loaded 803/1038 of the data.
2026-06-26 21:50:31,608 - INFO - 	loaded 804/1038 of the data.
2026-06-26 21:50:31,688 - INFO - 	loaded 805/1038 of the data.
2026-06-26 21:50:31,762 - INFO - 	loaded 806/1038 of the data.
2026-06-26 21:50:31,823 - INFO - 	loaded 807/1038 of the data.
2026-06-26 21:50:31,861 - INFO - 	loaded 808/1038 of the data.
2026-06-26 21:50:31,909 - INFO - 	loaded 809/1038 of the data.
2026-06-26 21:50:31,959 - INFO - 	loaded 810/1038 of the data.
2026-06-26 21:50:32,066 - INFO - 	loaded 811/1038 of the data.
2026-06-26 21:50:32,110 - INFO - 	loaded 812/1038 of the data.
2026-06-26 21:50:32,149 - INFO - 	loaded 813/1038 of the data.
2026-06-26 21:50:32,189 - INFO - 	loaded 814/1038 of the data.
2026-06-26 21:50:32,336 - INFO - 	loaded 815/1038 of the data.
2026-06-26 21:50:32,370 - INFO - 	loaded 816/1038 of the data.
2026-06-26 21:50:32,407 - INFO - 	loaded 817/1038 of the data.
2026-06-26 21:50:32,448 - INFO - 	loaded 818/1038 of the data.
2026-06-26 21:50:32,599 - INFO - 	loaded 819/1038 of the data.
2026-06-26 21:50:32,638 - INFO - 	loaded 820/1038 of the data.
2026-06-26 21:50:32,684 - INFO - 	loaded 821/1038 of the data.
2026-06-26 21:50:32,726 - INFO - 	loaded 822/1038 of the data.
2026-06-26 21:50:32,896 - INFO - 	loaded 823/1038 of the data.
2026-06-26 21:50:32,940 - INFO - 	loaded 824/1038 of the data.
2026-06-26 21:50:32,988 - INFO - 	loaded 825/1038 of the data.
2026-06-26 21:50:33,039 - INFO - 	loaded 826/1038 of the data.
2026-06-26 21:50:33,222 - INFO - 	loaded 827/1038 of the data.
2026-06-26 21:50:33,300 - INFO - 	loaded 828/1038 of the data.
2026-06-26 21:50:33,364 - INFO - 	loaded 829/1038 of the data.
2026-06-26 21:50:33,402 - INFO - 	loaded 830/1038 of the data.
2026-06-26 21:50:33,438 - INFO - 	loaded 831/1038 of the data.
2026-06-26 21:50:33,481 - INFO - 	loaded 832/1038 of the data.
2026-06-26 21:50:33,518 - INFO - 	loaded 833/1038 of the data.
2026-06-26 21:50:33,554 - INFO - 	loaded 834/1038 of the data.
2026-06-26 21:50:33,591 - INFO - 	loaded 835/1038 of the data.
2026-06-26 21:50:33,635 - INFO - 	loaded 836/1038 of the data.
2026-06-26 21:50:33,725 - INFO - 	loaded 837/1038 of the data.
2026-06-26 21:50:33,777 - INFO - 	loaded 838/1038 of the data.
2026-06-26 21:50:33,817 - INFO - 	loaded 839/1038 of the data.
2026-06-26 21:50:33,870 - INFO - 	loaded 840/1038 of the data.
2026-06-26 21:50:33,934 - INFO - 	loaded 841/1038 of the data.
2026-06-26 21:50:34,000 - INFO - 	loaded 842/1038 of the data.
2026-06-26 21:50:34,043 - INFO - 	loaded 843/1038 of the data.
2026-06-26 21:50:34,084 - INFO - 	loaded 844/1038 of the data.
2026-06-26 21:50:34,140 - INFO - 	loaded 845/1038 of the data.
2026-06-26 21:50:34,182 - INFO - 	loaded 846/1038 of the data.
2026-06-26 21:50:34,223 - INFO - 	loaded 847/1038 of the data.
2026-06-26 21:50:34,262 - INFO - 	loaded 848/1038 of the data.
2026-06-26 21:50:34,303 - INFO - 	loaded 849/1038 of the data.
2026-06-26 21:50:34,338 - INFO - 	loaded 850/1038 of the data.
2026-06-26 21:50:34,377 - INFO - 	loaded 851/1038 of the data.
2026-06-26 21:50:34,532 - INFO - 	loaded 852/1038 of the data.
2026-06-26 21:50:34,570 - INFO - 	loaded 853/1038 of the data.
2026-06-26 21:50:34,612 - INFO - 	loaded 854/1038 of the data.
2026-06-26 21:50:34,656 - INFO - 	loaded 855/1038 of the data.
2026-06-26 21:50:34,700 - INFO - 	loaded 856/1038 of the data.
2026-06-26 21:50:34,741 - INFO - 	loaded 857/1038 of the data.
2026-06-26 21:50:34,788 - INFO - 	loaded 858/1038 of the data.
2026-06-26 21:50:34,830 - INFO - 	loaded 859/1038 of the data.
2026-06-26 21:50:34,882 - INFO - 	loaded 860/1038 of the data.
2026-06-26 21:50:34,923 - INFO - 	loaded 861/1038 of the data.
2026-06-26 21:50:34,962 - INFO - 	loaded 862/1038 of the data.
2026-06-26 21:50:35,115 - INFO - 	loaded 863/1038 of the data.
2026-06-26 21:50:35,290 - INFO - 	loaded 864/1038 of the data.
2026-06-26 21:50:35,335 - INFO - 	loaded 865/1038 of the data.
2026-06-26 21:50:35,376 - INFO - 	loaded 866/1038 of the data.
2026-06-26 21:50:35,556 - INFO - 	loaded 867/1038 of the data.
2026-06-26 21:50:35,596 - INFO - 	loaded 868/1038 of the data.
2026-06-26 21:50:35,645 - INFO - 	loaded 869/1038 of the data.
2026-06-26 21:50:35,693 - INFO - 	loaded 870/1038 of the data.
2026-06-26 21:50:35,733 - INFO - 	loaded 871/1038 of the data.
2026-06-26 21:50:35,889 - INFO - 	loaded 872/1038 of the data.
2026-06-26 21:50:35,932 - INFO - 	loaded 873/1038 of the data.
2026-06-26 21:50:35,972 - INFO - 	loaded 874/1038 of the data.
2026-06-26 21:50:36,017 - INFO - 	loaded 875/1038 of the data.
2026-06-26 21:50:36,169 - INFO - 	loaded 876/1038 of the data.
2026-06-26 21:50:36,208 - INFO - 	loaded 877/1038 of the data.
2026-06-26 21:50:36,247 - INFO - 	loaded 878/1038 of the data.
2026-06-26 21:50:36,283 - INFO - 	loaded 879/1038 of the data.
2026-06-26 21:50:36,330 - INFO - 	loaded 880/1038 of the data.
2026-06-26 21:50:36,402 - INFO - 	loaded 881/1038 of the data.
2026-06-26 21:50:36,459 - INFO - 	loaded 882/1038 of the data.
2026-06-26 21:50:36,496 - INFO - 	loaded 883/1038 of the data.
2026-06-26 21:50:36,541 - INFO - 	loaded 884/1038 of the data.
2026-06-26 21:50:36,589 - INFO - 	loaded 885/1038 of the data.
2026-06-26 21:50:36,629 - INFO - 	loaded 886/1038 of the data.
2026-06-26 21:50:36,693 - INFO - 	loaded 887/1038 of the data.
2026-06-26 21:50:36,935 - INFO - 	loaded 888/1038 of the data.
2026-06-26 21:50:36,987 - INFO - 	loaded 889/1038 of the data.
2026-06-26 21:50:37,025 - INFO - 	loaded 890/1038 of the data.
2026-06-26 21:50:37,064 - INFO - 	loaded 891/1038 of the data.
2026-06-26 21:50:37,103 - INFO - 	loaded 892/1038 of the data.
2026-06-26 21:50:37,143 - INFO - 	loaded 893/1038 of the data.
2026-06-26 21:50:37,298 - INFO - 	loaded 894/1038 of the data.
2026-06-26 21:50:37,334 - INFO - 	loaded 895/1038 of the data.
2026-06-26 21:50:37,373 - INFO - 	loaded 896/1038 of the data.
2026-06-26 21:50:37,544 - INFO - 	loaded 897/1038 of the data.
2026-06-26 21:50:37,584 - INFO - 	loaded 898/1038 of the data.
2026-06-26 21:50:37,740 - INFO - 	loaded 899/1038 of the data.
2026-06-26 21:50:37,892 - INFO - 	loaded 900/1038 of the data.
2026-06-26 21:50:37,931 - INFO - 	loaded 901/1038 of the data.
2026-06-26 21:50:37,974 - INFO - 	loaded 902/1038 of the data.
2026-06-26 21:50:38,162 - INFO - 	loaded 903/1038 of the data.
2026-06-26 21:50:38,209 - INFO - 	loaded 904/1038 of the data.
2026-06-26 21:50:38,248 - INFO - 	loaded 905/1038 of the data.
2026-06-26 21:50:38,288 - INFO - 	loaded 906/1038 of the data.
2026-06-26 21:50:38,335 - INFO - 	loaded 907/1038 of the data.
2026-06-26 21:50:38,375 - INFO - 	loaded 908/1038 of the data.
2026-06-26 21:50:38,417 - INFO - 	loaded 909/1038 of the data.
2026-06-26 21:50:38,461 - INFO - 	loaded 910/1038 of the data.
2026-06-26 21:50:38,690 - INFO - 	loaded 911/1038 of the data.
2026-06-26 21:50:38,741 - INFO - 	loaded 912/1038 of the data.
2026-06-26 21:50:38,782 - INFO - 	loaded 913/1038 of the data.
2026-06-26 21:50:38,821 - INFO - 	loaded 914/1038 of the data.
2026-06-26 21:50:38,861 - INFO - 	loaded 915/1038 of the data.
2026-06-26 21:50:39,039 - INFO - 	loaded 916/1038 of the data.
2026-06-26 21:50:39,101 - INFO - 	loaded 917/1038 of the data.
2026-06-26 21:50:39,140 - INFO - 	loaded 918/1038 of the data.
2026-06-26 21:50:39,181 - INFO - 	loaded 919/1038 of the data.
2026-06-26 21:50:39,350 - INFO - 	loaded 920/1038 of the data.
2026-06-26 21:50:39,390 - INFO - 	loaded 921/1038 of the data.
2026-06-26 21:50:39,429 - INFO - 	loaded 922/1038 of the data.
2026-06-26 21:50:39,465 - INFO - 	loaded 923/1038 of the data.
2026-06-26 21:50:39,499 - INFO - 	loaded 924/1038 of the data.
2026-06-26 21:50:39,536 - INFO - 	loaded 925/1038 of the data.
2026-06-26 21:50:39,574 - INFO - 	loaded 926/1038 of the data.
2026-06-26 21:50:39,742 - INFO - 	loaded 927/1038 of the data.
2026-06-26 21:50:39,781 - INFO - 	loaded 928/1038 of the data.
2026-06-26 21:50:39,819 - INFO - 	loaded 929/1038 of the data.
2026-06-26 21:50:39,865 - INFO - 	loaded 930/1038 of the data.
2026-06-26 21:50:39,915 - INFO - 	loaded 931/1038 of the data.
2026-06-26 21:50:39,956 - INFO - 	loaded 932/1038 of the data.
2026-06-26 21:50:39,996 - INFO - 	loaded 933/1038 of the data.
2026-06-26 21:50:40,035 - INFO - 	loaded 934/1038 of the data.
2026-06-26 21:50:40,076 - INFO - 	loaded 935/1038 of the data.
2026-06-26 21:50:40,114 - INFO - 	loaded 936/1038 of the data.
2026-06-26 21:50:40,156 - INFO - 	loaded 937/1038 of the data.
2026-06-26 21:50:40,193 - INFO - 	loaded 938/1038 of the data.
2026-06-26 21:50:40,244 - INFO - 	loaded 939/1038 of the data.
2026-06-26 21:50:40,314 - INFO - 	loaded 940/1038 of the data.
2026-06-26 21:50:40,356 - INFO - 	loaded 941/1038 of the data.
2026-06-26 21:50:40,506 - INFO - 	loaded 942/1038 of the data.
2026-06-26 21:50:40,655 - INFO - 	loaded 943/1038 of the data.
2026-06-26 21:50:40,690 - INFO - 	loaded 944/1038 of the data.
2026-06-26 21:50:40,730 - INFO - 	loaded 945/1038 of the data.
2026-06-26 21:50:40,937 - INFO - 	loaded 946/1038 of the data.
2026-06-26 21:50:41,015 - INFO - 	loaded 947/1038 of the data.
2026-06-26 21:50:41,062 - INFO - 	loaded 948/1038 of the data.
2026-06-26 21:50:41,100 - INFO - 	loaded 949/1038 of the data.
2026-06-26 21:50:41,141 - INFO - 	loaded 950/1038 of the data.
2026-06-26 21:50:41,185 - INFO - 	loaded 951/1038 of the data.
2026-06-26 21:50:41,229 - INFO - 	loaded 952/1038 of the data.
2026-06-26 21:50:41,270 - INFO - 	loaded 953/1038 of the data.
2026-06-26 21:50:41,430 - INFO - 	loaded 954/1038 of the data.
2026-06-26 21:50:41,475 - INFO - 	loaded 955/1038 of the data.
2026-06-26 21:50:41,518 - INFO - 	loaded 956/1038 of the data.
2026-06-26 21:50:41,564 - INFO - 	loaded 957/1038 of the data.
2026-06-26 21:50:41,615 - INFO - 	loaded 958/1038 of the data.
2026-06-26 21:50:41,658 - INFO - 	loaded 959/1038 of the data.
2026-06-26 21:50:41,830 - INFO - 	loaded 960/1038 of the data.
2026-06-26 21:50:41,882 - INFO - 	loaded 961/1038 of the data.
2026-06-26 21:50:41,927 - INFO - 	loaded 962/1038 of the data.
2026-06-26 21:50:42,087 - INFO - 	loaded 963/1038 of the data.
2026-06-26 21:50:42,136 - INFO - 	loaded 964/1038 of the data.
2026-06-26 21:50:42,178 - INFO - 	loaded 965/1038 of the data.
2026-06-26 21:50:42,215 - INFO - 	loaded 966/1038 of the data.
2026-06-26 21:50:42,252 - INFO - 	loaded 967/1038 of the data.
2026-06-26 21:50:42,290 - INFO - 	loaded 968/1038 of the data.
2026-06-26 21:50:42,326 - INFO - 	loaded 969/1038 of the data.
2026-06-26 21:50:42,363 - INFO - 	loaded 970/1038 of the data.
2026-06-26 21:50:42,401 - INFO - 	loaded 971/1038 of the data.
2026-06-26 21:50:42,439 - INFO - 	loaded 972/1038 of the data.
2026-06-26 21:50:42,476 - INFO - 	loaded 973/1038 of the data.
2026-06-26 21:50:42,664 - INFO - 	loaded 974/1038 of the data.
2026-06-26 21:50:42,702 - INFO - 	loaded 975/1038 of the data.
2026-06-26 21:50:42,740 - INFO - 	loaded 976/1038 of the data.
2026-06-26 21:50:42,774 - INFO - 	loaded 977/1038 of the data.
2026-06-26 21:50:42,810 - INFO - 	loaded 978/1038 of the data.
2026-06-26 21:50:42,845 - INFO - 	loaded 979/1038 of the data.
2026-06-26 21:50:43,024 - INFO - 	loaded 980/1038 of the data.
2026-06-26 21:50:43,113 - INFO - 	loaded 981/1038 of the data.
2026-06-26 21:50:43,316 - INFO - 	loaded 982/1038 of the data.
2026-06-26 21:50:43,373 - INFO - 	loaded 983/1038 of the data.
2026-06-26 21:50:43,412 - INFO - 	loaded 984/1038 of the data.
2026-06-26 21:50:43,450 - INFO - 	loaded 985/1038 of the data.
2026-06-26 21:50:43,490 - INFO - 	loaded 986/1038 of the data.
2026-06-26 21:50:43,524 - INFO - 	loaded 987/1038 of the data.
2026-06-26 21:50:43,562 - INFO - 	loaded 988/1038 of the data.
2026-06-26 21:50:43,607 - INFO - 	loaded 989/1038 of the data.
2026-06-26 21:50:43,644 - INFO - 	loaded 990/1038 of the data.
2026-06-26 21:50:43,687 - INFO - 	loaded 991/1038 of the data.
2026-06-26 21:50:43,731 - INFO - 	loaded 992/1038 of the data.
2026-06-26 21:50:43,778 - INFO - 	loaded 993/1038 of the data.
2026-06-26 21:50:43,830 - INFO - 	loaded 994/1038 of the data.
2026-06-26 21:50:43,864 - INFO - 	loaded 995/1038 of the data.
2026-06-26 21:50:43,900 - INFO - 	loaded 996/1038 of the data.
2026-06-26 21:50:44,059 - INFO - 	loaded 997/1038 of the data.
2026-06-26 21:50:44,206 - INFO - 	loaded 998/1038 of the data.
2026-06-26 21:50:44,245 - INFO - 	loaded 999/1038 of the data.
2026-06-26 21:50:44,286 - INFO - 	loaded 1000/1038 of the data.
2026-06-26 21:50:44,327 - INFO - 	loaded 1001/1038 of the data.
2026-06-26 21:50:44,365 - INFO - 	loaded 1002/1038 of the data.
2026-06-26 21:50:44,403 - INFO - 	loaded 1003/1038 of the data.
2026-06-26 21:50:44,549 - INFO - 	loaded 1004/1038 of the data.
2026-06-26 21:50:44,591 - INFO - 	loaded 1005/1038 of the data.
2026-06-26 21:50:44,634 - INFO - 	loaded 1006/1038 of the data.
2026-06-26 21:50:44,680 - INFO - 	loaded 1007/1038 of the data.
2026-06-26 21:50:44,718 - INFO - 	loaded 1008/1038 of the data.
2026-06-26 21:50:44,757 - INFO - 	loaded 1009/1038 of the data.
2026-06-26 21:50:44,803 - INFO - 	loaded 1010/1038 of the data.
2026-06-26 21:50:44,954 - INFO - 	loaded 1011/1038 of the data.
2026-06-26 21:50:45,020 - INFO - 	loaded 1012/1038 of the data.
2026-06-26 21:50:45,198 - INFO - 	loaded 1013/1038 of the data.
2026-06-26 21:50:45,253 - INFO - 	loaded 1014/1038 of the data.
2026-06-26 21:50:45,295 - INFO - 	loaded 1015/1038 of the data.
2026-06-26 21:50:45,502 - INFO - 	loaded 1016/1038 of the data.
2026-06-26 21:50:45,675 - INFO - 	loaded 1017/1038 of the data.
2026-06-26 21:50:45,722 - INFO - 	loaded 1018/1038 of the data.
2026-06-26 21:50:45,778 - INFO - 	loaded 1019/1038 of the data.
2026-06-26 21:50:45,815 - INFO - 	loaded 1020/1038 of the data.
2026-06-26 21:50:45,856 - INFO - 	loaded 1021/1038 of the data.
2026-06-26 21:50:45,896 - INFO - 	loaded 1022/1038 of the data.
2026-06-26 21:50:45,941 - INFO - 	loaded 1023/1038 of the data.
2026-06-26 21:50:45,990 - INFO - 	loaded 1024/1038 of the data.
2026-06-26 21:50:46,030 - INFO - 	loaded 1025/1038 of the data.
2026-06-26 21:50:46,080 - INFO - 	loaded 1026/1038 of the data.
2026-06-26 21:50:46,115 - INFO - 	loaded 1027/1038 of the data.
2026-06-26 21:50:46,152 - INFO - 	loaded 1028/1038 of the data.
2026-06-26 21:50:46,190 - INFO - 	loaded 1029/1038 of the data.
2026-06-26 21:50:46,384 - INFO - 	loaded 1030/1038 of the data.
2026-06-26 21:50:46,427 - INFO - 	loaded 1031/1038 of the data.
2026-06-26 21:50:46,471 - INFO - 	loaded 1032/1038 of the data.
2026-06-26 21:50:46,678 - INFO - 	loaded 1033/1038 of the data.
2026-06-26 21:50:46,738 - INFO - 	loaded 1034/1038 of the data.
2026-06-26 21:50:46,784 - INFO - 	loaded 1035/1038 of the data.
2026-06-26 21:50:46,826 - INFO - 	loaded 1036/1038 of the data.
2026-06-26 21:50:46,864 - INFO - 	loaded 1037/1038 of the data.
2026-06-26 21:50:46,914 - INFO - 	loaded 1038/1038 of the data.
2026-06-26 21:50:46,914 - INFO - data of vitalsign table inserted.
2026-06-26 21:50:46,967 - INFO - table 'diagnosis' has no missing rows
2026-06-26 21:50:47,023 - INFO - table 'diagnosis' has no missing columns
2026-06-26 21:50:47,023 - INFO - checking subject_id, stay_id, icd_code, icd_title' of 'diagnosis' for nulls.
2026-06-26 21:50:47,068 - INFO - 	column 'subject_id' has no null values
2026-06-26 21:50:47,109 - INFO - 	column 'stay_id' has no null values
2026-06-26 21:50:47,150 - INFO - 	column 'icd_code' has no null values
2026-06-26 21:50:47,195 - INFO - 	column 'icd_title' has no null values
2026-06-26 21:50:47,405 - INFO - table 'edstays' has no missing rows
2026-06-26 21:50:47,448 - INFO - table 'edstays' has no missing columns
2026-06-26 21:50:47,448 - INFO - checking subject_id, stay_id, hadm_id' of 'edstays' for nulls.
2026-06-26 21:50:47,488 - INFO - 	column 'subject_id' has no null values
2026-06-26 21:50:47,652 - INFO - 	column 'stay_id' has no null values
2026-06-26 21:50:47,697 - WARNING - 	column 'hadm_id' has 50 null values
2026-06-26 21:50:47,752 - INFO - table 'medrecon' has no missing rows
2026-06-26 21:50:47,818 - INFO - table 'medrecon' has no missing columns
2026-06-26 21:50:47,819 - INFO - checking subject_id, stay_id' of 'medrecon' for nulls.
2026-06-26 21:50:47,855 - INFO - 	column 'subject_id' has no null values
2026-06-26 21:50:47,897 - INFO - 	column 'stay_id' has no null values
2026-06-26 21:50:47,950 - INFO - table 'pyxis' has no missing rows
2026-06-26 21:50:47,997 - INFO - table 'pyxis' has no missing columns
2026-06-26 21:50:47,998 - INFO - checking subject_id, stay_id' of 'pyxis' for nulls.
2026-06-26 21:50:48,037 - INFO - 	column 'subject_id' has no null values
2026-06-26 21:50:48,097 - INFO - 	column 'stay_id' has no null values
2026-06-26 21:50:48,162 - INFO - table 'triage' has no missing rows
2026-06-26 21:50:48,211 - INFO - table 'triage' has no missing columns
2026-06-26 21:50:48,212 - INFO - checking subject_id, stay_id' of 'triage' for nulls.
2026-06-26 21:50:48,259 - INFO - 	column 'subject_id' has no null values
2026-06-26 21:50:48,299 - INFO - 	column 'stay_id' has no null values
2026-06-26 21:50:48,341 - INFO - table 'vitalsign' has no missing rows
2026-06-26 21:50:48,385 - INFO - table 'vitalsign' has no missing columns
2026-06-26 21:50:48,385 - INFO - checking subject_id, stay_id' of 'vitalsign' for nulls.
2026-06-26 21:50:48,423 - INFO - 	column 'subject_id' has no null values
2026-06-26 21:50:48,462 - INFO - 	column 'stay_id' has no null values
